timestamp,station_id,temperature,pressure,humidity,anomaly_type,is_anomaly
2025-01-01 00:00:00,AWS_001,16.632804335375805,1004.09651192579,95.26326571410071,none,0
2025-01-01 01:00:00,AWS_001,17.416172843570227,1003.9787677800973,100.0,none,0
2025-01-01 02:00:00,AWS_001,18.21201854380532,1004.2584297381071,97.61296543066364,none,0
2025-01-01 03:00:00,AWS_001,19.07078454033116,1004.4220838793077,98.72287034576541,none,0
2025-01-01 04:00:00,AWS_001,19.711291716107343,1004.2670651291241,95.05987847808086,none,0
2025-01-01 05:00:00,AWS_001,21.971345543558307,1004.8182854907396,97.60110280201155,none,0
2025-01-01 06:00:00,AWS_001,23.37645275958708,1004.8694220500552,92.09828023758546,none,0
2025-01-01 07:00:00,AWS_001,24.930790868083193,1004.8983483876491,91.20546078534205,none,0
2025-01-01 08:00:00,AWS_001,26.393931548645863,1005.677423749437,93.25261504364423,none,0
2025-01-01 09:00:00,AWS_001,27.78030795445894,1005.349282264333,91.64792236937295,none,0
2025-01-01 10:00:00,AWS_001,29.1892941896466,1006.4935968730751,81.93520521689162,none,0
2025-01-01 11:00:00,AWS_001,28.646937526179844,1006.3920891932215,83.3962960558638,none,0
2025-01-01 12:00:00,AWS_001,29.114893871878817,1006.0926928655849,89.57000897006073,none,0
2025-01-01 13:00:00,AWS_001,29.593290382666382,1006.3500884006711,90.44444338949994,none,0
2025-01-01 14:00:00,AWS_001,27.757036753640786,1005.94937184133,94.42856021837721,none,0
2025-01-01 15:00:00,AWS_001,27.46898404979727,1005.9165503453095,90.04424949071092,none,0
2025-01-01 16:00:00,AWS_001,25.82050635854769,1005.3046045033433,87.24123785570434,none,0
2025-01-01 17:00:00,AWS_001,24.64118143351075,1005.6290786439655,90.16238555863482,none,0
2025-01-01 18:00:00,AWS_001,23.28614219934919,1004.6574788375733,94.06787618592763,none,0
2025-01-01 19:00:00,AWS_001,20.770933650014967,1004.4520834539447,95.39089605367991,none,0
2025-01-01 20:00:00,AWS_001,19.69934733406951,1005.2329878551944,97.04488586517397,none,0
2025-01-01 21:00:00,AWS_001,18.291562255377315,1004.3863811367546,100.0,none,0
2025-01-01 22:00:00,AWS_001,17.807856051676914,1003.7372266529364,91.3681474187489,none,0
2025-01-01 23:00:00,AWS_001,17.025410760286025,1004.089997043336,100.0,none,0
2025-01-02 00:00:00,AWS_001,17.70260731012168,1003.4260489764913,100.0,none,0
2025-01-02 01:00:00,AWS_001,17.05980443991572,1003.8174692662269,96.92841284476837,none,0
2025-01-02 02:00:00,AWS_001,18.586014978564453,1003.7071678267092,98.84833595315206,none,0
2025-01-02 03:00:00,AWS_001,18.691621404641484,1003.9615758049349,97.9644642863463,none,0
2025-01-02 04:00:00,AWS_001,20.20539631004495,1004.409527376414,94.3026632904568,none,0
2025-01-02 05:00:00,AWS_001,21.55992761657331,1004.8734830790154,89.7889855867134,none,0
2025-01-02 06:00:00,AWS_001,23.101589011625208,1005.3232240034237,92.89877534370802,none,0
2025-01-02 07:00:00,AWS_001,24.19910320048116,1005.260265957817,96.28291521753647,none,0
2025-01-02 08:00:00,AWS_001,26.231026343888445,1005.0942303893092,93.81773209390201,none,0
2025-01-02 09:00:00,AWS_001,27.49342205244225,1005.9456458525427,91.70917283726983,none,0
2025-01-02 10:00:00,AWS_001,28.38859753793732,1006.0927199472392,85.21327633395256,none,0
2025-01-02 11:00:00,AWS_001,29.14151927238758,1006.5697943427981,91.7575330324684,none,0
2025-01-02 12:00:00,AWS_001,28.76979273306337,1006.3235942825085,87.4379684977818,none,0
2025-01-02 13:00:00,AWS_001,28.774108105397584,1006.7606036499857,87.26263994459875,none,0
2025-01-02 14:00:00,AWS_001,28.029208620297467,1006.3831807426434,88.23160883027067,none,0
2025-01-02 15:00:00,AWS_001,26.658752857412722,1005.8054402515819,92.4464565868954,none,0
2025-01-02 16:00:00,AWS_001,26.24489642100557,1005.7659103196402,86.49996576958519,none,0
2025-01-02 17:00:00,AWS_001,24.396704809403804,1005.334972163168,91.1437926367756,none,0
2025-01-02 18:00:00,AWS_001,23.067004588019294,1005.6015186634686,93.01011180620912,none,0
2025-01-02 19:00:00,AWS_001,22.445194961158712,1004.4071811108234,93.70417088246094,none,0
2025-01-02 20:00:00,AWS_001,20.19043818503245,1004.364304318414,96.84560619568587,none,0
2025-01-02 21:00:00,AWS_001,18.898754094280388,1004.368506464585,93.23761855208936,none,0
2025-01-02 22:00:00,AWS_001,18.331971330377623,1003.6532559618297,92.70776840324993,none,0
2025-01-02 23:00:00,AWS_001,17.80165163752521,1004.1474816108359,96.91432892755932,none,0
2025-01-03 00:00:00,AWS_001,17.82394426936473,1003.3334772525608,95.18645830098882,none,0
2025-01-03 01:00:00,AWS_001,17.094763374847574,1004.2137055125928,98.34105416353182,none,0
2025-01-03 02:00:00,AWS_001,18.6212607780241,1004.0912723935264,99.34143317127328,none,0
2025-01-03 03:00:00,AWS_001,18.80398529029729,1004.1156786165452,95.52253107717927,none,0
2025-01-03 04:00:00,AWS_001,19.63601082277156,1004.4114196595348,99.4054531140645,none,0
2025-01-03 05:00:00,AWS_001,21.17496575662169,1004.3459258084374,90.86971827896261,none,0
2025-01-03 06:00:00,AWS_001,23.54271288923516,1005.2885713646932,94.67313488832062,none,0
2025-01-03 07:00:00,AWS_001,24.957645188585154,1005.5678680976193,92.49076253703427,none,0
2025-01-03 08:00:00,AWS_001,26.612866556970687,1005.2719801817728,91.28930073775594,none,0
2025-01-03 09:00:00,AWS_001,26.973913214762486,1005.9796496307038,89.64689768828032,none,0
2025-01-03 10:00:00,AWS_001,28.16038661932994,1006.0311809163534,84.31385185982238,none,0
2025-01-03 11:00:00,AWS_001,28.416768725067357,1006.1744050492714,85.59171190181696,none,0
2025-01-03 12:00:00,AWS_001,28.31021932310546,1005.8407431675579,86.51897897522879,none,0
2025-01-03 13:00:00,AWS_001,28.88893876145671,1006.7169288592848,87.6356303317322,none,0
2025-01-03 14:00:00,AWS_001,28.92999761158316,1006.3808245168975,87.50301094375735,none,0
2025-01-03 15:00:00,AWS_001,27.788403591129487,1005.70849065709,92.31675303831415,none,0
2025-01-03 16:00:00,AWS_001,25.790217229447364,1005.6410880152976,87.28269528539178,none,0
2025-01-03 17:00:00,AWS_001,25.121159376203384,1005.9072490616538,91.61106152124998,none,0
2025-01-03 18:00:00,AWS_001,22.870714319247373,1005.0279459303487,90.57881373366102,none,0
2025-01-03 19:00:00,AWS_001,21.67352706374487,1004.6798054116256,92.00960422019743,none,0
2025-01-03 20:00:00,AWS_001,20.43256584698177,1004.5705343939228,93.61124003403229,none,0
2025-01-03 21:00:00,AWS_001,18.69627136516048,1004.3919983056015,97.68319833382473,none,0
2025-01-03 22:00:00,AWS_001,17.55211760852235,1003.9591680363568,93.49293270195002,none,0
2025-01-03 23:00:00,AWS_001,17.566596376848633,1003.891540346758,96.2242372945679,none,0
2025-01-04 00:00:00,AWS_001,17.031608881582113,1004.1340772962943,96.50075518126269,none,0
2025-01-04 01:00:00,AWS_001,17.08638721925101,1003.7167869132726,95.97169970661527,none,0
2025-01-04 02:00:00,AWS_001,18.160431509782992,1003.7943934317273,91.71548144117598,none,0
2025-01-04 03:00:00,AWS_001,18.774428082803258,1004.1729104507979,97.72493780022343,none,0
2025-01-04 04:00:00,AWS_001,20.256397477346734,1003.8056380929778,93.57989550592539,none,0
2025-01-04 05:00:00,AWS_001,21.1642900217328,1004.3709663706866,91.0920388458004,none,0
2025-01-04 06:00:00,AWS_001,23.393257978067453,1005.118805597973,87.85465096896974,none,0
2025-01-04 07:00:00,AWS_001,24.278097027861758,1005.057072439041,94.37802681651489,none,0
2025-01-04 08:00:00,AWS_001,25.949792482432,1005.6838410384739,87.44008866628813,none,0
2025-01-04 09:00:00,AWS_001,26.5982453351271,1005.7510783812027,89.10302314483685,none,0
2025-01-04 10:00:00,AWS_001,28.764214013458517,1006.0259350321304,88.71705461232949,none,0
2025-01-04 11:00:00,AWS_001,28.937689571077883,1005.6844434663955,88.09124829771194,none,0
2025-01-04 12:00:00,AWS_001,29.290004588924543,1005.7105928366768,89.2582091940472,none,0
2025-01-04 13:00:00,AWS_001,28.219652016181886,1005.6512156533284,85.57949430263233,none,0
2025-01-04 14:00:00,AWS_001,28.362903146432853,1006.3944226432188,94.22732338867034,none,0
2025-01-04 15:00:00,AWS_001,27.190444797044755,1005.7242349914776,87.93469254182408,none,0
2025-01-04 16:00:00,AWS_001,26.584592991448954,1005.6474582447421,91.91534061579853,none,0
2025-01-04 17:00:00,AWS_001,24.030721320987876,1005.5303270470993,91.77347831442559,none,0
2025-01-04 18:00:00,AWS_001,23.247382198700475,1005.2517759657258,96.38104268447964,none,0
2025-01-04 19:00:00,AWS_001,21.97578764364893,1004.496664748176,94.70395068272374,none,0
2025-01-04 20:00:00,AWS_001,19.629778204881095,1003.8961796898435,96.43681584571914,none,0
2025-01-04 21:00:00,AWS_001,18.907952825109525,1003.9214170256245,92.25837984950033,none,0
2025-01-04 22:00:00,AWS_001,28.397244254588202,986.3771759768666,98.0,multivariate_inconsistent,1
2025-01-04 23:00:00,AWS_001,17.329146488090352,1003.6932561631793,100.0,none,0
2025-01-05 00:00:00,AWS_001,17.240930725077895,1003.7423368308329,97.27926381008454,none,0
2025-01-05 01:00:00,AWS_001,17.839145681017506,1003.2348985448451,98.11571917827604,none,0
2025-01-05 02:00:00,AWS_001,17.979283545022025,1003.7362032322508,96.23964973799,none,0
2025-01-05 03:00:00,AWS_001,18.589930617609262,1003.77078639812,100.0,none,0
2025-01-05 04:00:00,AWS_001,20.339038329095523,1004.6981600594323,91.8208072339823,none,0
2025-01-05 05:00:00,AWS_001,21.55704722122819,1004.3661597854131,92.2366867694764,none,0
2025-01-05 06:00:00,AWS_001,23.541265953237758,1004.416617569394,94.6320502092481,none,0
2025-01-05 07:00:00,AWS_001,24.420392203962546,1005.400937431589,94.78645399769978,none,0
2025-01-05 08:00:00,AWS_001,26.644407928774168,1005.9792400159263,89.73950177605933,none,0
2025-01-05 09:00:00,AWS_001,27.420200007456526,1006.0987905063696,89.75604271114015,none,0
2025-01-05 10:00:00,AWS_001,28.40348494455467,1006.2647945778459,88.55702794199966,none,0
2025-01-05 11:00:00,AWS_001,29.307618704710094,1006.3256479327978,88.79174273003025,none,0
2025-01-05 12:00:00,AWS_001,28.89891390894707,1006.2053780154214,88.35646630931521,none,0
2025-01-05 13:00:00,AWS_001,28.70232484121005,1006.1091258907549,84.81797156925745,none,0
2025-01-05 14:00:00,AWS_001,28.510740030714892,1005.7077629637473,84.42187103105219,none,0
2025-01-05 15:00:00,AWS_001,27.320734365515914,1005.9320940005218,88.63525847092778,none,0
2025-01-05 16:00:00,AWS_001,26.130749856289416,1005.9310703799644,89.8874895277601,none,0
2025-01-05 17:00:00,AWS_001,24.50318912569668,1005.5924468087753,91.542231713827,none,0
2025-01-05 18:00:00,AWS_001,22.98944140772041,1004.6183057348657,91.08647575758826,none,0
2025-01-05 19:00:00,AWS_001,21.904928706331702,1005.0190780634632,93.1525472041191,none,0
2025-01-05 20:00:00,AWS_001,20.897453115779857,1004.3348966601039,93.50085800755875,none,0
2025-01-05 21:00:00,AWS_001,18.318905355730628,1004.2828513922244,94.17454372017207,none,0
2025-01-05 22:00:00,AWS_001,18.523450446606308,1004.1815528862656,100.0,none,0
2025-01-05 23:00:00,AWS_001,17.614056108312376,1003.5588072543178,96.88590503729043,none,0
2025-01-06 00:00:00,AWS_001,17.596585276661465,1003.7268943181946,97.34042252133405,none,0
2025-01-06 01:00:00,AWS_001,17.390637543667097,1004.0210887395097,99.1716468265707,none,0
2025-01-06 02:00:00,AWS_001,17.624817754201818,1003.6502378347094,96.11404986090886,none,0
2025-01-06 03:00:00,AWS_001,18.792334742031812,1003.9818528597998,96.2625218048095,none,0
2025-01-06 04:00:00,AWS_001,19.744485580789537,1004.4856333398017,95.07481642224951,none,0
2025-01-06 05:00:00,AWS_001,20.894323000682185,1004.0952507364048,95.55367649056039,none,0
2025-01-06 06:00:00,AWS_001,23.08503768211631,1004.5030385850579,95.93443148156275,none,0
2025-01-06 07:00:00,AWS_001,24.77309549157351,1005.1289805036488,90.38326884336654,none,0
2025-01-06 08:00:00,AWS_001,26.004383709930867,1005.1584865101181,88.4555379906547,none,0
2025-01-06 09:00:00,AWS_001,27.435724845958283,1005.611979788382,91.02540991817874,none,0
2025-01-06 10:00:00,AWS_001,27.69458489649434,1006.4062768738183,88.28561833142902,none,0
2025-01-06 11:00:00,AWS_001,29.33584771727469,1006.2603505485864,89.78383431721062,none,0
2025-01-06 12:00:00,AWS_001,29.05481074585973,1006.4552749656018,88.18190404683234,none,0
2025-01-06 13:00:00,AWS_001,28.93032704785058,1005.8298091732611,89.09680415951291,none,0
2025-01-06 14:00:00,AWS_001,28.60115174412913,1006.2652194022708,92.42405795543897,none,0
2025-01-06 15:00:00,AWS_001,27.136160793352182,965.7962341578849,83.57801313403857,spike,1
2025-01-06 16:00:00,AWS_001,27.1574960358786,1005.959604711942,87.74986283833222,none,0
2025-01-06 17:00:00,AWS_001,25.172289425819397,1005.1367912051247,88.91596468528205,none,0
2025-01-06 18:00:00,AWS_001,23.61301458903046,1005.0884379692429,98.59833375885626,none,0
2025-01-06 19:00:00,AWS_001,21.628293111091697,1004.82642951104,97.66443290831012,none,0
2025-01-06 20:00:00,AWS_001,19.836614547152738,1004.9466936298741,100.0,none,0
2025-01-06 21:00:00,AWS_001,19.0788808349076,1004.3037921909867,93.9564886482226,none,0
2025-01-06 22:00:00,AWS_001,17.634079574843145,1003.7022529618591,99.22874621435903,none,0
2025-01-06 23:00:00,AWS_001,17.41986992272752,1003.9131051023613,88.53515885693518,none,0
2025-01-07 00:00:00,AWS_001,17.216456521368762,1004.3733911896533,97.80030906852261,none,0
2025-01-07 01:00:00,AWS_001,17.82144396330251,1003.6274984372291,94.55217502669585,frozen,1
2025-01-07 02:00:00,AWS_001,17.82144396330251,1003.6274984372291,94.55217502669585,frozen,1
2025-01-07 03:00:00,AWS_001,17.82144396330251,1003.6274984372291,94.55217502669585,frozen,1
2025-01-07 04:00:00,AWS_001,17.82144396330251,1003.6274984372291,94.55217502669585,frozen,1
2025-01-07 05:00:00,AWS_001,17.82144396330251,1003.6274984372291,94.55217502669585,frozen,1
2025-01-07 06:00:00,AWS_001,17.82144396330251,1003.6274984372291,94.55217502669585,frozen,1
2025-01-07 07:00:00,AWS_001,17.82144396330251,1003.6274984372291,94.55217502669585,frozen,1
2025-01-07 08:00:00,AWS_001,26.708623397328942,1005.5117908889705,84.97839796265512,none,0
2025-01-07 09:00:00,AWS_001,27.38129335464266,1005.7791745488109,89.75568929003927,none,0
2025-01-07 10:00:00,AWS_001,28.092979117485754,1006.1068268075486,90.39780757373266,none,0
2025-01-07 11:00:00,AWS_001,28.1392633978263,1006.2132104023322,88.04459945326471,none,0
2025-01-07 12:00:00,AWS_001,28.709679560785254,1005.9981448173231,85.30331491138851,none,0
2025-01-07 13:00:00,AWS_001,29.048110958609158,1006.0722831979133,86.65028121601921,none,0
2025-01-07 14:00:00,AWS_001,28.55834221957626,1005.5396958347031,86.02363867221905,none,0
2025-01-07 15:00:00,AWS_001,28.03657432771361,1005.9955643034099,94.81722860902394,none,0
2025-01-07 16:00:00,AWS_001,25.85018952174868,1005.6533362608194,86.46027676164537,none,0
2025-01-07 17:00:00,AWS_001,24.88134626373843,1005.9466182500894,93.47353150256195,none,0
2025-01-07 18:00:00,AWS_001,23.64792300613169,1004.7880937613841,89.02155713673359,none,0
2025-01-07 19:00:00,AWS_001,20.662774720927125,1004.5372717964743,92.41119663265681,none,0
2025-01-07 20:00:00,AWS_001,21.054852484087117,1004.1924307825668,93.51535331991505,none,0
2025-01-07 21:00:00,AWS_001,18.43387508278262,1004.0558777509801,98.08618670666814,none,0
2025-01-07 22:00:00,AWS_001,17.480419364927474,1004.1524455198215,99.50145692927943,none,0
2025-01-07 23:00:00,AWS_001,17.70961184855429,1004.15134997044,93.3668046389081,none,0
2025-01-08 00:00:00,AWS_001,17.297712774395812,1003.6820199582245,96.54577073907187,none,0
2025-01-08 01:00:00,AWS_001,17.82316318964017,1003.8046777723638,97.94743266131321,none,0
2025-01-08 02:00:00,AWS_001,18.197218183444328,1003.756118262703,97.71941752671526,none,0
2025-01-08 03:00:00,AWS_001,19.011937064089285,1004.4377776914123,97.09085024553647,none,0
2025-01-08 04:00:00,AWS_001,20.083600364724628,1004.083986504983,100.0,none,0
2025-01-08 05:00:00,AWS_001,21.271311703472755,1004.4535282347671,95.49331278752713,none,0
2025-01-08 06:00:00,AWS_001,23.37063754781133,1004.9711900441364,89.89631885545843,none,0
2025-01-08 07:00:00,AWS_001,23.919473872219715,1005.3365677469998,91.21550868310275,none,0
2025-01-08 08:00:00,AWS_001,26.062039711437478,1005.2051831120142,87.89960601529329,none,0
2025-01-08 09:00:00,AWS_001,27.691119186507365,1005.6769653072229,93.03192208567467,none,0
2025-01-08 10:00:00,AWS_001,27.871996830781793,1005.9574070270951,89.30671357225833,none,0
2025-01-08 11:00:00,AWS_001,29.269331366350237,1006.3209083626166,87.94970893026901,none,0
2025-01-08 12:00:00,AWS_001,,,,dropout,1
2025-01-08 13:00:00,AWS_001,,,,dropout,1
2025-01-08 14:00:00,AWS_001,,,,dropout,1
2025-01-08 15:00:00,AWS_001,,,,dropout,1
2025-01-08 16:00:00,AWS_001,26.396466683434046,1006.2205799645419,88.18954352121979,none,0
2025-01-08 17:00:00,AWS_001,24.592929412111502,1005.8270880564943,94.53070374977462,none,0
2025-01-08 18:00:00,AWS_001,23.96510958765157,1005.1984194602019,94.24499008623519,none,0
2025-01-08 19:00:00,AWS_001,22.1975015774378,1004.9845584484056,94.98987680810386,none,0
2025-01-08 20:00:00,AWS_001,20.54403638166503,1003.8731589928626,100.0,none,0
2025-01-08 21:00:00,AWS_001,19.45941768832722,1003.7844433966121,93.34629288141099,none,0
2025-01-08 22:00:00,AWS_001,18.470540219461373,1003.8662205080211,97.07889742060038,none,0
2025-01-08 23:00:00,AWS_001,16.794926975773237,1004.1030887352367,99.89708478357932,none,0
2025-01-09 00:00:00,AWS_001,18.161597563850428,1003.8397725780765,97.29005914670341,none,0
2025-01-09 01:00:00,AWS_001,16.770456043866837,1003.6550853995437,100.0,none,0
2025-01-09 02:00:00,AWS_001,18.03297950458887,1003.5960815308539,92.97706349758496,none,0
2025-01-09 03:00:00,AWS_001,18.45920513342203,1004.5516740274056,96.1019271490425,frozen,1
2025-01-09 04:00:00,AWS_001,18.45920513342203,1004.5516740274056,96.1019271490425,frozen,1
2025-01-09 05:00:00,AWS_001,18.45920513342203,1004.5516740274056,96.1019271490425,frozen,1
2025-01-09 06:00:00,AWS_001,18.45920513342203,1004.5516740274056,96.1019271490425,frozen,1
2025-01-09 07:00:00,AWS_001,18.45920513342203,1004.5516740274056,96.1019271490425,frozen,1
2025-01-09 08:00:00,AWS_001,18.45920513342203,1004.5516740274056,96.1019271490425,frozen,1
2025-01-09 09:00:00,AWS_001,18.45920513342203,1004.5516740274056,96.1019271490425,frozen,1
2025-01-09 10:00:00,AWS_001,18.45920513342203,1004.5516740274056,96.1019271490425,frozen,1
2025-01-09 11:00:00,AWS_001,29.55036069708948,1005.8847098558293,91.07962478440452,none,0
2025-01-09 12:00:00,AWS_001,29.08925994267745,1006.114838018634,85.85615047583634,none,0
2025-01-09 13:00:00,AWS_001,28.642283331067333,1005.8550452382534,85.3635387685258,none,0
2025-01-09 14:00:00,AWS_001,28.52049159775952,1006.4471911560375,89.55440275126519,none,0
2025-01-09 15:00:00,AWS_001,27.17908884300366,1006.0796167914093,88.68645473693452,none,0
2025-01-09 16:00:00,AWS_001,26.30934433630395,1005.6886725971538,91.2531127508968,none,0
2025-01-09 17:00:00,AWS_001,24.560118974876808,1005.3621780182966,91.86975249472647,none,0
2025-01-09 18:00:00,AWS_001,22.79313333038853,1004.9500401349048,93.14954022520605,none,0
2025-01-09 19:00:00,AWS_001,21.14255893323235,1004.8231893501307,91.97710986137191,none,0
2025-01-09 20:00:00,AWS_001,20.47747315053072,1004.6832589432113,92.24418042181131,none,0
2025-01-09 21:00:00,AWS_001,18.95286298202216,1004.3922355687226,94.58796403147815,none,0
2025-01-09 22:00:00,AWS_001,17.656324764011707,1003.9884772439667,100.0,none,0
2025-01-09 23:00:00,AWS_001,17.126728491856948,1004.1295246704475,95.44522447179959,none,0
2025-01-10 00:00:00,AWS_001,16.803421091771963,1003.8089300968254,94.95064245099957,none,0
2025-01-10 01:00:00,AWS_001,18.225054656808457,1003.1723628623196,100.0,none,0
2025-01-10 02:00:00,AWS_001,18.114399017222947,1004.3244029780037,99.91038574134305,none,0
2025-01-10 03:00:00,AWS_001,18.988425429742826,1004.0485756311476,98.29482972282915,none,0
2025-01-10 04:00:00,AWS_001,20.769392287822477,1004.258503469119,93.72644276927777,none,0
2025-01-10 05:00:00,AWS_001,21.346913852928004,1004.8769995246116,98.14368271860651,none,0
2025-01-10 06:00:00,AWS_001,22.720714466245767,1005.0168680611713,92.97422362693425,none,0
2025-01-10 07:00:00,AWS_001,24.510850806835045,1005.2387491404794,91.70409420715538,none,0
2025-01-10 08:00:00,AWS_001,26.229471914173896,1005.5953156816687,94.93088472704875,none,0
2025-01-10 09:00:00,AWS_001,27.321851078741236,1006.0775135028248,94.3260317322013,none,0
2025-01-10 10:00:00,AWS_001,28.219085831911368,1006.0888900762563,88.64131507949458,none,0
2025-01-10 11:00:00,AWS_001,29.0181196419329,1006.152637487808,93.07708802544207,none,0
2025-01-10 12:00:00,AWS_001,28.98328205505092,1005.8911437504213,87.79038112148575,none,0
2025-01-10 13:00:00,AWS_001,28.515486024503257,1006.4861899565891,87.89968583821448,none,0
2025-01-10 14:00:00,AWS_001,28.655045253273123,1005.7240665129355,83.20411732562728,none,0
2025-01-10 15:00:00,AWS_001,27.294226026752046,1005.6606750130412,92.10173375892381,none,0
2025-01-10 16:00:00,AWS_001,26.040619743361386,1005.76367536761,94.76158757662172,none,0
2025-01-10 17:00:00,AWS_001,24.91836563586675,1005.2227626234645,86.40624980654015,none,0
2025-01-10 18:00:00,AWS_001,23.32657273108172,1005.1464905526459,90.26844412521491,none,0
2025-01-10 19:00:00,AWS_001,21.154924153827064,1004.3751613723322,95.61447569905668,none,0
2025-01-10 20:00:00,AWS_001,19.86277760706068,1004.3888025011669,97.38213547252008,none,0
2025-01-10 21:00:00,AWS_001,18.354077556287436,1004.3962470768261,100.0,none,0
2025-01-10 22:00:00,AWS_001,17.478236482230724,1004.3602884661288,97.15084783794177,none,0
2025-01-10 23:00:00,AWS_001,17.484943454536623,1003.7836024744507,99.21014175830057,none,0
2025-01-11 00:00:00,AWS_001,16.96110857060025,1003.9027656732139,100.0,none,0
2025-01-11 01:00:00,AWS_001,16.983665923052147,1004.0074320150239,100.0,none,0
2025-01-11 02:00:00,AWS_001,17.42753334675636,1004.6348858807224,96.82669693030454,none,0
2025-01-11 03:00:00,AWS_001,19.423896019357517,1003.8965923946697,93.04121052377188,none,0
2025-01-11 04:00:00,AWS_001,19.99021814536583,1004.9182647762736,97.05859415669657,none,0
2025-01-11 05:00:00,AWS_001,21.699233150711773,1004.4642449748129,90.87062521572726,none,0
2025-01-11 06:00:00,AWS_001,23.126160414972755,1005.1332087312036,93.91588628589054,none,0
2025-01-11 07:00:00,AWS_001,24.329539262484758,1005.6809859595128,91.02841473910183,none,0
2025-01-11 08:00:00,AWS_001,26.332207641676664,1005.2638146308706,88.72653193216212,none,0
2025-01-11 09:00:00,AWS_001,27.45204848360583,1006.060242828217,89.69823406861495,none,0
2025-01-11 10:00:00,AWS_001,28.880751741847494,1005.5948076591809,88.84231174249209,none,0
2025-01-11 11:00:00,AWS_001,29.194182665271583,1006.3928960576577,83.70809722628296,none,0
2025-01-11 12:00:00,AWS_001,28.65622135594645,1006.2948584661692,89.49075828081448,none,0
2025-01-11 13:00:00,AWS_001,28.903085138376582,1006.7570129149443,81.6172932269853,none,0
2025-01-11 14:00:00,AWS_001,28.31034686478931,1006.1828557730479,91.95854579700774,none,0
2025-01-11 15:00:00,AWS_001,27.37102524343594,1006.0566493707121,83.51485132711741,none,0
2025-01-11 16:00:00,AWS_001,25.660198717930964,1005.5807887911112,93.22249209003122,none,0
2025-01-11 17:00:00,AWS_001,24.03876193013831,1005.7056220845537,88.95393374963305,none,0
2025-01-11 18:00:00,AWS_001,23.107528105813778,1004.8739061597032,87.61895595546528,none,0
2025-01-11 19:00:00,AWS_001,21.747086019897722,1004.4532469073264,90.48556464055667,none,0
2025-01-11 20:00:00,AWS_001,19.681666204476887,1004.4406401672547,99.49472158103177,none,0
2025-01-11 21:00:00,AWS_001,19.66621649730769,1004.3833088281766,95.45802880257806,none,0
2025-01-11 22:00:00,AWS_001,18.230269094501807,1004.1843168396097,95.91231435944995,none,0
2025-01-11 23:00:00,AWS_001,17.172110905915847,1003.8719829382726,100.0,none,0
2025-01-12 00:00:00,AWS_001,17.987562307384792,1003.7325569534896,100.0,none,0
2025-01-12 01:00:00,AWS_001,16.75876287424632,1003.4460689349802,100.0,none,0
2025-01-12 02:00:00,AWS_001,17.563726438713317,1003.590269137456,95.6263288234836,none,0
2025-01-12 03:00:00,AWS_001,18.492701989390095,1004.1742148628737,100.0,none,0
2025-01-12 04:00:00,AWS_001,20.639783598362158,1004.6494743243906,100.0,none,0
2025-01-12 05:00:00,AWS_001,21.317922081806376,1005.1984614446014,95.55863740906786,none,0
2025-01-12 06:00:00,AWS_001,23.465667863875918,1005.3789361098923,96.64294996311135,frozen,1
2025-01-12 07:00:00,AWS_001,23.465667863875918,1005.3789361098923,96.64294996311135,frozen,1
2025-01-12 08:00:00,AWS_001,23.465667863875918,1005.3789361098923,96.64294996311135,frozen,1
2025-01-12 09:00:00,AWS_001,23.465667863875918,1005.3789361098923,96.64294996311135,frozen,1
2025-01-12 10:00:00,AWS_001,23.465667863875918,1005.3789361098923,96.64294996311135,frozen,1
2025-01-12 11:00:00,AWS_001,23.465667863875918,1005.3789361098923,96.64294996311135,frozen,1
2025-01-12 12:00:00,AWS_001,23.465667863875918,1005.3789361098923,96.64294996311135,frozen,1
2025-01-12 13:00:00,AWS_001,28.620600846600844,1006.4185296325959,92.25724269916762,none,0
2025-01-12 14:00:00,AWS_001,28.64824866958355,1005.9608914299218,90.51284027697837,none,0
2025-01-12 15:00:00,AWS_001,27.229307932026792,1005.7989630651941,96.22347403085196,none,0
2025-01-12 16:00:00,AWS_001,26.930832420929956,1005.7038615503793,88.71224268199427,none,0
2025-01-12 17:00:00,AWS_001,25.289917826285198,1005.4708889274256,89.79445548113252,none,0
2025-01-12 18:00:00,AWS_001,22.521211316921292,1005.1324823543031,94.12999619936431,none,0
2025-01-12 19:00:00,AWS_001,21.694003346392005,1005.1034169583193,88.21970321199969,none,0
2025-01-12 20:00:00,AWS_001,20.128361106028663,1004.0390175765523,94.98114902968615,none,0
2025-01-12 21:00:00,AWS_001,19.806269682577902,1004.725789046493,93.95446340944058,none,0
2025-01-12 22:00:00,AWS_001,17.770844465580492,1003.9204728132798,96.38831512112591,none,0
2025-01-12 23:00:00,AWS_001,17.142442258568174,1003.6067802526529,100.0,none,0
2025-01-13 00:00:00,AWS_001,17.110238229473637,1004.2078382153646,98.59360266896648,none,0
2025-01-13 01:00:00,AWS_001,17.308828931182248,1003.2806367672525,98.66600129484729,none,0
2025-01-13 02:00:00,AWS_001,17.632522475494632,1004.0981531632623,96.07557927815427,none,0
2025-01-13 03:00:00,AWS_001,19.05255544696916,1003.5838915623951,93.72387319098429,none,0
2025-01-13 04:00:00,AWS_001,19.97800059911228,1004.7960119690034,92.1631046090403,none,0
2025-01-13 05:00:00,AWS_001,21.29966694433028,1004.5659020301497,90.24473469771937,none,0
2025-01-13 06:00:00,AWS_001,23.80475107761678,1005.9902537535282,100.0,none,0
2025-01-13 07:00:00,AWS_001,24.808712812629075,1005.0342583176978,93.46499766774765,none,0
2025-01-13 08:00:00,AWS_001,25.773779696485683,1006.1603792493614,92.07713132027314,none,0
2025-01-13 09:00:00,AWS_001,26.883954672085736,1005.8543325299697,90.985413207331,none,0
2025-01-13 10:00:00,AWS_001,28.260459808208836,1006.0719841830057,91.02007550167171,none,0
2025-01-13 11:00:00,AWS_001,28.494717924365553,1006.0454126308449,93.48606742114417,none,0
2025-01-13 12:00:00,AWS_001,28.679065365932836,1006.0664297971542,93.0954476067451,none,0
2025-01-13 13:00:00,AWS_001,29.438020102180833,1006.1165445238511,86.50369085050342,none,0
2025-01-13 14:00:00,AWS_001,28.337665864789678,1006.5396235155871,89.69434568290345,none,0
2025-01-13 15:00:00,AWS_001,27.218877287321376,1006.1418291678639,90.97821071968671,none,0
2025-01-13 16:00:00,AWS_001,26.276949518021297,1005.8688097732869,88.65749763187117,none,0
2025-01-13 17:00:00,AWS_001,24.53027602797589,1005.0684003745339,89.62991276493815,none,0
2025-01-13 18:00:00,AWS_001,23.234633968297544,1005.1096240189282,87.41610187973266,none,0
2025-01-13 19:00:00,AWS_001,22.378252884672982,1004.9759290591303,100.0,none,0
2025-01-13 20:00:00,AWS_001,20.19436182475303,1004.1276997578411,96.91454262951486,none,0
2025-01-13 21:00:00,AWS_001,18.721922934301183,1004.4621848744844,91.01714430323528,none,0
2025-01-13 22:00:00,AWS_001,17.555949856374472,1004.4196054617893,98.94295559014417,none,0
2025-01-13 23:00:00,AWS_001,17.668282407933688,1004.0048675272476,87.3706039651745,none,0
2025-01-14 00:00:00,AWS_001,17.142664303317055,1003.9042094191745,93.09504235930024,none,0
2025-01-14 01:00:00,AWS_001,17.57840425803446,1004.0758399044183,97.75178847967064,none,0
2025-01-14 02:00:00,AWS_001,17.369930155266232,1003.8116040600987,94.33042011964076,none,0
2025-01-14 03:00:00,AWS_001,18.816693511832813,1004.5478339471719,94.42635983393461,none,0
2025-01-14 04:00:00,AWS_001,20.253092514924983,1005.0494216821279,97.14301445215975,none,0
2025-01-14 05:00:00,AWS_001,21.873735233811708,1004.7328133712278,96.50560423390307,none,0
2025-01-14 06:00:00,AWS_001,23.319383007140242,1005.1573697409818,89.95691108569441,none,0
2025-01-14 07:00:00,AWS_001,24.659800423690903,1005.2662662017839,93.71685870294,none,0
2025-01-14 08:00:00,AWS_001,26.728377912036503,1005.5530501295485,88.91659731457861,none,0
2025-01-14 09:00:00,AWS_001,27.45102697901478,1005.7733935179781,87.83545161289913,none,0
2025-01-14 10:00:00,AWS_001,27.583423795881583,1005.8719352671851,92.00050371064377,none,0
2025-01-14 11:00:00,AWS_001,28.504773056683632,1006.5528076097229,89.47335859031985,none,0
2025-01-14 12:00:00,AWS_001,29.20018521089976,1006.1908205987211,87.8636673093091,none,0
2025-01-14 13:00:00,AWS_001,29.10764054315103,1006.1994430738333,88.107664795376,none,0
2025-01-14 14:00:00,AWS_001,27.884697534608474,1006.1548641907153,90.1808000747071,none,0
2025-01-14 15:00:00,AWS_001,26.981132877894204,1005.6326013517726,91.55461041427964,none,0
2025-01-14 16:00:00,AWS_001,26.37101963929289,1005.984966638165,92.89140065385953,none,0
2025-01-14 17:00:00,AWS_001,24.882539536329,1005.6549092398686,88.27709445143032,none,0
2025-01-14 18:00:00,AWS_001,23.374643957937593,1005.4985270778077,94.48775702820687,none,0
2025-01-14 19:00:00,AWS_001,21.960390841372654,1004.343316617835,97.26479568090066,none,0
2025-01-14 20:00:00,AWS_001,45.252787387355525,1004.5543684349656,97.47887631873729,spike,1
2025-01-14 21:00:00,AWS_001,18.671351462808737,1004.639594083952,91.93199068819573,none,0
2025-01-14 22:00:00,AWS_001,18.54521864472134,1003.5451379440267,97.3614117184719,none,0
2025-01-14 23:00:00,AWS_001,17.854386936207035,1003.768343652591,95.8643441328941,none,0
2025-01-15 00:00:00,AWS_001,17.92660856267031,1003.5291941322419,97.14388121377942,none,0
2025-01-15 01:00:00,AWS_001,17.63335864775149,1003.9490455321039,91.60041854594826,none,0
2025-01-15 02:00:00,AWS_001,18.10823649393502,1004.1577624589685,100.0,none,0
2025-01-15 03:00:00,AWS_001,19.10513000390329,1004.2991091528556,96.87173597773908,none,0
2025-01-15 04:00:00,AWS_001,20.38748517060956,1004.3622534641877,91.34161565114036,none,0
2025-01-15 05:00:00,AWS_001,20.97714439359097,1004.9217667348034,98.45712395026082,none,0
2025-01-15 06:00:00,AWS_001,23.208214498646985,1004.808794561088,92.98436862714865,none,0
2025-01-15 07:00:00,AWS_001,24.683659432217116,1005.7419304264396,92.14534987282941,none,0
2025-01-15 08:00:00,AWS_001,26.423221390925498,1005.6776402808852,94.77680275375988,none,0
2025-01-15 09:00:00,AWS_001,27.643818860655895,1005.356062339919,90.80704014037495,none,0
2025-01-15 10:00:00,AWS_001,28.347193480122282,1006.0835102766447,92.62844234704866,none,0
2025-01-15 11:00:00,AWS_001,28.89803925278089,1006.3759349281477,88.96333799647502,none,0
2025-01-15 12:00:00,AWS_001,28.745744258800116,1005.5236959182582,86.39944402246205,none,0
2025-01-15 13:00:00,AWS_001,29.18760863644316,1007.0111176238074,87.34829439638081,none,0
2025-01-15 14:00:00,AWS_001,28.28892255302076,1005.9415195955115,85.92152502072139,none,0
2025-01-15 15:00:00,AWS_001,27.383132519466447,1005.3739464329815,88.80209628081957,none,0
2025-01-15 16:00:00,AWS_001,32.52203769058729,1006.0979601367848,96.75039056465903,thermo_inconsistent,1
2025-01-15 17:00:00,AWS_001,25.25611662971656,1005.8902944605636,88.19537216553098,none,0
2025-01-15 18:00:00,AWS_001,23.15690409910245,1005.4200143318841,93.92204931222159,none,0
2025-01-15 19:00:00,AWS_001,22.40820813855624,1004.8735796612171,94.30605372528724,none,0
2025-01-15 20:00:00,AWS_001,20.57171216814126,1004.446925788943,93.61538785569327,none,0
2025-01-15 21:00:00,AWS_001,19.058932665742994,1004.8064738065681,99.69896215537831,none,0
2025-01-15 22:00:00,AWS_001,17.72406312505257,1004.2916918575955,94.84243971429429,none,0
2025-01-15 23:00:00,AWS_001,17.12718130193694,1003.4094080165602,100.0,none,0
2025-01-16 00:00:00,AWS_001,17.653098292272645,1004.2345108932004,92.49103970336519,none,0
2025-01-16 01:00:00,AWS_001,16.6942110539145,1004.3108671775086,99.66010787681905,none,0
2025-01-16 02:00:00,AWS_001,18.764249048655646,1003.5273417101045,94.36499669474189,none,0
2025-01-16 03:00:00,AWS_001,19.30589400461656,1003.7611530281565,95.11858237157561,none,0
2025-01-16 04:00:00,AWS_001,20.1292268724644,1004.8918067281945,97.92348697339578,none,0
2025-01-16 05:00:00,AWS_001,22.36714365884805,1004.7716513149783,90.4580928551576,none,0
2025-01-16 06:00:00,AWS_001,23.363918550678353,1004.9222038986044,97.94915662984862,none,0
2025-01-16 07:00:00,AWS_001,24.31702443493707,1005.2610540062469,92.94853470392678,none,0
2025-01-16 08:00:00,AWS_001,25.99557982154813,1006.0366307132413,93.31330353377558,none,0
2025-01-16 09:00:00,AWS_001,27.067875605262028,1005.8624004123164,87.70960828880126,none,0
2025-01-16 10:00:00,AWS_001,27.972870113437267,1005.8033069160986,92.20122264097641,none,0
2025-01-16 11:00:00,AWS_001,29.841201970193037,1006.438087941935,84.80499544269752,none,0
2025-01-16 12:00:00,AWS_001,29.300936443539683,1006.2548379109887,83.05361571778742,none,0
2025-01-16 13:00:00,AWS_001,28.981455607855477,1006.2960809611618,85.34637242115731,none,0
2025-01-16 14:00:00,AWS_001,28.776602383781256,1006.1807591425224,89.93599353292107,none,0
2025-01-16 15:00:00,AWS_001,27.734058642718935,1005.3398301588884,83.66042170405073,none,0
2025-01-16 16:00:00,AWS_001,25.982246169248967,1005.7084927075138,88.42961540136899,none,0
2025-01-16 17:00:00,AWS_001,24.407992125338446,1005.3922065777886,96.08777016578844,none,0
2025-01-16 18:00:00,AWS_001,22.466813279841507,1005.1981584062318,90.37981071697357,none,0
2025-01-16 19:00:00,AWS_001,22.076501848352407,1004.8874040850401,90.05371426367712,none,0
2025-01-16 20:00:00,AWS_001,20.153994832785134,1004.5859641695221,99.90845697933582,none,0
2025-01-16 21:00:00,AWS_001,19.375633100024494,1004.2785074264757,100.0,none,0
2025-01-16 22:00:00,AWS_001,18.06905219415175,1004.305130525612,99.35111164922253,none,0
2025-01-16 23:00:00,AWS_001,16.90983224956084,1003.9840494017682,96.61653389487415,none,0
2025-01-17 00:00:00,AWS_001,17.00934386167498,1004.3850473487959,100.0,none,0
2025-01-17 01:00:00,AWS_001,18.06500331758961,1003.8140829197661,100.0,none,0
2025-01-17 02:00:00,AWS_001,28.781334049831997,992.7668230276547,98.0,multivariate_inconsistent,1
2025-01-17 03:00:00,AWS_001,19.21916641869246,1004.7794315367712,99.73196659397976,none,0
2025-01-17 04:00:00,AWS_001,19.308157916946275,1004.6085607828179,98.74933763650218,none,0
2025-01-17 05:00:00,AWS_001,21.392418664056315,1004.764231132076,93.77770041193608,none,0
2025-01-17 06:00:00,AWS_001,23.65621138817804,1004.6912906867259,89.77385988481038,none,0
2025-01-17 07:00:00,AWS_001,24.058296680581417,1005.5442765496407,95.55943706426167,none,0
2025-01-17 08:00:00,AWS_001,26.701697671027986,1005.2681871420735,92.20392496503774,none,0
2025-01-17 09:00:00,AWS_001,27.319409604907843,1005.7543772629919,86.09343694086303,none,0
2025-01-17 10:00:00,AWS_001,28.23007350670105,1006.0772242956053,91.37516173453413,none,0
2025-01-17 11:00:00,AWS_001,29.658034806208978,1006.6525201656684,87.76883712904302,none,0
2025-01-17 12:00:00,AWS_001,29.080223036336566,1006.5969180752406,84.72030966130312,none,0
2025-01-17 13:00:00,AWS_001,29.53001121708178,1006.3650799605537,91.09115512686449,none,0
2025-01-17 14:00:00,AWS_001,28.336352358009353,1006.3359747664114,91.42450991353341,none,0
2025-01-17 15:00:00,AWS_001,27.697542476109938,1005.919196260394,88.33219597222072,none,0
2025-01-17 16:00:00,AWS_001,26.728375555724032,1005.9405054642492,90.44990197410304,none,0
2025-01-17 17:00:00,AWS_001,25.302012562177016,1005.4212865121468,90.162325815516,none,0
2025-01-17 18:00:00,AWS_001,23.21572611423667,1005.288071680212,89.96722250205924,none,0
2025-01-17 19:00:00,AWS_001,20.84392251298559,1004.9777128770679,92.90296644085709,none,0
2025-01-17 20:00:00,AWS_001,21.01873188303151,1003.8686428966269,98.39968383080681,none,0
2025-01-17 21:00:00,AWS_001,18.854725782425028,1003.7617009305416,99.23788420918429,none,0
2025-01-17 22:00:00,AWS_001,18.644325374346895,1003.2937804554862,99.04731723661592,none,0
2025-01-17 23:00:00,AWS_001,17.207341383153796,1003.2278607169997,98.87234568956117,none,0
2025-01-18 00:00:00,AWS_001,17.156356158580216,1003.7747386009222,96.71903220473857,none,0
2025-01-18 01:00:00,AWS_001,17.57693475387368,1003.9021911058898,99.26214788794734,none,0
2025-01-18 02:00:00,AWS_001,18.12449023578949,1004.4112457160193,97.66774994797925,none,0
2025-01-18 03:00:00,AWS_001,19.88286426494868,1004.9359416540757,93.63971348074867,none,0
2025-01-18 04:00:00,AWS_001,19.63915331293915,1004.3836280386805,94.69364091584227,none,0
2025-01-18 05:00:00,AWS_001,21.56413671357252,1005.203163298701,91.08658325893286,none,0
2025-01-18 06:00:00,AWS_001,23.448866766828342,1005.5525910583353,93.13707520402171,none,0
2025-01-18 07:00:00,AWS_001,25.069344706957175,1005.6318565913638,89.87674897846516,none,0
2025-01-18 08:00:00,AWS_001,26.355089196468462,1005.1667709546388,92.45859588409445,none,0
2025-01-18 09:00:00,AWS_001,27.663561839213756,965.6232853597644,93.52854138041332,spike,1
2025-01-18 10:00:00,AWS_001,28.95038620451035,1005.8540438339074,84.98029952694344,none,0
2025-01-18 11:00:00,AWS_001,28.91520913575562,1006.4066389017615,90.76730403247734,none,0
2025-01-18 12:00:00,AWS_001,29.119823545600568,1006.754272611284,89.15879628871737,none,0
2025-01-18 13:00:00,AWS_001,29.094574563013154,1005.9301359457414,89.11363247751248,none,0
2025-01-18 14:00:00,AWS_001,28.81983919292089,1005.9771258396705,85.18003118611455,none,0
2025-01-18 15:00:00,AWS_001,31.99171059029295,1007.1296899449086,98.0,thermo_inconsistent,1
2025-01-18 16:00:00,AWS_001,27.104134760546778,1005.856351796705,90.90337224598427,none,0
2025-01-18 17:00:00,AWS_001,24.753098350871458,1005.2042490031612,92.38634651265379,none,0
2025-01-18 18:00:00,AWS_001,23.090231800639526,1005.4941793872341,96.45997861034625,none,0
2025-01-18 19:00:00,AWS_001,21.65223850714623,1004.9635754697916,94.07012062872984,none,0
2025-01-18 20:00:00,AWS_001,19.90228166573864,1004.9131711581047,94.91256414153492,none,0
2025-01-18 21:00:00,AWS_001,18.726410665959584,1003.9973096313604,95.95311590474361,none,0
2025-01-18 22:00:00,AWS_001,18.019364957013256,1004.3610755786611,100.0,none,0
2025-01-18 23:00:00,AWS_001,17.740901756241843,1003.6403740557073,100.0,none,0
2025-01-19 00:00:00,AWS_001,17.641825608936525,1004.1722223430388,100.0,none,0
2025-01-19 01:00:00,AWS_001,17.393514156952506,1004.1431274424671,100.0,none,0
2025-01-19 02:00:00,AWS_001,18.032858049704785,1004.3441332507357,100.0,none,0
2025-01-19 03:00:00,AWS_001,19.288828000314332,1004.5483553293108,93.48196792422438,none,0
2025-01-19 04:00:00,AWS_001,19.587198167385317,1004.7529916468476,89.40084108798663,none,0
2025-01-19 05:00:00,AWS_001,21.727183800256494,1004.7223753978616,97.64899986399463,none,0
2025-01-19 06:00:00,AWS_001,23.774472845240062,1005.7120102403693,83.90866948885946,none,0
2025-01-19 07:00:00,AWS_001,25.56968102206825,1004.9583197393831,91.92944116400854,none,0
2025-01-19 08:00:00,AWS_001,26.2718100918939,1006.1511437511354,93.30405837051903,none,0
2025-01-19 09:00:00,AWS_001,27.041387626738683,1006.0537663944368,94.15104995968238,none,0
2025-01-19 10:00:00,AWS_001,28.305783420145094,1006.0891234103915,86.29780245649198,none,0
2025-01-19 11:00:00,AWS_001,29.651893621069217,1005.9784831086877,85.79165104516922,none,0
2025-01-19 12:00:00,AWS_001,30.173066923718906,1006.1910149230226,88.61175250070212,none,0
2025-01-19 13:00:00,AWS_001,29.085999781450614,1006.146772752626,90.74546770942277,none,0
2025-01-19 14:00:00,AWS_001,27.949506999960782,1005.4590052381168,85.47904876621726,none,0
2025-01-19 15:00:00,AWS_001,27.66406507635204,1006.1082441964169,90.85558086705386,none,0
2025-01-19 16:00:00,AWS_001,26.676019335010118,1005.251205461563,87.15062987178987,none,0
2025-01-19 17:00:00,AWS_001,25.27786096892587,1005.197114474745,92.84989473232983,none,0
2025-01-19 18:00:00,AWS_001,23.51261968568864,1004.6591265605862,91.97960969572651,none,0
2025-01-19 19:00:00,AWS_001,22.801863243584908,1005.4645379046053,93.46873516032434,none,0
2025-01-19 20:00:00,AWS_001,20.364796248324033,1004.5588945366432,96.5971658835773,none,0
2025-01-19 21:00:00,AWS_001,20.27588476934097,1004.4606238796122,94.73728998539957,none,0
2025-01-19 22:00:00,AWS_001,17.73956886076107,1004.1589006813284,99.00205608013242,none,0
2025-01-19 23:00:00,AWS_001,18.165224093055002,1004.0448936829879,95.07036537842112,none,0
2025-01-20 00:00:00,AWS_001,17.822751809130985,1003.9316512108023,96.66727247310689,none,0
2025-01-20 01:00:00,AWS_001,17.908215903510747,1003.7261958033346,93.60350520926869,none,0
2025-01-20 02:00:00,AWS_001,17.86596547708052,1004.6339683116225,97.92083655098352,none,0
2025-01-20 03:00:00,AWS_001,19.076384892444157,1004.5128084369367,93.51024114469294,none,0
2025-01-20 04:00:00,AWS_001,19.896230930681867,1004.2041586081808,95.41567322420194,none,0
2025-01-20 05:00:00,AWS_001,21.841237180187594,1004.9661299348242,95.1293988847423,none,0
2025-01-20 06:00:00,AWS_001,23.491851461448544,1004.9495183973277,90.68726311606427,none,0
2025-01-20 07:00:00,AWS_001,25.160961293245954,1005.075821424649,94.00972755937443,none,0
2025-01-20 08:00:00,AWS_001,25.890854637266006,1005.284791751534,90.58750142064987,none,0
2025-01-20 09:00:00,AWS_001,27.329530098353068,1005.8764677789746,94.42477626965155,none,0
2025-01-20 10:00:00,AWS_001,27.70667358839191,1005.7358688554084,88.66373300355671,none,0
2025-01-20 11:00:00,AWS_001,29.20225490450824,1006.0526256919386,89.50293157629928,none,0
2025-01-20 12:00:00,AWS_001,28.96221985622229,1006.3130943814101,86.6942538589765,none,0
2025-01-20 13:00:00,AWS_001,29.599297562544507,1005.899005269555,89.08071839724205,none,0
2025-01-20 14:00:00,AWS_001,28.359485899433228,1006.0755216553056,93.90824540420779,none,0
2025-01-20 15:00:00,AWS_001,27.82985103184508,1005.7328246322485,88.89404714268873,none,0
2025-01-20 16:00:00,AWS_001,26.228883096275418,1006.2530609368577,81.31044488061346,none,0
2025-01-20 17:00:00,AWS_001,24.924055568865253,1005.4314311555703,90.64231270279913,none,0
2025-01-20 18:00:00,AWS_001,23.29975868124,1005.590379021003,90.5854263893996,none,0
2025-01-20 19:00:00,AWS_001,21.351231044048273,1005.1868165953392,93.60783015802217,none,0
2025-01-20 20:00:00,AWS_001,20.729338848694837,1004.8479224359637,100.0,none,0
2025-01-20 21:00:00,AWS_001,18.790202845629125,1004.1370000367062,96.96534850653535,none,0
2025-01-20 22:00:00,AWS_001,18.704337206732998,1004.0533395511596,97.12732255033029,none,0
2025-01-20 23:00:00,AWS_001,16.59840134563575,1004.3787809673499,99.5827850419766,none,0
2025-01-21 00:00:00,AWS_001,17.185897435794534,1004.2653174354923,93.3084530845766,none,0
2025-01-21 01:00:00,AWS_001,17.92559107525925,1003.7293739180468,91.41441494207412,none,0
2025-01-21 02:00:00,AWS_001,18.533512823997835,1003.3014995263842,95.65531232097126,none,0
2025-01-21 03:00:00,AWS_001,18.361789223575624,1004.3483400980949,94.52478583980329,frozen,1
2025-01-21 04:00:00,AWS_001,18.361789223575624,1004.3483400980949,94.52478583980329,frozen,1
2025-01-21 05:00:00,AWS_001,18.361789223575624,1004.3483400980949,94.52478583980329,frozen,1
2025-01-21 06:00:00,AWS_001,18.361789223575624,1004.3483400980949,94.52478583980329,frozen,1
2025-01-21 07:00:00,AWS_001,18.361789223575624,1004.3483400980949,94.52478583980329,frozen,1
2025-01-21 08:00:00,AWS_001,26.071601183041718,1005.6565626036775,88.66749880593082,none,0
2025-01-21 09:00:00,AWS_001,27.707677595830848,1005.3890482208529,88.74470412298052,none,0
2025-01-21 10:00:00,AWS_001,28.812803657017454,1006.5631202487693,88.25974724369414,none,0
2025-01-21 11:00:00,AWS_001,29.58197663227578,1006.5152868921272,84.50610523416084,none,0
2025-01-21 12:00:00,AWS_001,29.357700537584748,1006.2422309189611,90.25113227146517,none,0
2025-01-21 13:00:00,AWS_001,28.855890385932373,1006.3776938868115,90.66208200090446,none,0
2025-01-21 14:00:00,AWS_001,28.88239036791757,1006.2373325157156,91.02653511370511,none,0
2025-01-21 15:00:00,AWS_001,27.082685753773553,1005.9939629741524,88.81272029271017,none,0
2025-01-21 16:00:00,AWS_001,26.11068838065182,1005.7411201645872,88.96209497204775,none,0
2025-01-21 17:00:00,AWS_001,24.691202048645728,1005.5764313975737,91.64173775556762,none,0
2025-01-21 18:00:00,AWS_001,23.393962133811392,1005.0357574943024,90.85081871991422,none,0
2025-01-21 19:00:00,AWS_001,21.91795964831304,1004.8419482623216,94.25490939903894,none,0
2025-01-21 20:00:00,AWS_001,21.19897831581184,1004.6397365123313,95.6023846563876,none,0
2025-01-21 21:00:00,AWS_001,19.41831410007249,1004.0603247390782,95.45465638997294,none,0
2025-01-21 22:00:00,AWS_001,18.595775065519785,1003.9548132302791,92.09613181866348,none,0
2025-01-21 23:00:00,AWS_001,17.454161581758417,1003.5980594584537,95.35575838832277,none,0
2025-01-22 00:00:00,AWS_001,16.98084153028688,1004.4274249220032,100.0,none,0
2025-01-22 01:00:00,AWS_001,17.472051783655075,1003.9035374567408,95.35689531723803,none,0
2025-01-22 02:00:00,AWS_001,18.01415057444664,1004.6689513463701,99.0796778599444,none,0
2025-01-22 03:00:00,AWS_001,20.011210079175406,1003.8815138503418,95.67641413973337,none,0
2025-01-22 04:00:00,AWS_001,21.015269233805814,1004.8822019881869,95.02956001979075,none,0
2025-01-22 05:00:00,AWS_001,22.219002677135585,1005.2446978923002,93.29229688609784,none,0
2025-01-22 06:00:00,AWS_001,23.395864870275037,1005.3974784087684,99.17503028417622,none,0
2025-01-22 07:00:00,AWS_001,24.463566433560377,1005.731724591864,91.23313856018443,none,0
2025-01-22 08:00:00,AWS_001,26.304091255472013,1006.3150171542726,86.33095649432033,none,0
2025-01-22 09:00:00,AWS_001,27.42598987388549,1006.6130871079102,95.85025008655745,none,0
2025-01-22 10:00:00,AWS_001,28.326918993353445,1005.9122578141312,83.4023547432752,none,0
2025-01-22 11:00:00,AWS_001,29.405579934130206,1005.7950454197289,86.03600504981618,none,0
2025-01-22 12:00:00,AWS_001,30.147699529297153,1005.8267647845947,88.34893619362929,none,0
2025-01-22 13:00:00,AWS_001,30.065266795600188,1006.2149059034688,88.84760987085178,none,0
2025-01-22 14:00:00,AWS_001,28.566525359551317,1006.0464313255577,87.09640276339005,none,0
2025-01-22 15:00:00,AWS_001,27.73382718222873,1005.9009339800026,92.92020701324688,none,0
2025-01-22 16:00:00,AWS_001,26.58188641317797,1005.6392889599474,90.56242675260702,none,0
2025-01-22 17:00:00,AWS_001,24.740913481665306,1005.5262828306002,86.4790743920042,none,0
2025-01-22 18:00:00,AWS_001,23.991462784104368,1005.1876024287036,92.35736264899641,none,0
2025-01-22 19:00:00,AWS_001,22.11905116763722,1005.0360803893078,88.40231039689132,none,0
2025-01-22 20:00:00,AWS_001,20.501363310192865,1004.2261330888887,98.5748506568058,none,0
2025-01-22 21:00:00,AWS_001,19.446494592290524,1004.3045691106189,94.29612319627499,none,0
2025-01-22 22:00:00,AWS_001,18.087459840360424,1004.3035250801179,95.58171568436445,none,0
2025-01-22 23:00:00,AWS_001,17.584658410333216,1004.5946175864683,99.79230964296771,none,0
2025-01-23 00:00:00,AWS_001,17.983001443819614,1004.1770933238062,98.79113617545237,none,0
2025-01-23 01:00:00,AWS_001,18.078612420988875,1003.957753011419,98.38453795238902,none,0
2025-01-23 02:00:00,AWS_001,18.347591119085973,1004.3217781850778,99.61757915226156,none,0
2025-01-23 03:00:00,AWS_001,18.661640679642517,1004.6326335221729,97.37264781042026,none,0
2025-01-23 04:00:00,AWS_001,21.482640793778987,1004.669688374084,91.53645040599854,none,0
2025-01-23 05:00:00,AWS_001,22.11969849491418,1004.8566360945966,96.88312585697213,none,0
2025-01-23 06:00:00,AWS_001,23.87681250254291,1005.0598447259491,91.03010444619976,none,0
2025-01-23 07:00:00,AWS_001,24.65676837665803,1005.1332630656507,93.51234865451312,none,0
2025-01-23 08:00:00,AWS_001,26.733536232405704,1005.9372384298426,93.18999173560937,none,0
2025-01-23 09:00:00,AWS_001,27.98485496745608,1005.6810326415911,91.55551924023592,none,0
2025-01-23 10:00:00,AWS_001,28.832228776748337,1006.3141864889866,92.77931163147714,none,0
2025-01-23 11:00:00,AWS_001,29.780513474579806,1006.0964413125095,88.34654818475767,none,0
2025-01-23 12:00:00,AWS_001,28.81289318682854,1006.2079669922459,92.19134660222218,none,0
2025-01-23 13:00:00,AWS_001,29.79792911463887,1006.467701512822,86.6285356349481,none,0
2025-01-23 14:00:00,AWS_001,28.558516216937974,1006.4652979699499,84.25219927523784,none,0
2025-01-23 15:00:00,AWS_001,27.56061430618471,1006.1192008781438,86.09956970963357,none,0
2025-01-23 16:00:00,AWS_001,26.513535481256493,1005.7657165713972,94.02183853219816,none,0
2025-01-23 17:00:00,AWS_001,25.247459140723514,1005.575620500333,90.37223551709441,none,0
2025-01-23 18:00:00,AWS_001,23.60461436000472,1005.6247979979511,92.57681072281,none,0
2025-01-23 19:00:00,AWS_001,21.818109660116086,1004.5712183024881,94.01193917922498,none,0
2025-01-23 20:00:00,AWS_001,20.764887161977466,1005.2038590155215,100.0,none,0
2025-01-23 21:00:00,AWS_001,20.43137683420674,1004.7322586170053,100.0,none,0
2025-01-23 22:00:00,AWS_001,18.605620088694586,1004.1649421573774,96.7118445602671,none,0
2025-01-23 23:00:00,AWS_001,17.586364842900938,1004.4419264248027,95.05509989137593,none,0
2025-01-24 00:00:00,AWS_001,18.022999664907587,1004.0760702881897,96.47095556302672,none,0
2025-01-24 01:00:00,AWS_001,18.098053809173578,1004.1065786861003,94.64855450870263,none,0
2025-01-24 02:00:00,AWS_001,18.025134239162213,1004.6071154796764,99.13265036956219,none,0
2025-01-24 03:00:00,AWS_001,19.79605098815773,1004.6532935720185,98.84983359329871,none,0
2025-01-24 04:00:00,AWS_001,19.985872160009404,1004.2088955937259,94.7480725858423,none,0
2025-01-24 05:00:00,AWS_001,22.18147695547664,1004.8879033224231,93.2032550399952,none,0
2025-01-24 06:00:00,AWS_001,24.288640990418006,1005.4982590184953,98.31727093311271,none,0
2025-01-24 07:00:00,AWS_001,24.609617577535662,1004.9949299557387,90.352719014467,none,0
2025-01-24 08:00:00,AWS_001,26.353124705580615,1005.7610255956266,95.49300016189004,none,0
2025-01-24 09:00:00,AWS_001,27.456356842030686,1005.3114057899081,93.38939441721627,none,0
2025-01-24 10:00:00,AWS_001,29.274432765956735,1006.7018242743874,90.74100110390701,none,0
2025-01-24 11:00:00,AWS_001,29.04831226897238,1006.4402265282122,87.30450953570441,none,0
2025-01-24 12:00:00,AWS_001,29.49788705165446,1006.5891344582459,86.91116907076379,none,0
2025-01-24 13:00:00,AWS_001,29.4930032393458,1006.568709305017,92.77498826891286,none,0
2025-01-24 14:00:00,AWS_001,29.12449277739182,1006.5001957456893,91.87156140992309,none,0
2025-01-24 15:00:00,AWS_001,28.059142195413862,1005.7161263363056,91.67672175909246,none,0
2025-01-24 16:00:00,AWS_001,26.14876424812291,1006.1444963704784,87.89014160185569,none,0
2025-01-24 17:00:00,AWS_001,24.27345749147147,1005.3171819723401,93.77234852228669,none,0
2025-01-24 18:00:00,AWS_001,23.90829093921304,1005.1623999475559,90.5764741373373,none,0
2025-01-24 19:00:00,AWS_001,21.987805141746414,1005.5430567490339,88.42357046887514,none,0
2025-01-24 20:00:00,AWS_001,20.77255385884904,1004.3888227719203,91.94483596470725,none,0
2025-01-24 21:00:00,AWS_001,19.030618962863805,1004.5561263443552,100.0,none,0
2025-01-24 22:00:00,AWS_001,18.316404611632404,1004.5233425063456,94.52189119633252,none,0
2025-01-24 23:00:00,AWS_001,18.275411863050408,1003.8233826057547,99.46823311658436,none,0
2025-01-25 00:00:00,AWS_001,16.925138701533136,1004.0836964345026,100.0,none,0
2025-01-25 01:00:00,AWS_001,17.642428516420726,1004.086185740277,97.62613124665484,none,0
2025-01-25 02:00:00,AWS_001,17.699371789344404,1004.3315803319762,98.52649070948374,none,0
2025-01-25 03:00:00,AWS_001,19.80905287693269,1004.7451149388826,94.9463530389602,none,0
2025-01-25 04:00:00,AWS_001,20.589387823569922,1004.8521603075303,94.57113390036045,none,0
2025-01-25 05:00:00,AWS_001,21.586074315777136,1005.1196375248085,95.27459265803691,none,0
2025-01-25 06:00:00,AWS_001,22.865614332410008,1004.6928117491653,91.27950029140125,none,0
2025-01-25 07:00:00,AWS_001,25.116008095514193,1005.5405284357879,89.89511924312494,none,0
2025-01-25 08:00:00,AWS_001,26.586215447912636,1006.2220813147364,86.36018338172222,none,0
2025-01-25 09:00:00,AWS_001,27.703754042015767,1006.0410317644789,92.11619016143153,none,0
2025-01-25 10:00:00,AWS_001,29.263693078012224,1006.2525185204549,87.6971823640967,none,0
2025-01-25 11:00:00,AWS_001,28.93003159858124,1006.618295213697,93.0316483987735,none,0
2025-01-25 12:00:00,AWS_001,29.843844704475558,1006.4178303547135,87.9847127676432,none,0
2025-01-25 13:00:00,AWS_001,29.939192219747586,1006.387877058285,90.20768452461365,none,0
2025-01-25 14:00:00,AWS_001,28.500134567912557,1006.3703055457132,89.55606615056968,drift,1
2025-01-25 15:00:00,AWS_001,28.780855978852667,1005.7243786698399,89.98840618613787,drift,1
2025-01-25 16:00:00,AWS_001,28.45286708080115,1005.9310485768661,88.15657464561255,drift,1
2025-01-25 17:00:00,AWS_001,26.499967234768402,1005.0705292944768,94.3159531610946,drift,1
2025-01-25 18:00:00,AWS_001,25.892485843551917,1005.096976629017,95.60502764677221,drift,1
2025-01-25 19:00:00,AWS_001,24.737075594691817,1004.4323039585239,91.10665328336066,drift,1
2025-01-25 20:00:00,AWS_001,24.65384372900855,1004.3539893702206,97.58352701980512,drift,1
2025-01-25 21:00:00,AWS_001,24.60920163778733,1004.1525462509492,89.90030783007624,drift,1
2025-01-25 22:00:00,AWS_001,22.9896837192868,1004.5412334702755,96.07928955015026,drift,1
2025-01-25 23:00:00,AWS_001,23.61298933728594,1004.3927530273363,97.65678904412012,drift,1
2025-01-26 00:00:00,AWS_001,25.126755145798203,1003.9981209532413,93.14729795505569,drift,1
2025-01-26 01:00:00,AWS_001,24.661102780348415,1003.9953572666169,96.41647944227613,drift,1
2025-01-26 02:00:00,AWS_001,26.414409115153656,1004.4381134079416,97.8909360492901,drift,1
2025-01-26 03:00:00,AWS_001,28.003592742214916,1003.961671806621,92.55790172237258,drift,1
2025-01-26 04:00:00,AWS_001,29.458078961222505,1004.8191426041122,94.55863186712389,drift,1
2025-01-26 05:00:00,AWS_001,32.122883819246965,1004.7803518325285,89.549486755886,drift,1
2025-01-26 06:00:00,AWS_001,34.11180061227638,1005.5733027334816,92.81256573677517,drift,1
2025-01-26 07:00:00,AWS_001,36.1263390616603,1005.8042186222702,93.86735218721273,drift,1
2025-01-26 08:00:00,AWS_001,38.155124809101814,1005.7679476012266,89.68039731491943,drift,1
2025-01-26 09:00:00,AWS_001,40.677356922632576,1006.1929587399503,88.88543040976015,drift,1
2025-01-26 10:00:00,AWS_001,41.8237397317448,1006.1477580575661,84.75073679627657,drift,1
2025-01-26 11:00:00,AWS_001,42.71274813015356,1005.8854026919151,91.46923385267537,drift,1
2025-01-26 12:00:00,AWS_001,43.66667422192962,1007.0751281049081,86.16548984059546,drift,1
2025-01-26 13:00:00,AWS_001,44.43890415495933,1006.682650358246,92.78924899653292,drift,1
2025-01-26 14:00:00,AWS_001,44.543349239661815,1006.5043438289698,86.51775203783428,drift,1
2025-01-26 15:00:00,AWS_001,43.50189694899565,1005.9875657423439,85.5281075613201,drift,1
2025-01-26 16:00:00,AWS_001,43.83439006337841,1005.7620689801678,93.0369943565411,drift,1
2025-01-26 17:00:00,AWS_001,42.194459093223344,1005.3080564028603,92.10073715825564,drift,1
2025-01-26 18:00:00,AWS_001,41.04992334851648,1005.6680555197869,91.81452579934974,drift,1
2025-01-26 19:00:00,AWS_001,40.74262975616526,1004.6534919837927,99.03574624491414,drift,1
2025-01-26 20:00:00,AWS_001,20.71789964323625,1004.5573592639436,85.1568699514667,none,0
2025-01-26 21:00:00,AWS_001,19.730576701398714,1004.2531804932881,93.09452338277552,none,0
2025-01-26 22:00:00,AWS_001,17.9294931285659,1003.6952491494629,99.40573078242458,none,0
2025-01-26 23:00:00,AWS_001,17.64532832956191,1003.7315794896529,100.0,none,0
2025-01-27 00:00:00,AWS_001,18.006361708072763,1004.7232510069855,95.31730721101897,none,0
2025-01-27 01:00:00,AWS_001,17.777281769334028,1004.3501177152683,100.0,none,0
2025-01-27 02:00:00,AWS_001,18.8542165470637,1003.9722355954366,99.89553635355432,none,0
2025-01-27 03:00:00,AWS_001,19.6171860519307,1004.2466800970401,90.589114408186,none,0
2025-01-27 04:00:00,AWS_001,19.998552148962474,1005.2022839031825,94.28571774474165,none,0
2025-01-27 05:00:00,AWS_001,21.72305530128358,1005.0007765699348,91.1853370553297,none,0
2025-01-27 06:00:00,AWS_001,23.958899011916365,1004.8850302226928,85.44363698397756,none,0
2025-01-27 07:00:00,AWS_001,24.187139339728553,1005.1811703391515,91.0380003437926,none,0
2025-01-27 08:00:00,AWS_001,26.943274330778284,1006.2823127168404,89.53514183928553,none,0
2025-01-27 09:00:00,AWS_001,27.785237466326283,1006.2895275168171,90.07931979867948,none,0
2025-01-27 10:00:00,AWS_001,28.451337682384047,1006.7784898755508,89.07201326111618,none,0
2025-01-27 11:00:00,AWS_001,30.316164920978466,1006.3793890143465,90.66429136616908,none,0
2025-01-27 12:00:00,AWS_001,29.257623038621922,1006.051647747726,93.14597029120634,none,0
2025-01-27 13:00:00,AWS_001,29.150205109161046,1006.3409691369565,88.88074140150344,none,0
2025-01-27 14:00:00,AWS_001,28.688811159283393,1006.5530239307195,89.56601543765872,none,0
2025-01-27 15:00:00,AWS_001,27.731211922923045,1006.5136679003703,89.57329407655034,none,0
2025-01-27 16:00:00,AWS_001,26.835713298157618,1006.2487362077111,93.35176699910443,none,0
2025-01-27 17:00:00,AWS_001,25.33728331800401,1005.8994897499266,93.95381988646673,none,0
2025-01-27 18:00:00,AWS_001,22.6618604647799,1004.9913156347707,93.79583316872088,none,0
2025-01-27 19:00:00,AWS_001,22.53968236830937,1005.3039206395272,87.82487084021899,none,0
2025-01-27 20:00:00,AWS_001,21.061056860938802,1004.7140011308387,92.4357302498969,none,0
2025-01-27 21:00:00,AWS_001,19.759239717828024,1004.3908395676003,97.18793442724684,none,0
2025-01-27 22:00:00,AWS_001,18.629827401078906,1004.2109116931011,95.12941048368012,none,0
2025-01-27 23:00:00,AWS_001,17.222411832647,1004.5741434513543,99.40159289749919,none,0
2025-01-28 00:00:00,AWS_001,17.936894913428677,1004.5690468859773,97.51644312113775,none,0
2025-01-28 01:00:00,AWS_001,17.654735550501353,1004.1913434267756,98.3643508743612,none,0
2025-01-28 02:00:00,AWS_001,18.009063082878214,1004.6069760765424,96.55495766086135,none,0
2025-01-28 03:00:00,AWS_001,19.41153323310903,1003.9921589371514,98.29476895017316,none,0
2025-01-28 04:00:00,AWS_001,20.903663736980885,1004.693429345331,100.0,none,0
2025-01-28 05:00:00,AWS_001,21.683945924053823,1004.348956492343,95.29776098492958,none,0
2025-01-28 06:00:00,AWS_001,23.211779774466436,1005.439794135545,92.39621682895424,none,0
2025-01-28 07:00:00,AWS_001,25.43431806639393,1005.9586016688148,96.06750517647717,none,0
2025-01-28 08:00:00,AWS_001,27.0580595806965,1006.2521995894031,86.75570975621002,none,0
2025-01-28 09:00:00,AWS_001,27.666574821954594,1006.4425427709823,88.86688264014273,none,0
2025-01-28 10:00:00,AWS_001,28.92592023566279,1006.6582570516365,86.07082325806014,none,0
2025-01-28 11:00:00,AWS_001,29.445768611487306,1006.0209701808789,87.59456531747185,none,0
2025-01-28 12:00:00,AWS_001,30.185943278435225,1006.397156695357,90.47094052770677,none,0
2025-01-28 13:00:00,AWS_001,29.55885881712558,1006.9628081873232,84.34555791097053,none,0
2025-01-28 14:00:00,AWS_001,28.122284941156618,1006.2574852698722,88.16744414853363,none,0
2025-01-28 15:00:00,AWS_001,27.55892007918187,1006.0217553931749,91.22026593954504,none,0
2025-01-28 16:00:00,AWS_001,27.149208721212208,1006.2339275324874,93.19099883050907,none,0
2025-01-28 17:00:00,AWS_001,25.754490734526346,1005.9413051963306,91.98286775776472,none,0
2025-01-28 18:00:00,AWS_001,24.18775634812919,1005.2994153773406,96.06667462859157,none,0
2025-01-28 19:00:00,AWS_001,22.020392825383407,1004.9081907858699,96.12190798916734,none,0
2025-01-28 20:00:00,AWS_001,20.30605156150772,1004.8446652865011,95.80395646759096,none,0
2025-01-28 21:00:00,AWS_001,19.70763438093729,1004.7632098521439,97.44349585003346,none,0
2025-01-28 22:00:00,AWS_001,18.417960820377957,1004.0576770927588,97.56466622043551,none,0
2025-01-28 23:00:00,AWS_001,17.770784672213807,1004.6653000385371,99.15600719516547,none,0
2025-01-29 00:00:00,AWS_001,17.392011728345803,1004.0700843211813,98.04981481283681,none,0
2025-01-29 01:00:00,AWS_001,18.01044450801347,1004.0041444770317,96.00190042455914,none,0
2025-01-29 02:00:00,AWS_001,18.114052419124302,1004.4788587380243,94.12687844131436,none,0
2025-01-29 03:00:00,AWS_001,19.266742149427603,1003.9848418881752,94.65047451407655,none,0
2025-01-29 04:00:00,AWS_001,21.461281134380467,1005.0322455104769,91.71694172872166,none,0
2025-01-29 05:00:00,AWS_001,22.089236708440893,1005.5133169022565,92.95949650405775,none,0
2025-01-29 06:00:00,AWS_001,24.174467965938394,1005.5275847291796,91.71500279189159,none,0
2025-01-29 07:00:00,AWS_001,25.319796434620514,1005.5599312774829,87.1796820089052,none,0
2025-01-29 08:00:00,AWS_001,26.847566467472777,1005.9165226858413,97.90253291820514,none,0
2025-01-29 09:00:00,AWS_001,27.997950952206256,1005.7871844400511,88.45118487038103,none,0
2025-01-29 10:00:00,AWS_001,29.77775286307304,1006.2910161456745,94.38725919068804,none,0
2025-01-29 11:00:00,AWS_001,29.63100360213511,1006.666685428423,86.3709434132401,none,0
2025-01-29 12:00:00,AWS_001,29.79946257904624,1006.8416403473827,83.66238138313196,none,0
2025-01-29 13:00:00,AWS_001,29.554388008845113,1006.4623364839573,88.70998930437275,none,0
2025-01-29 14:00:00,AWS_001,28.68932988031561,1006.6028908802338,90.76610470471248,none,0
2025-01-29 15:00:00,AWS_001,28.415772207505345,1006.4690026539085,83.38768043279089,none,0
2025-01-29 16:00:00,AWS_001,26.36896930336983,1006.2187385007517,87.12098091054867,none,0
2025-01-29 17:00:00,AWS_001,24.635850168902454,1005.4402737952676,84.71707644880276,none,0
2025-01-29 18:00:00,AWS_001,23.801307104803673,1005.401014335658,94.08463606020648,none,0
2025-01-29 19:00:00,AWS_001,22.328702285650422,1004.8664876134605,95.4014521406681,none,0
2025-01-29 20:00:00,AWS_001,20.223615448209213,1004.7153254650551,95.30977903285581,none,0
2025-01-29 21:00:00,AWS_001,19.57050981955157,1004.4740767454416,95.77244400500761,none,0
2025-01-29 22:00:00,AWS_001,18.50267232152362,1004.4059396530938,94.90742572232212,none,0
2025-01-29 23:00:00,AWS_001,17.263521443084944,1004.7393814904282,100.0,none,0
2025-01-30 00:00:00,AWS_001,16.851873652574103,1003.7014192643821,100.0,none,0
2025-01-30 01:00:00,AWS_001,18.05182471169294,1004.2591344839819,98.7077058228599,none,0
2025-01-30 02:00:00,AWS_001,18.51424724289328,1004.3768814347463,97.4264265550932,none,0
2025-01-30 03:00:00,AWS_001,19.804727200276385,1004.3312339158344,96.0649242305317,none,0
2025-01-30 04:00:00,AWS_001,20.172567397193,1004.638215156764,94.46887885575809,none,0
2025-01-30 05:00:00,AWS_001,22.634726561467364,1004.988384854239,96.84653944029937,none,0
2025-01-30 06:00:00,AWS_001,23.762962597391027,1005.4865742671503,90.75227769846809,none,0
2025-01-30 07:00:00,AWS_001,,,,dropout,1
2025-01-30 08:00:00,AWS_001,,,,dropout,1
2025-01-30 09:00:00,AWS_001,,,,dropout,1
2025-01-30 10:00:00,AWS_001,,,,dropout,1
2025-01-30 11:00:00,AWS_001,,,,dropout,1
2025-01-30 12:00:00,AWS_001,29.147188016972184,1006.5441280300171,92.32254188117653,none,0
2025-01-30 13:00:00,AWS_001,29.488792842104903,1006.3636552285772,82.72504037885462,none,0
2025-01-30 14:00:00,AWS_001,28.336812607128355,1006.3187441465527,93.82958441848633,none,0
2025-01-30 15:00:00,AWS_001,27.543546987546705,1006.2126613699568,86.2987642772417,none,0
2025-01-30 16:00:00,AWS_001,26.00746405809777,1005.739527056083,88.69549175738106,none,0
2025-01-30 17:00:00,AWS_001,25.600644194921955,1005.8574513317653,90.21059265523937,none,0
2025-01-30 18:00:00,AWS_001,23.693808004774358,1005.3074404767729,92.31713519205576,none,0
2025-01-30 19:00:00,AWS_001,22.676548342125322,1005.2758116310237,90.9920593608671,none,0
2025-01-30 20:00:00,AWS_001,20.512984211826936,1005.116038326806,91.96276171062776,none,0
2025-01-30 21:00:00,AWS_001,19.343643989365994,1004.7145677393621,92.38830458605435,none,0
2025-01-30 22:00:00,AWS_001,18.262330624938972,1004.4393888858374,97.31505555599587,none,0
2025-01-30 23:00:00,AWS_001,17.56965156860313,1004.3514245377992,100.0,none,0
2025-01-31 00:00:00,AWS_001,18.447106853147286,1004.3493129309602,97.39770732504364,none,0
2025-01-31 01:00:00,AWS_001,16.825286593304547,1004.3826416524613,98.4852498698241,none,0
2025-01-31 02:00:00,AWS_001,19.0679035641309,1004.2877791552179,99.74673176803952,none,0
2025-01-31 03:00:00,AWS_001,19.982782641686374,1004.3104300563698,95.03499334531146,none,0
2025-01-31 04:00:00,AWS_001,20.572320718939256,1004.8117964237903,95.81323643341815,none,0
2025-01-31 05:00:00,AWS_001,22.261542377124762,1005.4800234269435,89.00469663583927,none,0
2025-01-31 06:00:00,AWS_001,24.388576706315714,1005.85874678382,94.30377244707437,none,0
2025-01-31 07:00:00,AWS_001,25.317831195517776,1005.967774718379,98.98968482397727,none,0
2025-01-31 08:00:00,AWS_001,25.933824897261886,1006.2935029491279,85.40325467354978,none,0
2025-01-31 09:00:00,AWS_001,27.726060157330124,1005.9709141714117,86.45338896139314,none,0
2025-01-31 10:00:00,AWS_001,29.48005355712973,1006.4820440024768,87.4024931144415,none,0
2025-01-31 11:00:00,AWS_001,29.17218061054666,1005.9706006523751,83.6160253679321,none,0
2025-01-31 12:00:00,AWS_001,30.263193793160585,1006.1526962276848,91.05762609004734,none,0
2025-01-31 13:00:00,AWS_001,29.392824642072746,1007.6316280441418,85.54340675031389,none,0
2025-01-31 14:00:00,AWS_001,29.26497845726141,1006.6128427659158,90.81594841511388,none,0
2025-01-31 15:00:00,AWS_001,27.80856482270955,1006.3275909807251,87.6967797256665,none,0
2025-01-31 16:00:00,AWS_001,26.501159152624368,1005.7725497067373,88.23613731351365,none,0
2025-01-31 17:00:00,AWS_001,25.203247945201305,1006.0459054193127,90.17432311281928,none,0
2025-01-31 18:00:00,AWS_001,22.922647080388966,1005.5844497996193,88.16585786525195,none,0
2025-01-31 19:00:00,AWS_001,22.464263096232248,1005.2321815652998,95.38174410933603,none,0
2025-01-31 20:00:00,AWS_001,19.913798708110185,1004.3799219808025,96.07094216683383,none,0
2025-01-31 21:00:00,AWS_001,19.516623924824078,1004.3989053938038,94.81215238499703,none,0
2025-01-31 22:00:00,AWS_001,18.14350156637958,1004.7355678418409,96.50558834051617,none,0
2025-01-31 23:00:00,AWS_001,18.136063425337557,1004.1989275969255,96.51397252313785,none,0
2025-02-01 00:00:00,AWS_001,18.303759120362635,1004.6867368321512,96.29940008569012,none,0
2025-02-01 01:00:00,AWS_001,18.005146683697905,1004.1823207750235,100.0,none,0
2025-02-01 02:00:00,AWS_001,18.474543131753094,1004.4357701778209,99.03114999616675,none,0
2025-02-01 03:00:00,AWS_001,19.6693485818968,1004.5337063189322,100.0,none,0
2025-02-01 04:00:00,AWS_001,20.987678189236355,1005.3705475857907,91.84205652317218,none,0
2025-02-01 05:00:00,AWS_001,22.601896245617947,1004.7499824231849,95.84928534202685,none,0
2025-02-01 06:00:00,AWS_001,23.61158287396763,1005.8194087666109,92.20512798022858,none,0
2025-02-01 07:00:00,AWS_001,25.832124021888127,1006.1205883711568,88.71864094937798,none,0
2025-02-01 08:00:00,AWS_001,26.394736238119016,1006.0090395521567,87.15615940017082,none,0
2025-02-01 09:00:00,AWS_001,27.989632248011063,1006.6851734999389,90.0088980507071,none,0
2025-02-01 10:00:00,AWS_001,29.908178211330878,1006.6047055331893,88.18095348554768,none,0
2025-02-01 11:00:00,AWS_001,29.695486776386353,1006.314559641106,90.62785879426151,none,0
2025-02-01 12:00:00,AWS_001,30.117441100647504,1006.3682868834801,89.32679338534314,none,0
2025-02-01 13:00:00,AWS_001,29.78381005933287,1006.2563169667411,87.86320563712324,frozen,1
2025-02-01 14:00:00,AWS_001,29.78381005933287,1006.2563169667411,87.86320563712324,frozen,1
2025-02-01 15:00:00,AWS_001,29.78381005933287,1006.2563169667411,87.86320563712324,frozen,1
2025-02-01 16:00:00,AWS_001,29.78381005933287,1006.2563169667411,87.86320563712324,frozen,1
2025-02-01 17:00:00,AWS_001,29.78381005933287,1006.2563169667411,87.86320563712324,frozen,1
2025-02-01 18:00:00,AWS_001,29.78381005933287,1006.2563169667411,87.86320563712324,frozen,1
2025-02-01 19:00:00,AWS_001,29.78381005933287,1006.2563169667411,87.86320563712324,frozen,1
2025-02-01 20:00:00,AWS_001,20.609346149498865,1005.1662242649807,85.99781846274982,none,0
2025-02-01 21:00:00,AWS_001,19.358264490438067,1004.7380664982375,96.80408846137274,none,0
2025-02-01 22:00:00,AWS_001,19.14859186754219,1004.696367771986,96.04237818735623,none,0
2025-02-01 23:00:00,AWS_001,18.271740248425967,1004.0512031733773,98.18621986261643,none,0
2025-02-02 00:00:00,AWS_001,18.48619554419636,1004.2043487107329,95.47528568609742,none,0
2025-02-02 01:00:00,AWS_001,18.15393525716883,1004.4137145013707,95.56152989430554,none,0
2025-02-02 02:00:00,AWS_001,18.20402557519371,1004.2987108895992,93.24794449279804,none,0
2025-02-02 03:00:00,AWS_001,19.513906977057374,1004.4943659801726,91.4254954484567,none,0
2025-02-02 04:00:00,AWS_001,20.731437498835206,1005.1301457401198,96.26835121891912,none,0
2025-02-02 05:00:00,AWS_001,22.16188826439034,1004.9129912361755,93.66810932531443,none,0
2025-02-02 06:00:00,AWS_001,24.158473716720632,1005.4547985691435,93.78310971742494,none,0
2025-02-02 07:00:00,AWS_001,24.694904411154305,1005.3292891877611,91.92792895714565,none,0
2025-02-02 08:00:00,AWS_001,26.795246691539344,1005.2086015661065,86.14190336688438,none,0
2025-02-02 09:00:00,AWS_001,28.7352613677836,1006.5079308002242,90.21039409281768,none,0
2025-02-02 10:00:00,AWS_001,28.601209411448206,1006.3565758568341,89.39504482325806,none,0
2025-02-02 11:00:00,AWS_001,29.95394270880329,1006.915772673884,88.71061540421643,none,0
2025-02-02 12:00:00,AWS_001,29.872373276930443,1006.719797641583,89.30087138583832,none,0
2025-02-02 13:00:00,AWS_001,28.992764216106984,1046.724563624825,89.72702769512627,spike,1
2025-02-02 14:00:00,AWS_001,28.68890725367857,1006.603691926415,93.33721612860332,none,0
2025-02-02 15:00:00,AWS_001,28.656134947481316,1006.0722607822107,84.95591791968837,none,0
2025-02-02 16:00:00,AWS_001,26.594441601704467,1006.1732096652833,91.1028940085022,drift,1
2025-02-02 17:00:00,AWS_001,25.856180812864327,1005.30998489626,87.89585548080436,drift,1
2025-02-02 18:00:00,AWS_001,24.644118300985376,1005.4285189882002,93.81115090823573,drift,1
2025-02-02 19:00:00,AWS_001,23.070516831271462,1004.5660747209703,89.94636316586096,drift,1
2025-02-02 20:00:00,AWS_001,22.94855633541176,1004.2220503537836,94.14269981849728,drift,1
2025-02-02 21:00:00,AWS_001,22.019497993500654,1004.4939205217024,90.93214832978487,drift,1
2025-02-02 22:00:00,AWS_001,21.260923221584243,1004.4422569651985,98.76207923869663,frozen,1
2025-02-02 23:00:00,AWS_001,21.260923221584243,1004.4422569651985,98.76207923869663,frozen,1
2025-02-03 00:00:00,AWS_001,21.260923221584243,1004.4422569651985,98.76207923869663,frozen,1
2025-02-03 01:00:00,AWS_001,21.260923221584243,1004.4422569651985,98.76207923869663,frozen,1
2025-02-03 02:00:00,AWS_001,23.081165639018604,1004.2781773889209,89.61269754762142,drift,1
2025-02-03 03:00:00,AWS_001,23.224534063976268,1004.7463725731709,97.93315354803093,drift,1
2025-02-03 04:00:00,AWS_001,26.10294371300394,1004.9567807099222,96.012829913005,drift,1
2025-02-03 05:00:00,AWS_001,22.47996641810425,1004.9251086475065,90.01173500078228,none,0
2025-02-03 06:00:00,AWS_001,24.087577927573843,1005.2432981227606,88.19199603999101,none,0
2025-02-03 07:00:00,AWS_001,25.45112715384588,1006.1162699429265,86.64717668921121,none,0
2025-02-03 08:00:00,AWS_001,26.500716159895337,1006.0016356459759,87.15394987572543,none,0
2025-02-03 09:00:00,AWS_001,27.800268636926656,1006.347555723739,87.37906460853677,none,0
2025-02-03 10:00:00,AWS_001,29.040590400609457,1006.6759988738526,84.23951141025775,none,0
2025-02-03 11:00:00,AWS_001,29.878497056651398,1006.6538742504321,90.78951830654366,none,0
2025-02-03 12:00:00,AWS_001,30.40503668487823,1006.0234241461233,86.8172430026206,none,0
2025-02-03 13:00:00,AWS_001,29.81836453177062,1006.9150149606783,84.58084763344637,none,0
2025-02-03 14:00:00,AWS_001,29.324896646638642,1006.6634151594129,81.95341409513995,none,0
2025-02-03 15:00:00,AWS_001,27.842309643266102,1006.2678873989018,88.7744662788426,none,0
2025-02-03 16:00:00,AWS_001,27.26703828789259,1006.1729713317766,88.97087379435831,none,0
2025-02-03 17:00:00,AWS_001,25.678052536502037,1006.0102054774419,93.50078871370219,none,0
2025-02-03 18:00:00,AWS_001,24.649210071087193,1005.8403047871325,87.51628406348262,none,0
2025-02-03 19:00:00,AWS_001,22.766981643994246,1005.1251577131573,91.58940901598972,none,0
2025-02-03 20:00:00,AWS_001,20.945798766679882,1004.5278557365424,99.65391448924963,none,0
2025-02-03 21:00:00,AWS_001,19.24427839754819,1004.8055384322474,94.5824676894756,none,0
2025-02-03 22:00:00,AWS_001,19.36993210426081,1003.8482988175739,95.20481876375966,none,0
2025-02-03 23:00:00,AWS_001,17.777654485433935,1004.8640386174761,100.0,none,0
2025-02-04 00:00:00,AWS_001,18.06858524617162,1004.1859066859628,98.33045453648417,none,0
2025-02-04 01:00:00,AWS_001,18.55553393907748,1003.8891771695074,93.67780262758403,none,0
2025-02-04 02:00:00,AWS_001,19.074257616205312,1004.3777561351474,97.24795935279727,none,0
2025-02-04 03:00:00,AWS_001,19.27405362034463,1004.239180197828,91.61176418555397,none,0
2025-02-04 04:00:00,AWS_001,20.557326779036636,1004.9899399600453,91.66266857952449,none,0
2025-02-04 05:00:00,AWS_001,22.85914318636039,1004.9638537765461,92.12467947841952,none,0
2025-02-04 06:00:00,AWS_001,24.230529667802596,1005.484866515359,94.72589966905356,none,0
2025-02-04 07:00:00,AWS_001,26.74518392651679,1006.3163935936149,89.84177400465975,none,0
2025-02-04 08:00:00,AWS_001,26.637961698292507,1006.7670182445476,91.8443204425112,none,0
2025-02-04 09:00:00,AWS_001,27.541494731628163,1006.4529907187291,89.8558664917882,none,0
2025-02-04 10:00:00,AWS_001,28.678341168377795,1006.3697628601008,88.5433840955034,none,0
2025-02-04 11:00:00,AWS_001,29.403844252206714,1006.7871576777941,88.66844384791854,none,0
2025-02-04 12:00:00,AWS_001,29.797497666684674,1006.8634658292639,87.73140443940378,none,0
2025-02-04 13:00:00,AWS_001,29.878979911223357,1006.0271843448253,90.47854268758238,none,0
2025-02-04 14:00:00,AWS_001,29.283140750800527,1006.2449314545217,88.50134877132561,none,0
2025-02-04 15:00:00,AWS_001,28.09511115604147,1006.2826929718852,91.7554212615614,none,0
2025-02-04 16:00:00,AWS_001,26.66329460997346,1006.5314738755037,90.66052900618804,none,0
2025-02-04 17:00:00,AWS_001,25.641799045262108,1006.0504571774873,84.5188898305008,none,0
2025-02-04 18:00:00,AWS_001,23.76790024037987,1005.8997638425611,91.48586619628435,none,0
2025-02-04 19:00:00,AWS_001,22.796324128397732,1004.8620741482513,94.28475171016284,none,0
2025-02-04 20:00:00,AWS_001,20.838288693153633,1004.9233436235522,94.8485286056704,none,0
2025-02-04 21:00:00,AWS_001,19.491773885714238,1004.5631859187432,96.92027741420566,none,0
2025-02-04 22:00:00,AWS_001,19.265906163314657,1004.5827890454404,95.23770291087692,none,0
2025-02-04 23:00:00,AWS_001,18.66815502997697,1004.8601385140021,93.12223729175075,none,0
2025-02-05 00:00:00,AWS_001,18.631158764720738,1004.594437613383,100.0,none,0
2025-02-05 01:00:00,AWS_001,17.81609547472125,1004.2183085248389,93.74969729401703,none,0
2025-02-05 02:00:00,AWS_001,19.19158906829348,1004.622045952745,100.0,none,0
2025-02-05 03:00:00,AWS_001,20.30806456274837,1005.1044465010591,95.53562821446462,none,0
2025-02-05 04:00:00,AWS_001,21.089266997135088,1005.1879702114338,90.02782510392649,none,0
2025-02-05 05:00:00,AWS_001,22.075317947654643,1005.2126773222201,96.17456695502564,none,0
2025-02-05 06:00:00,AWS_001,23.94331963713539,1005.8783593569569,87.30867523740778,none,0
2025-02-05 07:00:00,AWS_001,25.800619932727006,1005.5928940550493,90.68814963604018,none,0
2025-02-05 08:00:00,AWS_001,27.05028285805043,1005.9430602415066,87.7620372646332,none,0
2025-02-05 09:00:00,AWS_001,28.290572259736393,1006.6279777929102,83.98339051205431,none,0
2025-02-05 10:00:00,AWS_001,29.593230958740463,1006.6688274330355,87.81665059014617,none,0
2025-02-05 11:00:00,AWS_001,30.577433176734015,1006.4066892111769,83.71217402546064,none,0
2025-02-05 12:00:00,AWS_001,30.627689643283347,1006.7774398621916,89.3747321987995,none,0
2025-02-05 13:00:00,AWS_001,,,,dropout,1
2025-02-05 14:00:00,AWS_001,,,,dropout,1
2025-02-05 15:00:00,AWS_001,,,,dropout,1
2025-02-05 16:00:00,AWS_001,,,,dropout,1
2025-02-05 17:00:00,AWS_001,,,,dropout,1
2025-02-05 18:00:00,AWS_001,23.371284863375728,1005.3700811324676,86.97239100945909,none,0
2025-02-05 19:00:00,AWS_001,23.06146178550888,1005.2100457444119,93.04854393589112,none,0
2025-02-05 20:00:00,AWS_001,20.825934060549667,1005.2872088010702,99.41686382080407,none,0
2025-02-05 21:00:00,AWS_001,19.462018396716093,1004.3576238400843,97.3618003839261,none,0
2025-02-05 22:00:00,AWS_001,18.74681746497714,1004.1496738473024,93.75995420183024,none,0
2025-02-05 23:00:00,AWS_001,18.272808856491807,1004.4999044715632,90.21059478044187,none,0
2025-02-06 00:00:00,AWS_001,17.39766131313843,1003.8579912153067,96.53070441951667,none,0
2025-02-06 01:00:00,AWS_001,17.73027303149935,1005.0522853096808,95.2373534663286,none,0
2025-02-06 02:00:00,AWS_001,18.824930619817877,1004.3365636494412,98.15459416972895,none,0
2025-02-06 03:00:00,AWS_001,19.809755258508957,1004.8941984190149,96.011623298394,none,0
2025-02-06 04:00:00,AWS_001,20.425312441897603,1004.9037587030493,93.26665343063836,none,0
2025-02-06 05:00:00,AWS_001,23.40595404785737,1005.4751975746652,94.85752234678036,none,0
2025-02-06 06:00:00,AWS_001,24.50379349572784,1005.4773581906045,91.3093032557989,none,0
2025-02-06 07:00:00,AWS_001,25.81024169408246,1005.729499063011,97.06459362789928,none,0
2025-02-06 08:00:00,AWS_001,27.296742008823774,1006.0217033097559,87.63595840461825,none,0
2025-02-06 09:00:00,AWS_001,27.458050448024306,1006.8941022789913,89.71704049026945,none,0
2025-02-06 10:00:00,AWS_001,29.27468964539306,1006.7591687195633,82.43367868107273,none,0
2025-02-06 11:00:00,AWS_001,30.057717786932866,1006.6444284489742,89.04802634601768,none,0
2025-02-06 12:00:00,AWS_001,30.094898448087513,1006.785935376617,87.0906454077624,none,0
2025-02-06 13:00:00,AWS_001,29.983855920771887,1007.0465941688442,89.31691663408395,none,0
2025-02-06 14:00:00,AWS_001,29.488536212149853,1006.9373381645306,84.49991480744869,none,0
2025-02-06 15:00:00,AWS_001,28.912613260592444,1006.248617345486,86.28159462827779,none,0
2025-02-06 16:00:00,AWS_001,27.49468428857936,1005.7911081944401,87.28337846707778,none,0
2025-02-06 17:00:00,AWS_001,25.405501234320624,1006.1135972295489,89.12225051780526,none,0
2025-02-06 18:00:00,AWS_001,24.498942736456108,1005.7798682823549,87.65864492263081,none,0
2025-02-06 19:00:00,AWS_001,22.331924301886687,1005.4597074725108,95.41669197079197,none,0
2025-02-06 20:00:00,AWS_001,21.152794778770296,1005.3856283433339,91.48658958499401,none,0
2025-02-06 21:00:00,AWS_001,19.960842208030407,1004.4908197686626,95.0968794325416,none,0
2025-02-06 22:00:00,AWS_001,18.87234565435528,1004.5734922760364,100.0,none,0
2025-02-06 23:00:00,AWS_001,,,,dropout,1
2025-02-07 00:00:00,AWS_001,,,,dropout,1
2025-02-07 01:00:00,AWS_001,,,,dropout,1
2025-02-07 02:00:00,AWS_001,,,,dropout,1
2025-02-07 03:00:00,AWS_001,,,,dropout,1
2025-02-07 04:00:00,AWS_001,20.765495549664564,1005.1443854437687,100.0,none,0
2025-02-07 05:00:00,AWS_001,23.146054443676988,1005.4156949855884,95.61627488207135,none,0
2025-02-07 06:00:00,AWS_001,24.1565207136264,1005.6223077333609,91.20691362763377,none,0
2025-02-07 07:00:00,AWS_001,25.345979446536933,1005.4726550617235,94.47101697531362,none,0
2025-02-07 08:00:00,AWS_001,27.280712284162007,1006.060554574234,93.11582202422916,none,0
2025-02-07 09:00:00,AWS_001,28.394254515875552,1006.095484748286,86.20000937908843,none,0
2025-02-07 10:00:00,AWS_001,29.5162852183678,1006.9027501866261,91.99133925950518,none,0
2025-02-07 11:00:00,AWS_001,29.068056762932596,1006.4590626766625,87.51070182493707,none,0
2025-02-07 12:00:00,AWS_001,29.958268267208474,1006.526867502443,87.55148565033619,none,0
2025-02-07 13:00:00,AWS_001,29.504671089742633,1007.1534857339651,91.93638910884083,none,0
2025-02-07 14:00:00,AWS_001,29.878636922569594,1006.4667496498387,82.03041395298126,none,0
2025-02-07 15:00:00,AWS_001,28.652048647523788,1006.7445142114855,93.71606345158126,none,0
2025-02-07 16:00:00,AWS_001,27.011914474881667,1005.922849785773,89.19088064714902,none,0
2025-02-07 17:00:00,AWS_001,25.62404609108945,1006.4436803725193,87.84960659709711,none,0
2025-02-07 18:00:00,AWS_001,24.071991517726254,1005.9104995478252,92.44467141182635,none,0
2025-02-07 19:00:00,AWS_001,22.357030576266094,1005.0628274786278,99.62312212964329,none,0
2025-02-07 20:00:00,AWS_001,20.732714030184432,1004.357743699151,96.33506886744061,drift,1
2025-02-07 21:00:00,AWS_001,19.35532225063094,1005.4654529904142,96.97027871647498,drift,1
2025-02-07 22:00:00,AWS_001,19.379734969053168,1005.3990746402901,99.03928190875702,drift,1
2025-02-07 23:00:00,AWS_001,17.919118343343484,1005.2212451493821,96.24757996194198,drift,1
2025-02-08 00:00:00,AWS_001,18.295728267639813,1006.4359254930824,95.9116071838563,drift,1
2025-02-08 01:00:00,AWS_001,18.666160191669185,1006.3517169613924,95.82717765139863,drift,1
2025-02-08 02:00:00,AWS_001,19.153894749420616,1007.0212186270224,92.7428513627272,drift,1
2025-02-08 03:00:00,AWS_001,19.863018147936838,1007.9102887338755,99.33900647296927,drift,1
2025-02-08 04:00:00,AWS_001,21.36391307194029,1008.9023397394358,93.57950377801396,drift,1
2025-02-08 05:00:00,AWS_001,22.34217118729704,1008.2028888853647,94.63498610633188,drift,1
2025-02-08 06:00:00,AWS_001,23.73704299730071,1009.9279996494527,93.18879371472275,drift,1
2025-02-08 07:00:00,AWS_001,26.054346036095406,1009.9645784653475,90.68195251336458,drift,1
2025-02-08 08:00:00,AWS_001,27.392848501968764,1011.0980933883728,84.45740810348619,drift,1
2025-02-08 09:00:00,AWS_001,29.502252711274693,1011.0018918903795,88.69166510515869,drift,1
2025-02-08 10:00:00,AWS_001,30.667134309887395,1011.5706599708747,88.61308127519068,drift,1
2025-02-08 11:00:00,AWS_001,31.14704424373038,1012.3550793105788,87.86104668700618,drift,1
2025-02-08 12:00:00,AWS_001,32.6075442153337,1012.7716363839214,83.13465678273438,drift,1
2025-02-08 13:00:00,AWS_001,32.97885739793132,1012.9837943761474,89.27223317245144,drift,1
2025-02-08 14:00:00,AWS_001,33.72358529620817,1013.5794606448384,82.15766403887439,drift,1
2025-02-08 15:00:00,AWS_001,32.69035534778689,1006.426736043471,90.9705785745637,drift,1
2025-02-08 16:00:00,AWS_001,32.82494383306177,1006.2075032465547,88.81081606064969,drift,1
2025-02-08 17:00:00,AWS_001,31.765020466976058,1006.1458584353626,92.37774662305303,drift,1
2025-02-08 18:00:00,AWS_001,30.896924715924882,1005.776907801775,90.89405313506087,drift,1
2025-02-08 19:00:00,AWS_001,22.72491103522135,1005.1740812939165,100.0,none,0
2025-02-08 20:00:00,AWS_001,21.420961746936417,1004.9222723072152,96.07966388385294,none,0
2025-02-08 21:00:00,AWS_001,19.502994973081066,1004.9017588421682,94.02984126991878,none,0
2025-02-08 22:00:00,AWS_001,19.463868565355373,1004.8405049037663,97.40818960120403,none,0
2025-02-08 23:00:00,AWS_001,17.737715409054722,1004.132673644647,93.51341284748945,none,0
2025-02-09 00:00:00,AWS_001,17.897432400460893,1003.9254549274601,93.5569785322597,none,0
2025-02-09 01:00:00,AWS_001,18.095423549621827,1004.8518914901033,100.0,none,0
2025-02-09 02:00:00,AWS_001,19.288807432035867,1004.2787370962475,93.62124015004676,none,0
2025-02-09 03:00:00,AWS_001,19.616728687954307,1004.2199896855993,94.07748855393409,none,0
2025-02-09 04:00:00,AWS_001,21.893333579116536,1005.229081921257,98.28849731246923,none,0
2025-02-09 05:00:00,AWS_001,33.26154325788002,989.8255190568442,98.0,multivariate_inconsistent,1
2025-02-09 06:00:00,AWS_001,25.256106323401752,1005.2966859234393,89.95117155378725,none,0
2025-02-09 07:00:00,AWS_001,26.017534973977728,1005.8720940530767,90.86585157034565,none,0
2025-02-09 08:00:00,AWS_001,27.55707481866277,1006.552948842925,88.65888616643612,none,0
2025-02-09 09:00:00,AWS_001,28.600677197478884,1006.439413018539,86.95422045349945,none,0
2025-02-09 10:00:00,AWS_001,29.77082900975779,1006.8069366845415,88.21041350038291,none,0
2025-02-09 11:00:00,AWS_001,29.723753380754214,1006.6529194273087,86.55947889879639,none,0
2025-02-09 12:00:00,AWS_001,29.66440956981866,1006.9577096985073,87.0132953648465,none,0
2025-02-09 13:00:00,AWS_001,30.36897280642906,1006.7122633162386,85.72177566807156,none,0
2025-02-09 14:00:00,AWS_001,29.68771870578484,1006.7740798930498,91.13289940676596,none,0
2025-02-09 15:00:00,AWS_001,28.401013467794105,1006.343282112737,83.93537760858361,none,0
2025-02-09 16:00:00,AWS_001,,,,dropout,1
2025-02-09 17:00:00,AWS_001,,,,dropout,1
2025-02-09 18:00:00,AWS_001,,,,dropout,1
2025-02-09 19:00:00,AWS_001,,,,dropout,1
2025-02-09 20:00:00,AWS_001,21.787109106658125,1005.1154387567982,94.43662790447001,drift,1
2025-02-09 21:00:00,AWS_001,21.15335558246878,1004.7377966834267,28.95246413399164,spike,1
2025-02-09 22:00:00,AWS_001,20.897211364120857,1005.0042291520579,99.09807746498834,drift,1
2025-02-09 23:00:00,AWS_001,20.083983906482842,1004.5786421403072,94.82279113010107,drift,1
2025-02-10 00:00:00,AWS_001,20.540721258723632,1004.6361604991611,95.20001303819217,drift,1
2025-02-10 01:00:00,AWS_001,20.604683249768108,1004.5639885837755,96.20135343861052,drift,1
2025-02-10 02:00:00,AWS_001,21.81380804311368,1003.853797316165,96.48767934379688,drift,1
2025-02-10 03:00:00,AWS_001,22.98369521042231,1004.8926088813847,98.77895102738897,drift,1
2025-02-10 04:00:00,AWS_001,25.14632550074943,1005.5308242644559,93.39818270408594,drift,1
2025-02-10 05:00:00,AWS_001,26.32075967928161,1005.1439064676113,95.8701204342938,drift,1
2025-02-10 06:00:00,AWS_001,27.90109365854932,1005.7050991228369,91.08929820702926,drift,1
2025-02-10 07:00:00,AWS_001,30.355654036799503,1006.0585012728723,88.03147535209571,drift,1
2025-02-10 08:00:00,AWS_001,31.835255956075358,1006.1750563513494,91.84716078015914,drift,1
2025-02-10 09:00:00,AWS_001,34.17216708758669,1006.8271492142303,94.07261861782025,drift,1
2025-02-10 10:00:00,AWS_001,35.09478882449849,1006.8533620280468,84.9228379132537,drift,1
2025-02-10 11:00:00,AWS_001,35.699302399551314,1007.2156065947127,88.38576789189237,drift,1
2025-02-10 12:00:00,AWS_001,35.97616664728747,1006.5454565082953,92.41943242713667,drift,1
2025-02-10 13:00:00,AWS_001,36.567929900685634,1006.8633318298514,92.86579798230561,drift,1
2025-02-10 14:00:00,AWS_001,29.385861584636597,1007.2884128967788,89.52461388686156,none,0
2025-02-10 15:00:00,AWS_001,28.467654635291616,1006.1735062274472,85.19144969267477,none,0
2025-02-10 16:00:00,AWS_001,27.322934034118536,1006.2943149224509,88.48384165620294,none,0
2025-02-10 17:00:00,AWS_001,27.19770288921305,1006.0509497153772,87.73211413289808,none,0
2025-02-10 18:00:00,AWS_001,23.97437893599406,1005.6780604230802,90.83012095398156,none,0
2025-02-10 19:00:00,AWS_001,22.823769356335507,1005.7445970686217,87.93334570052573,none,0
2025-02-10 20:00:00,AWS_001,21.62805933944601,1004.8792216939325,93.87059518946896,none,0
2025-02-10 21:00:00,AWS_001,20.538158652948905,1004.5395418310916,92.600554831251,none,0
2025-02-10 22:00:00,AWS_001,19.049217127917547,1005.166772977558,90.66289037811903,none,0
2025-02-10 23:00:00,AWS_001,18.624281906715225,1004.6919847771709,95.06803979485716,none,0
2025-02-11 00:00:00,AWS_001,18.20429879851468,1004.2786332193841,92.49374266329102,none,0
2025-02-11 01:00:00,AWS_001,19.33170890277335,1004.5878300960717,93.09003857564284,none,0
2025-02-11 02:00:00,AWS_001,18.869488452150655,1004.5515798223055,100.0,none,0
2025-02-11 03:00:00,AWS_001,20.184762432084113,1004.8839754395251,93.12473705067269,none,0
2025-02-11 04:00:00,AWS_001,21.01571944279239,1005.1283896038744,95.21804188217669,none,0
2025-02-11 05:00:00,AWS_001,23.056594120645137,1005.8402498021732,94.79955568358682,none,0
2025-02-11 06:00:00,AWS_001,24.03911324062777,1005.9492892775545,89.0469109926132,none,0
2025-02-11 07:00:00,AWS_001,26.502378419394642,1006.447251722602,90.16729751206087,none,0
2025-02-11 08:00:00,AWS_001,27.098079260917274,1006.5045722221018,86.33249428787062,none,0
2025-02-11 09:00:00,AWS_001,28.521226074904945,1006.490122268775,89.06386923341644,none,0
2025-02-11 10:00:00,AWS_001,29.49012576256378,1006.9628630071526,88.66441547925253,none,0
2025-02-11 11:00:00,AWS_001,30.24655393507757,1006.8797918884718,92.02171897828094,none,0
2025-02-11 12:00:00,AWS_001,30.0757347224106,1007.2228826498629,90.54495589322943,none,0
2025-02-11 13:00:00,AWS_001,29.41140548211055,1006.9549920328261,92.91943767590399,none,0
2025-02-11 14:00:00,AWS_001,28.77600238428173,1006.4779687126436,88.66978954825933,none,0
2025-02-11 15:00:00,AWS_001,28.47548407288916,1006.5464262695164,87.9606440067806,none,0
2025-02-11 16:00:00,AWS_001,27.76800694240448,1005.7604415875265,87.19518928587773,none,0
2025-02-11 17:00:00,AWS_001,26.323924181812785,1006.6592960981177,86.18085324538372,none,0
2025-02-11 18:00:00,AWS_001,24.52262275388702,1006.2117801258537,29.85163867288078,spike,1
2025-02-11 19:00:00,AWS_001,23.186805852632403,1005.2372709762591,92.21213521693038,none,0
2025-02-11 20:00:00,AWS_001,21.343346164153562,1004.793559316684,93.50289209367764,none,0
2025-02-11 21:00:00,AWS_001,20.050293795909898,1005.3488238766569,95.00318759460853,none,0
2025-02-11 22:00:00,AWS_001,19.36518390973688,1004.4087918313872,95.16539184546386,none,0
2025-02-11 23:00:00,AWS_001,19.11043800864493,1004.7768707880123,100.0,none,0
2025-02-12 00:00:00,AWS_001,18.923840130657887,1005.2809812047208,98.0866859638075,none,0
2025-02-12 01:00:00,AWS_001,18.743785098959023,1004.6384269383345,99.17278196600715,none,0
2025-02-12 02:00:00,AWS_001,18.631086284093303,1004.9017888795115,95.42263451885891,none,0
2025-02-12 03:00:00,AWS_001,19.885058812684132,1005.2747230143708,96.56071777619738,none,0
2025-02-12 04:00:00,AWS_001,20.413597089393953,1005.2948648587499,96.7113695647889,none,0
2025-02-12 05:00:00,AWS_001,23.239602703301152,1005.1972076153829,91.88071515471795,none,0
2025-02-12 06:00:00,AWS_001,24.352476585219723,1005.7969545314418,96.40686217523994,none,0
2025-02-12 07:00:00,AWS_001,26.460605603478,1007.1412338802267,88.9370348573978,none,0
2025-02-12 08:00:00,AWS_001,27.914987145925867,1006.4955082454873,88.16082908114522,none,0
2025-02-12 09:00:00,AWS_001,28.55460244922341,1006.737392414594,88.70755945201014,none,0
2025-02-12 10:00:00,AWS_001,29.845653237279382,1006.8596739647132,86.42395652515692,none,0
2025-02-12 11:00:00,AWS_001,30.162857725061595,1006.997518795006,87.10552143828134,none,0
2025-02-12 12:00:00,AWS_001,29.80187627927075,1006.8079824330014,79.3839792500632,none,0
2025-02-12 13:00:00,AWS_001,30.36143839757482,1006.9956038000657,85.30755479009423,none,0
2025-02-12 14:00:00,AWS_001,29.66742037834171,1007.1712381234416,83.81576927257777,none,0
2025-02-12 15:00:00,AWS_001,28.722471342627077,1005.8974251946365,89.03222700612113,none,0
2025-02-12 16:00:00,AWS_001,28.050416432682,1006.4046846641843,90.14690304891552,none,0
2025-02-12 17:00:00,AWS_001,25.579958767208655,1006.1418625348264,91.01075527260865,none,0
2025-02-12 18:00:00,AWS_001,23.790551031195253,1005.728899466379,94.5216324048127,none,0
2025-02-12 19:00:00,AWS_001,23.224726778298752,1005.3536598312271,91.38982727596488,none,0
2025-02-12 20:00:00,AWS_001,21.89037290741999,1005.0987629873366,90.83638485323942,none,0
2025-02-12 21:00:00,AWS_001,20.421344439195373,1005.4185557278158,90.05314776488291,none,0
2025-02-12 22:00:00,AWS_001,19.263154384227388,1004.6591146712746,93.83825550249912,none,0
2025-02-12 23:00:00,AWS_001,18.740075893895106,1004.7051604144085,96.8905112092878,none,0
2025-02-13 00:00:00,AWS_001,18.51943436186178,1004.6130111412967,99.76004759497681,none,0
2025-02-13 01:00:00,AWS_001,18.681323255550286,1004.4136315510626,95.13489860648612,none,0
2025-02-13 02:00:00,AWS_001,19.113246249574168,1005.1083831796215,95.56897084258331,none,0
2025-02-13 03:00:00,AWS_001,20.67424926701375,1004.6074381604814,92.17579154014292,none,0
2025-02-13 04:00:00,AWS_001,21.214295288325708,1005.5250793146275,90.98544125677142,none,0
2025-02-13 05:00:00,AWS_001,22.35813124945737,1005.8250750496138,97.08927759596799,none,0
2025-02-13 06:00:00,AWS_001,24.44363689354861,1005.8907631060405,99.86457383818693,none,0
2025-02-13 07:00:00,AWS_001,25.708211637684098,1005.6815674766992,91.83348830284385,none,0
2025-02-13 08:00:00,AWS_001,27.076444400241108,1006.8800775715122,92.05647857544567,none,0
2025-02-13 09:00:00,AWS_001,28.91060657433308,1006.8168791802366,88.0804055086737,none,0
2025-02-13 10:00:00,AWS_001,29.172212198667943,1007.1255406739689,94.46424387781872,none,0
2025-02-13 11:00:00,AWS_001,29.84763914081491,1007.2617428881023,83.35008013467908,none,0
2025-02-13 12:00:00,AWS_001,30.20053788377373,1006.8925321985906,91.09549689103562,none,0
2025-02-13 13:00:00,AWS_001,29.88752066722402,1006.9117285323003,88.01890863939822,none,0
2025-02-13 14:00:00,AWS_001,29.47281182323371,1006.3015488232322,89.81537331580626,none,0
2025-02-13 15:00:00,AWS_001,28.55082538898131,1006.4713189058508,92.65254569531699,none,0
2025-02-13 16:00:00,AWS_001,26.943544130179365,1006.4574678967682,89.78735343833237,none,0
2025-02-13 17:00:00,AWS_001,25.46205335923562,1006.0837693503456,91.72261750383164,none,0
2025-02-13 18:00:00,AWS_001,25.270022861484495,1005.5788769464531,91.75114793778938,none,0
2025-02-13 19:00:00,AWS_001,22.980863823106468,1005.2970629179953,96.94107255101221,none,0
2025-02-13 20:00:00,AWS_001,21.29591644562945,1005.3194206252252,94.21760512406613,none,0
2025-02-13 21:00:00,AWS_001,20.422236270378217,1005.1595268527384,95.04177292187055,none,0
2025-02-13 22:00:00,AWS_001,19.346931810072014,1004.9395207085647,99.65059010357291,none,0
2025-02-13 23:00:00,AWS_001,18.721505570304537,1005.0648495840555,96.51615208870852,none,0
2025-02-14 00:00:00,AWS_001,18.319390478646802,1004.3123781776089,95.46065005151618,none,0
2025-02-14 01:00:00,AWS_001,18.566390473291253,1005.0783201613077,97.75710849394233,none,0
2025-02-14 02:00:00,AWS_001,28.730983280001333,987.4875489091103,98.0,multivariate_inconsistent,1
2025-02-14 03:00:00,AWS_001,20.894985402282753,1005.167433161629,100.0,none,0
2025-02-14 04:00:00,AWS_001,21.356634118065152,1005.4356546381426,97.70157258428598,none,0
2025-02-14 05:00:00,AWS_001,23.10323635551419,1005.6758472719719,88.98916624788482,none,0
2025-02-14 06:00:00,AWS_001,24.68477928677617,1005.6024863714292,91.88213345046017,none,0
2025-02-14 07:00:00,AWS_001,25.305205004716953,1005.9872339406651,93.20701399579397,none,0
2025-02-14 08:00:00,AWS_001,27.930835424280854,1006.3987322120385,94.92147731881374,none,0
2025-02-14 09:00:00,AWS_001,28.82283168107639,1006.858861929018,92.00243550372184,none,0
2025-02-14 10:00:00,AWS_001,28.982808122419506,1006.7617879903177,89.89502833383611,none,0
2025-02-14 11:00:00,AWS_001,30.87118265536411,1006.9501253708934,86.69810098075436,none,0
2025-02-14 12:00:00,AWS_001,30.877285859212265,1007.3584069675242,90.72060780497344,none,0
2025-02-14 13:00:00,AWS_001,,,,dropout,1
2025-02-14 14:00:00,AWS_001,,,,dropout,1
2025-02-14 15:00:00,AWS_001,,,,dropout,1
2025-02-14 16:00:00,AWS_001,,,,dropout,1
2025-02-14 17:00:00,AWS_001,25.87832838082256,1005.6385835309361,90.68214418131987,none,0
2025-02-14 18:00:00,AWS_001,24.902283182150455,1006.1024999776889,88.37616250727844,none,0
2025-02-14 19:00:00,AWS_001,23.20771933298426,1005.46316408561,91.18268312802464,none,0
2025-02-14 20:00:00,AWS_001,21.94208707717638,1005.1784158484278,89.42183326437147,none,0
2025-02-14 21:00:00,AWS_001,20.352634924467345,1005.1736709736839,100.0,none,0
2025-02-14 22:00:00,AWS_001,19.261761468643353,1004.4992963534255,95.53204934696338,none,0
2025-02-14 23:00:00,AWS_001,18.631733075894875,1005.1214620866997,93.8553613986182,none,0
2025-02-15 00:00:00,AWS_001,18.41095219566902,1005.4966790225193,98.49382324115673,none,0
2025-02-15 01:00:00,AWS_001,18.666198618208067,1004.4897228406222,87.77514235660045,none,0
2025-02-15 02:00:00,AWS_001,19.466880309993684,1005.196273933762,94.63108353132613,none,0
2025-02-15 03:00:00,AWS_001,,,,dropout,1
2025-02-15 04:00:00,AWS_001,,,,dropout,1
2025-02-15 05:00:00,AWS_001,,,,dropout,1
2025-02-15 06:00:00,AWS_001,,,,dropout,1
2025-02-15 07:00:00,AWS_001,26.226489664090533,1006.0588446755017,90.09055873692832,none,0
2025-02-15 08:00:00,AWS_001,27.461451548297486,1006.1943209775894,89.14443834436133,none,0
2025-02-15 09:00:00,AWS_001,29.18609641765657,1006.6834956310175,85.4289403076153,none,0
2025-02-15 10:00:00,AWS_001,30.0875981239531,1006.8928792782821,89.00064111005403,none,0
2025-02-15 11:00:00,AWS_001,30.385851953100477,1007.2504408922455,87.02616926203594,none,0
2025-02-15 12:00:00,AWS_001,30.966400839601828,1006.8069078293347,87.75557046647876,none,0
2025-02-15 13:00:00,AWS_001,30.603089584676994,1006.5517406136886,91.83968367282675,none,0
2025-02-15 14:00:00,AWS_001,29.24254062874842,1006.721832421704,91.44788672033658,none,0
2025-02-15 15:00:00,AWS_001,28.305107025529157,1006.4128159150254,90.35045811797741,none,0
2025-02-15 16:00:00,AWS_001,27.182465335106826,1006.5706030447986,92.12085388413904,none,0
2025-02-15 17:00:00,AWS_001,26.166786663168757,1006.581462266193,87.6524214436056,none,0
2025-02-15 18:00:00,AWS_001,24.267071533835917,1005.5961114492284,92.63653224766843,none,0
2025-02-15 19:00:00,AWS_001,22.379935127152148,1005.4512061445033,97.4515376441596,none,0
2025-02-15 20:00:00,AWS_001,21.321805157276597,1005.1867265397123,93.3610936734598,none,0
2025-02-15 21:00:00,AWS_001,20.311270627065397,1004.6376447131912,97.09805379388064,none,0
2025-02-15 22:00:00,AWS_001,19.339761381112442,1004.6595210937634,95.61509981705414,none,0
2025-02-15 23:00:00,AWS_001,18.829011332353446,1004.6620969753765,95.77417210664558,none,0
2025-02-16 00:00:00,AWS_001,18.506095724745574,1004.6923126880657,92.31867018294439,none,0
2025-02-16 01:00:00,AWS_001,18.849327358334726,1004.9686380013837,92.65196372016241,none,0
2025-02-16 02:00:00,AWS_001,19.300376233882677,1004.7696561480757,96.51442080209428,none,0
2025-02-16 03:00:00,AWS_001,20.01938988197468,1005.7270218516468,94.37493528542045,none,0
2025-02-16 04:00:00,AWS_001,21.048496224950643,1005.6440637084967,90.54554088528009,frozen,1
2025-02-16 05:00:00,AWS_001,21.048496224950643,1005.6440637084967,90.54554088528009,frozen,1
2025-02-16 06:00:00,AWS_001,21.048496224950643,1005.6440637084967,90.54554088528009,frozen,1
2025-02-16 07:00:00,AWS_001,21.048496224950643,1005.6440637084967,90.54554088528009,frozen,1
2025-02-16 08:00:00,AWS_001,21.048496224950643,1005.6440637084967,90.54554088528009,frozen,1
2025-02-16 09:00:00,AWS_001,21.048496224950643,1005.6440637084967,90.54554088528009,frozen,1
2025-02-16 10:00:00,AWS_001,30.46673362023274,1007.1222821009161,85.6605627225402,none,0
2025-02-16 11:00:00,AWS_001,30.96239734226999,1006.9251620233259,87.91322653426553,none,0
2025-02-16 12:00:00,AWS_001,30.379297582059962,1007.0065291841081,95.61369545356548,none,0
2025-02-16 13:00:00,AWS_001,30.107173759706118,1007.1371402398714,87.20935893894783,none,0
2025-02-16 14:00:00,AWS_001,29.68828988644146,1006.9714710288936,84.61342774574207,none,0
2025-02-16 15:00:00,AWS_001,28.914419172076474,1006.8461070067108,85.40746993727595,none,0
2025-02-16 16:00:00,AWS_001,27.735202902634235,1006.3153553083973,88.2990744568013,none,0
2025-02-16 17:00:00,AWS_001,25.435596673615873,1006.339465955605,93.24645961817725,none,0
2025-02-16 18:00:00,AWS_001,25.11257533410691,1006.1432152368642,93.29959977026168,none,0
2025-02-16 19:00:00,AWS_001,23.403822721916733,1005.8415926258467,93.1690940445168,none,0
2025-02-16 20:00:00,AWS_001,21.441816977485516,1005.1868996583547,100.0,none,0
2025-02-16 21:00:00,AWS_001,20.58587300823459,1005.093489626586,94.90983411581561,none,0
2025-02-16 22:00:00,AWS_001,19.17026074093021,1004.9889191957749,95.49534216614788,none,0
2025-02-16 23:00:00,AWS_001,18.80529426054227,1004.584010488655,98.08407775630192,none,0
2025-02-17 00:00:00,AWS_001,19.206550412174497,1004.4683764083446,97.65626329273833,none,0
2025-02-17 01:00:00,AWS_001,18.31902678613685,1005.0016233848304,98.12208475079014,none,0
2025-02-17 02:00:00,AWS_001,19.22617151749588,1005.677276546664,94.51283146482892,none,0
2025-02-17 03:00:00,AWS_001,20.20276147142469,1004.6737141095114,95.64896592765461,none,0
2025-02-17 04:00:00,AWS_001,21.51085915642615,1005.5026897913801,96.1426685966404,none,0
2025-02-17 05:00:00,AWS_001,23.203136797467533,1005.6825124850338,88.20535221608766,none,0
2025-02-17 06:00:00,AWS_001,24.603351048360178,1006.0498502384091,99.72286599079828,none,0
2025-02-17 07:00:00,AWS_001,26.915485073581515,1005.5810146513724,87.42148307277412,none,0
2025-02-17 08:00:00,AWS_001,27.295420220294087,1006.480771433771,96.37552200101065,none,0
2025-02-17 09:00:00,AWS_001,29.200030000695094,1006.8479960273241,89.70421030414798,none,0
2025-02-17 10:00:00,AWS_001,29.705274053766292,1007.0084526017285,86.7424602323476,none,0
2025-02-17 11:00:00,AWS_001,30.61158350063036,1006.7384154708527,86.47870768522996,none,0
2025-02-17 12:00:00,AWS_001,30.606932134667,1007.285914076457,84.55293240360945,none,0
2025-02-17 13:00:00,AWS_001,30.336754000866566,1007.3324541345297,88.3342468512331,none,0
2025-02-17 14:00:00,AWS_001,29.62770285424305,1006.6305149802924,88.12882405955408,none,0
2025-02-17 15:00:00,AWS_001,28.802878656118022,1007.1030805489439,87.03943856780744,none,0
2025-02-17 16:00:00,AWS_001,27.26129219433967,1005.9732272855118,88.0015252255148,none,0
2025-02-17 17:00:00,AWS_001,25.984870472721784,1006.3038847599494,87.82363381942012,none,0
2025-02-17 18:00:00,AWS_001,23.779775558618557,1005.9153023308394,93.37942068662919,none,0
2025-02-17 19:00:00,AWS_001,23.005428917240206,1005.9068883754126,89.52831795496827,none,0
2025-02-17 20:00:00,AWS_001,21.328245488815757,1005.3464866660235,100.0,none,0
2025-02-17 21:00:00,AWS_001,20.32380052820096,1004.8581653871324,95.51022222174032,none,0
2025-02-17 22:00:00,AWS_001,19.152641770017947,1004.9696074044629,97.30883961440583,none,0
2025-02-17 23:00:00,AWS_001,19.31159444891843,1004.5563353016804,100.0,none,0
2025-02-18 00:00:00,AWS_001,18.618679718071732,1004.3037238080335,99.21359106095105,none,0
2025-02-18 01:00:00,AWS_001,18.84502091384565,1004.5495789546945,93.66726921452482,none,0
2025-02-18 02:00:00,AWS_001,19.995393472351207,1004.7388923483019,92.76510524692583,none,0
2025-02-18 03:00:00,AWS_001,20.056318776622184,1005.077016256404,95.71925207967324,none,0
2025-02-18 04:00:00,AWS_001,21.76874968291938,1005.5280920623247,96.38105912674017,none,0
2025-02-18 05:00:00,AWS_001,22.62903621695716,1005.830706593309,96.35810706578816,drift,1
2025-02-18 06:00:00,AWS_001,24.378566270041517,1006.4521425224023,88.89234356644336,drift,1
2025-02-18 07:00:00,AWS_001,25.965505059112548,1007.0955585220138,87.90528167357348,drift,1
2025-02-18 08:00:00,AWS_001,28.42598356248047,1008.8209424049522,84.40162370966966,drift,1
2025-02-18 09:00:00,AWS_001,28.68798622591197,1009.8873494300348,90.4457072415762,drift,1
2025-02-18 10:00:00,AWS_001,30.221208310517202,1011.1378723520089,87.42795856627934,drift,1
2025-02-18 11:00:00,AWS_001,30.747685901972062,1011.5975626414349,89.52604856850566,drift,1
2025-02-18 12:00:00,AWS_001,31.31083247556497,1012.0099053947938,88.52746602219096,drift,1
2025-02-18 13:00:00,AWS_001,30.45216408564809,1012.8434208732629,88.04928885267782,drift,1
2025-02-18 14:00:00,AWS_001,29.42809445069364,1013.259664322433,86.97245711832853,drift,1
2025-02-18 15:00:00,AWS_001,28.53420037468331,1014.0597097466333,88.95994462294246,drift,1
2025-02-18 16:00:00,AWS_001,28.34117356290211,1015.462571852634,83.99452917998353,drift,1
2025-02-18 17:00:00,AWS_001,26.572501249887207,1015.5943015357251,91.93588882922087,drift,1
2025-02-18 18:00:00,AWS_001,25.365115618609927,1015.6501265487083,86.09386027106218,drift,1
2025-02-18 19:00:00,AWS_001,23.851526877966734,1016.219404262416,91.78892194408522,drift,1
2025-02-18 20:00:00,AWS_001,21.9180041778307,1016.5822343534873,95.35895402383548,drift,1
2025-02-18 21:00:00,AWS_001,20.53249405982059,1016.8302230078604,96.74075164745219,drift,1
2025-02-18 22:00:00,AWS_001,19.822988337932788,1017.341426567502,95.0670838259246,drift,1
2025-02-18 23:00:00,AWS_001,18.4810148572439,1018.1743192183203,35.45573616094687,drift,1
2025-02-19 00:00:00,AWS_001,18.662178520041856,1018.6137716761154,95.34409703176496,drift,1
2025-02-19 01:00:00,AWS_001,18.98801334990755,1019.8694839580756,91.67620760928789,drift,1
2025-02-19 02:00:00,AWS_001,19.9032264811656,1020.6439194528563,97.54554280261216,drift,1
2025-02-19 03:00:00,AWS_001,19.871182041784085,1021.6137747372521,94.29672021376834,drift,1
2025-02-19 04:00:00,AWS_001,21.07472571094387,1022.511881596426,93.06458341239401,drift,1
2025-02-19 05:00:00,AWS_001,24.291601719512453,1023.8977022964156,92.26693443251509,drift,1
2025-02-19 06:00:00,AWS_001,26.1851094854458,1024.8528977840563,86.43432158714383,drift,1
2025-02-19 07:00:00,AWS_001,27.915079161743606,1025.8678391902752,89.65691773059899,drift,1
2025-02-19 08:00:00,AWS_001,29.904071520521313,1026.5817403695635,90.81663200197751,drift,1
2025-02-19 09:00:00,AWS_001,31.92518424033329,1028.2002684594875,89.7042861712113,drift,1
2025-02-19 10:00:00,AWS_001,32.82630147097788,1028.4811395929928,90.69690783008676,drift,1
2025-02-19 11:00:00,AWS_001,34.31319381598912,1007.4183808172359,84.80195586918242,drift,1
2025-02-19 12:00:00,AWS_001,35.82045621393587,1007.7817465229468,85.41230028598916,drift,1
2025-02-19 13:00:00,AWS_001,36.19999125962858,1007.2425254677142,85.51903786447099,drift,1
2025-02-19 14:00:00,AWS_001,36.43070595973829,1007.0288847187782,84.9485491531623,drift,1
2025-02-19 15:00:00,AWS_001,35.59694202523296,1006.7028277461802,89.25882324839102,drift,1
2025-02-19 16:00:00,AWS_001,35.227749869586944,1007.0816591207989,86.45815372707237,drift,1
2025-02-19 17:00:00,AWS_001,33.304316636600355,1006.4869529150607,88.23568731874383,drift,1
2025-02-19 18:00:00,AWS_001,32.34438773154927,1005.970625988821,95.88748989750788,drift,1
2025-02-19 19:00:00,AWS_001,30.757705756282377,1006.3523137536945,92.86697636993549,drift,1
2025-02-19 20:00:00,AWS_001,30.481657369627342,1005.1796778005288,92.89038879164984,drift,1
2025-02-19 21:00:00,AWS_001,29.646110038002337,1004.3837100056045,92.71888701664363,drift,1
2025-02-19 22:00:00,AWS_001,30.2737547723182,1005.0123211172872,97.48871197840835,drift,1
2025-02-19 23:00:00,AWS_001,30.286221399006173,1004.5684118658796,93.47858067904365,drift,1
2025-02-20 00:00:00,AWS_001,29.81113864646909,1004.640495048184,100.0,drift,1
2025-02-20 01:00:00,AWS_001,18.37994263100166,1004.7683940015053,99.52390886185259,none,0
2025-02-20 02:00:00,AWS_001,20.02690920631193,1005.4398853401583,93.9916714819891,none,0
2025-02-20 03:00:00,AWS_001,21.117559073393803,1005.3877502710783,93.59702002257235,none,0
2025-02-20 04:00:00,AWS_001,21.35206231347399,1004.912909149991,96.2848660148564,none,0
2025-02-20 05:00:00,AWS_001,23.394161484859552,1005.277467719282,92.01475251480426,none,0
2025-02-20 06:00:00,AWS_001,25.422894473205744,1006.450755751283,91.8987667543043,none,0
2025-02-20 07:00:00,AWS_001,26.522952992694993,1005.967747347248,87.77626273815355,none,0
2025-02-20 08:00:00,AWS_001,28.483150961998657,1006.5811186607497,83.66063364595534,none,0
2025-02-20 09:00:00,AWS_001,29.13769812312542,1007.129099714915,91.20480031038825,none,0
2025-02-20 10:00:00,AWS_001,30.1521597902086,1006.8873981250335,84.81888992945753,none,0
2025-02-20 11:00:00,AWS_001,30.511278084699075,1006.925368633753,88.25170914261142,none,0
2025-02-20 12:00:00,AWS_001,30.00856371246799,1007.1745422266099,92.73217032525255,none,0
2025-02-20 13:00:00,AWS_001,30.450789992131035,1006.9983020824346,83.96550630078826,none,0
2025-02-20 14:00:00,AWS_001,29.665471798771144,1007.1634030604148,87.79947005066536,none,0
2025-02-20 15:00:00,AWS_001,29.53994091174096,1007.3067487809633,82.98369325928729,none,0
2025-02-20 16:00:00,AWS_001,27.310230625129858,1006.7375288769452,90.110910001679,none,0
2025-02-20 17:00:00,AWS_001,26.378865169568584,1006.2436578096538,89.9749365065038,none,0
2025-02-20 18:00:00,AWS_001,24.902464211858696,1005.7096151429663,95.04168740009713,none,0
2025-02-20 19:00:00,AWS_001,23.567608118609577,1005.48999604422,94.90002557917359,none,0
2025-02-20 20:00:00,AWS_001,21.91906313389411,1004.8688737467816,93.85113883183776,none,0
2025-02-20 21:00:00,AWS_001,21.485258158443408,1005.6231049417348,93.95062393869921,none,0
2025-02-20 22:00:00,AWS_001,19.90757433804975,1005.141480301231,100.0,none,0
2025-02-20 23:00:00,AWS_001,19.199118849359056,1005.2742086222222,95.4289441274967,none,0
2025-02-21 00:00:00,AWS_001,18.98728948453937,1004.7901424414429,95.31809844242753,none,0
2025-02-21 01:00:00,AWS_001,19.506337865988158,1005.6653735302997,98.39135315779713,none,0
2025-02-21 02:00:00,AWS_001,19.094326101303693,1005.4256545264402,96.77019800862055,none,0
2025-02-21 03:00:00,AWS_001,20.365975172368948,1005.1388943789061,96.17788478239001,none,0
2025-02-21 04:00:00,AWS_001,21.92917437698108,1005.2484923096705,96.74570037152382,none,0
2025-02-21 05:00:00,AWS_001,23.05453201635741,1005.2922614597301,94.11306988227705,none,0
2025-02-21 06:00:00,AWS_001,24.97145512554489,1005.7973769136554,91.2215462537146,none,0
2025-02-21 07:00:00,AWS_001,25.73785634082212,1006.4656343290811,89.68788660913951,none,0
2025-02-21 08:00:00,AWS_001,28.691478935030855,1006.1052346408268,85.92090178192312,none,0
2025-02-21 09:00:00,AWS_001,29.293039150690415,1007.1883568705216,89.02753622028023,none,0
2025-02-21 10:00:00,AWS_001,30.166664744791003,1007.4922735124065,83.59450268081692,none,0
2025-02-21 11:00:00,AWS_001,30.32304355799541,1007.3476152549904,89.85843710029968,none,0
2025-02-21 12:00:00,AWS_001,31.2621374612292,1007.2793293216985,87.53348206491296,none,0
2025-02-21 13:00:00,AWS_001,31.110152188169558,1007.0284153788606,88.36424676071596,none,0
2025-02-21 14:00:00,AWS_001,29.94062348545131,1007.8271520902933,88.21637498227732,none,0
2025-02-21 15:00:00,AWS_001,29.162840550647978,1006.862531803944,89.43144568683675,none,0
2025-02-21 16:00:00,AWS_001,27.375188584607518,1007.1468086134815,88.890651094781,none,0
2025-02-21 17:00:00,AWS_001,26.59943411219314,1006.5789076604548,89.69109873358869,none,0
2025-02-21 18:00:00,AWS_001,24.982521695073576,1006.568047617673,90.3355405277753,none,0
2025-02-21 19:00:00,AWS_001,23.82772437338687,1006.1611273812408,100.0,none,0
2025-02-21 20:00:00,AWS_001,22.16280526595673,1005.2534431924372,97.03545325753339,none,0
2025-02-21 21:00:00,AWS_001,21.20773992064693,1005.4091890367154,94.72217590199656,none,0
2025-02-21 22:00:00,AWS_001,19.714409936132412,1005.0328358275235,94.41455797806854,none,0
2025-02-21 23:00:00,AWS_001,19.258293917997282,1005.2577729708025,97.42800846021143,none,0
2025-02-22 00:00:00,AWS_001,18.90431476486291,1004.6114703720782,93.18967442923733,none,0
2025-02-22 01:00:00,AWS_001,19.186310229758085,1004.9292844452898,99.47747200991702,none,0
2025-02-22 02:00:00,AWS_001,19.52445940492779,1004.9234763019242,98.63154733819954,none,0
2025-02-22 03:00:00,AWS_001,20.696693703238303,1005.356512961293,95.37471690067723,none,0
2025-02-22 04:00:00,AWS_001,21.751428345797912,1005.0833781257635,94.04032448084607,none,0
2025-02-22 05:00:00,AWS_001,23.870654823631444,1005.8991252509355,95.74492175969849,none,0
2025-02-22 06:00:00,AWS_001,25.148092241467836,1005.9581302332557,95.43586813366387,none,0
2025-02-22 07:00:00,AWS_001,26.613694485503057,1006.6191814270492,96.4527681272767,none,0
2025-02-22 08:00:00,AWS_001,27.835932011712167,1006.5891198202448,87.87104632064693,none,0
2025-02-22 09:00:00,AWS_001,29.657831298422742,1006.8626360332688,82.54668825169763,none,0
2025-02-22 10:00:00,AWS_001,30.244349899640593,1007.1564754378375,84.65590402597192,none,0
2025-02-22 11:00:00,AWS_001,31.013492823255703,1007.2506502316916,78.64927432468286,none,0
2025-02-22 12:00:00,AWS_001,30.81941205629088,1006.542216193318,82.12870399071514,none,0
2025-02-22 13:00:00,AWS_001,30.927969606887185,1007.4944129423199,87.7999886865879,none,0
2025-02-22 14:00:00,AWS_001,29.938220109070787,1007.1765123961628,93.36891837462954,none,0
2025-02-22 15:00:00,AWS_001,29.00028860574721,1006.9032893905671,93.3139990545856,none,0
2025-02-22 16:00:00,AWS_001,27.794397967530536,1006.7848643504682,89.41888927586518,none,0
2025-02-22 17:00:00,AWS_001,27.23265743208364,1006.2379974417546,93.79489884641853,none,0
2025-02-22 18:00:00,AWS_001,25.071887413952485,1006.2056203858634,89.09364511844934,none,0
2025-02-22 19:00:00,AWS_001,24.047585743369137,1005.3306995614006,87.84610360555216,none,0
2025-02-22 20:00:00,AWS_001,21.664995674232262,1005.217239927152,94.88179876197259,none,0
2025-02-22 21:00:00,AWS_001,20.92378686676021,1005.3122102239022,94.10818120858835,none,0
2025-02-22 22:00:00,AWS_001,19.617232709902904,1004.6017618024384,92.53844471883203,none,0
2025-02-22 23:00:00,AWS_001,19.365792973148498,1005.0149230041177,96.16842578938886,none,0
2025-02-23 00:00:00,AWS_001,19.677288396215552,1005.4996764996856,95.80606197548533,none,0
2025-02-23 01:00:00,AWS_001,19.83655946897601,1005.4160215532895,94.84608037248971,none,0
2025-02-23 02:00:00,AWS_001,19.519232027512828,1005.3987139005355,98.86964392989273,none,0
2025-02-23 03:00:00,AWS_001,21.099277545086945,1005.1216845037004,96.15874327467942,none,0
2025-02-23 04:00:00,AWS_001,22.38602294122577,1005.314533510209,97.02909636025863,none,0
2025-02-23 05:00:00,AWS_001,23.434759073100597,1005.8736437640658,92.1815017276041,none,0
2025-02-23 06:00:00,AWS_001,24.893161502008383,1006.4463367297951,90.16359856391561,none,0
2025-02-23 07:00:00,AWS_001,26.26060392113311,1006.5930592660332,90.9573385142649,none,0
2025-02-23 08:00:00,AWS_001,28.124641056995873,1006.7416769262154,86.60384075533035,none,0
2025-02-23 09:00:00,AWS_001,28.760494555344696,1006.9885174356315,89.64066167629757,none,0
2025-02-23 10:00:00,AWS_001,30.15904221701911,1007.8306846762098,90.576501760909,none,0
2025-02-23 11:00:00,AWS_001,30.89497286366605,1006.66547448121,86.93309982194464,none,0
2025-02-23 12:00:00,AWS_001,30.776664464975195,1006.9619087511113,83.29532249167531,none,0
2025-02-23 13:00:00,AWS_001,30.39422947470671,1007.6226281788653,88.37170022012896,none,0
2025-02-23 14:00:00,AWS_001,30.561530866155575,1007.3409108049407,89.75803041673504,none,0
2025-02-23 15:00:00,AWS_001,29.238397366333572,1006.6644002865507,82.75033915189192,none,0
2025-02-23 16:00:00,AWS_001,27.45862762745523,1007.1585551222263,87.27881370874304,none,0
2025-02-23 17:00:00,AWS_001,26.53343142058812,1006.1696843311425,87.29563559896792,none,0
2025-02-23 18:00:00,AWS_001,25.205163528209997,1006.1788394240953,91.92973549917257,none,0
2025-02-23 19:00:00,AWS_001,23.28213337144595,1005.8630790456582,90.01054978278086,none,0
2025-02-23 20:00:00,AWS_001,22.241620304386228,1005.6698911111428,90.56288672203131,none,0
2025-02-23 21:00:00,AWS_001,20.91490414330564,1005.3034559216374,90.69672628780337,none,0
2025-02-23 22:00:00,AWS_001,20.030895182256522,1005.4172225054796,96.53293051337091,none,0
2025-02-23 23:00:00,AWS_001,19.150871967879613,1004.9691985227187,100.0,none,0
2025-02-24 00:00:00,AWS_001,18.887845178887503,1004.8057721373161,98.38572141541987,none,0
2025-02-24 01:00:00,AWS_001,19.702412255082304,1004.8245901142725,97.56688536466487,none,0
2025-02-24 02:00:00,AWS_001,20.004010682363145,1004.6314908505682,95.50049796283805,none,0
2025-02-24 03:00:00,AWS_001,21.02808799611517,1005.2522223594592,93.39189097784445,none,0
2025-02-24 04:00:00,AWS_001,22.34937955848021,1006.1311149777979,92.58995154873843,none,0
2025-02-24 05:00:00,AWS_001,23.70019565506854,1005.8727518944448,92.1820308374539,none,0
2025-02-24 06:00:00,AWS_001,25.2659633912211,1006.6547874087087,85.979995571431,none,0
2025-02-24 07:00:00,AWS_001,26.799191876082702,1006.3032142038908,88.93347293796876,none,0
2025-02-24 08:00:00,AWS_001,28.14383028907761,1006.9286981190734,86.65817847293235,none,0
2025-02-24 09:00:00,AWS_001,29.13837715200445,1007.1692657234822,89.26630238651558,none,0
2025-02-24 10:00:00,AWS_001,30.634044789108586,1006.4514822974162,87.99938565125446,none,0
2025-02-24 11:00:00,AWS_001,31.03850862009461,1007.0434083198373,89.22812416320203,none,0
2025-02-24 12:00:00,AWS_001,31.015851759190422,1007.0215013161973,89.31941169202571,none,0
2025-02-24 13:00:00,AWS_001,31.26950744654225,1007.5011561077183,85.06364135998108,none,0
2025-02-24 14:00:00,AWS_001,31.08181117509513,1006.8060321163551,84.6218519466942,none,0
2025-02-24 15:00:00,AWS_001,29.02767401105931,1007.3661276951951,90.6658847357326,none,0
2025-02-24 16:00:00,AWS_001,28.238356159215837,1006.8345745636818,90.44386673517079,none,0
2025-02-24 17:00:00,AWS_001,27.22140288738011,1006.2792234822986,88.31492184348457,none,0
2025-02-24 18:00:00,AWS_001,24.6224379177106,1005.8559065398416,94.31138112891294,none,0
2025-02-24 19:00:00,AWS_001,23.622075645780974,1006.5866717354642,93.64754800544651,none,0
2025-02-24 20:00:00,AWS_001,22.145335946729958,1005.8662895931399,93.16206193256109,none,0
2025-02-24 21:00:00,AWS_001,20.702764776495776,1005.3854562903592,99.29533942884055,none,0
2025-02-24 22:00:00,AWS_001,20.615893760009556,1005.7112618212345,95.5564421674159,none,0
2025-02-24 23:00:00,AWS_001,19.708992937328485,1005.011328558599,99.41336558813882,none,0
2025-02-25 00:00:00,AWS_001,19.15505757068241,1005.2458691297095,97.09254778640381,none,0
2025-02-25 01:00:00,AWS_001,18.855304245863728,1005.0022333654962,98.1698620174076,none,0
2025-02-25 02:00:00,AWS_001,20.05068863946879,1005.4210118253817,97.38945229226861,none,0
2025-02-25 03:00:00,AWS_001,20.61453736546665,1005.5718592527002,94.58851979255289,none,0
2025-02-25 04:00:00,AWS_001,22.391685020958864,1006.0258582023171,95.99332275280494,none,0
2025-02-25 05:00:00,AWS_001,23.52260302463278,1006.302578928394,93.95142334999257,none,0
2025-02-25 06:00:00,AWS_001,25.3183930487087,1006.293225368779,89.19650454602863,none,0
2025-02-25 07:00:00,AWS_001,27.330910611787882,1006.4576281172311,94.04342944165217,none,0
2025-02-25 08:00:00,AWS_001,28.51204817502687,1006.9240390397805,85.3210139381692,none,0
2025-02-25 09:00:00,AWS_001,29.357342373797085,1007.354731446567,90.82548490428954,none,0
2025-02-25 10:00:00,AWS_001,30.370004607055375,1007.5094960369294,86.249967792327,none,0
2025-02-25 11:00:00,AWS_001,30.684808283050792,1007.2156204916007,90.69342555404438,none,0
2025-02-25 12:00:00,AWS_001,31.524232367582876,1007.542693041876,92.79275632573868,none,0
2025-02-25 13:00:00,AWS_001,30.67556295245906,1007.4438845404954,91.54603466750844,none,0
2025-02-25 14:00:00,AWS_001,30.20944075632224,1007.7640220227562,85.65710704056423,none,0
2025-02-25 15:00:00,AWS_001,28.92250023489111,1007.6937349631851,88.58055384459121,none,0
2025-02-25 16:00:00,AWS_001,28.26827836220254,1006.6422640794547,87.13000289634452,none,0
2025-02-25 17:00:00,AWS_001,27.538663707032033,1006.4249714072643,92.37824139538881,none,0
2025-02-25 18:00:00,AWS_001,25.069939854517738,1006.6702497070291,88.35355574946261,none,0
2025-02-25 19:00:00,AWS_001,23.52463383480528,1006.0103329698255,95.77549598498781,none,0
2025-02-25 20:00:00,AWS_001,22.0457130182201,1005.798359498152,94.23484854747622,none,0
2025-02-25 21:00:00,AWS_001,21.0532345099041,1005.6104147754675,91.00410222505617,none,0
2025-02-25 22:00:00,AWS_001,20.21100174269095,1004.8348856357543,95.17630896038874,none,0
2025-02-25 23:00:00,AWS_001,20.417366802143782,1004.7709885224774,96.30234814473694,none,0
2025-02-26 00:00:00,AWS_001,19.744951784286947,1005.441001376934,98.54928416379192,none,0
2025-02-26 01:00:00,AWS_001,19.561303290617698,1005.254999372573,96.9499740338577,none,0
2025-02-26 02:00:00,AWS_001,19.679383336479216,1005.6154883315758,93.976767728414,none,0
2025-02-26 03:00:00,AWS_001,33.025229775861646,988.5976701415902,98.0,multivariate_inconsistent,1
2025-02-26 04:00:00,AWS_001,22.46708203893748,1005.9367188181253,91.2528617175372,none,0
2025-02-26 05:00:00,AWS_001,23.450050368456708,1006.168759620727,96.25770000467155,none,0
2025-02-26 06:00:00,AWS_001,25.406345413406733,1006.2524353226304,90.527444615926,none,0
2025-02-26 07:00:00,AWS_001,26.874865243732632,1007.010768275544,88.29269765998858,none,0
2025-02-26 08:00:00,AWS_001,28.746521360085072,1006.8968332155154,83.52625388986269,none,0
2025-02-26 09:00:00,AWS_001,29.71948301006414,1007.5010754763534,85.47606924988285,none,0
2025-02-26 10:00:00,AWS_001,30.205632606902324,1006.9241816174458,88.22208668413072,none,0
2025-02-26 11:00:00,AWS_001,31.241610014084586,1007.5608196372183,88.4552585963433,none,0
2025-02-26 12:00:00,AWS_001,31.933785458808636,1008.292382477876,87.00693172757339,none,0
2025-02-26 13:00:00,AWS_001,31.265956121491296,1007.8555790130595,87.41701560343256,none,0
2025-02-26 14:00:00,AWS_001,30.365650229464663,1006.9070799299792,90.21340346977699,none,0
2025-02-26 15:00:00,AWS_001,29.351389667502563,1006.7842632373272,87.0022224405384,none,0
2025-02-26 16:00:00,AWS_001,29.24784314737718,1006.8990450585687,87.90784541927704,none,0
2025-02-26 17:00:00,AWS_001,27.373682723829713,1006.7695876558469,94.63149768593975,none,0
2025-02-26 18:00:00,AWS_001,24.979760014414072,1006.1248481640952,95.51067995932023,none,0
2025-02-26 19:00:00,AWS_001,24.003637160388624,1005.736330507277,92.20323471377202,none,0
2025-02-26 20:00:00,AWS_001,22.83862061067842,1005.2539876847006,98.36951574210069,drift,1
2025-02-26 21:00:00,AWS_001,22.09936376369741,1005.2148562455959,93.86920654726036,drift,1
2025-02-26 22:00:00,AWS_001,21.304458049205465,1004.6864163776937,94.20789566035086,drift,1
2025-02-26 23:00:00,AWS_001,21.521087757394877,1005.0058504940791,96.46430843925599,drift,1
2025-02-27 00:00:00,AWS_001,21.268158072930245,1005.4300471664567,100.0,drift,1
2025-02-27 01:00:00,AWS_001,22.819300471681004,1005.2985587973292,94.9726830111825,drift,1
2025-02-27 02:00:00,AWS_001,24.12051054609379,1005.1682379022959,93.0569776796003,drift,1
2025-02-27 03:00:00,AWS_001,26.14136986803878,1006.1888144436207,95.70540767240296,drift,1
2025-02-27 04:00:00,AWS_001,27.629337783100006,1005.7082492735896,87.6887806978981,drift,1
2025-02-27 05:00:00,AWS_001,28.302732588774518,1005.7082492735896,87.6887806978981,drift,1
2025-02-27 06:00:00,AWS_001,28.97612739444903,1005.7082492735896,87.6887806978981,drift,1
2025-02-27 07:00:00,AWS_001,29.649522200123545,1005.7082492735896,87.6887806978981,drift,1
2025-02-27 08:00:00,AWS_001,36.197402045179956,1006.7504466351446,91.39813126411279,drift,1
2025-02-27 09:00:00,AWS_001,37.503346988207554,1007.9911284929059,88.73994821164304,drift,1
2025-02-27 10:00:00,AWS_001,39.27726928544817,1007.2298313222104,88.29488599973423,drift,1
2025-02-27 11:00:00,AWS_001,41.184135862653775,1007.415948529706,87.29421393992607,drift,1
2025-02-27 12:00:00,AWS_001,42.116407123923224,1007.9314557600117,85.12785207081279,drift,1
2025-02-27 13:00:00,AWS_001,42.543762925849165,1007.4723260590818,88.96779389394955,drift,1
2025-02-27 14:00:00,AWS_001,43.01180553876072,1007.8323239052814,86.04854617636748,drift,1
2025-02-27 15:00:00,AWS_001,43.107380047060715,1007.439957465645,84.19549376728298,drift,1
2025-02-27 16:00:00,AWS_001,42.138754986445974,1006.7411907982033,90.70911948793396,drift,1
2025-02-27 17:00:00,AWS_001,41.17101481048001,1006.7047754472114,91.36995968226795,drift,1
2025-02-27 18:00:00,AWS_001,40.283316061063566,1006.4891499092907,96.545912126806,drift,1
2025-02-27 19:00:00,AWS_001,38.736709240048526,1006.3608635054998,93.77856350291384,drift,1
2025-02-27 20:00:00,AWS_001,38.91794358052672,1006.5170196343834,93.80956221848841,drift,1
2025-02-27 21:00:00,AWS_001,37.88869609609862,1005.764344520338,90.42313782473994,drift,1
2025-02-27 22:00:00,AWS_001,38.079817536265615,1005.2228409952193,100.0,drift,1
2025-02-27 23:00:00,AWS_001,37.30726251191655,1005.4990185004041,94.40501271271685,drift,1
2025-02-28 00:00:00,AWS_001,19.276860276117706,1005.527197675944,93.96325249922634,none,0
2025-02-28 01:00:00,AWS_001,18.94314660193249,1004.9828306014869,95.73493172631254,none,0
2025-02-28 02:00:00,AWS_001,20.071239588692645,1005.6600118333552,96.043838391088,none,0
2025-02-28 03:00:00,AWS_001,21.84401299811357,1005.5545187340717,93.5791900544243,none,0
2025-02-28 04:00:00,AWS_001,22.1047099094087,1005.6935746759013,88.14347736972317,none,0
2025-02-28 05:00:00,AWS_001,23.670119402873457,1006.3156566457905,95.60337976010385,none,0
2025-02-28 06:00:00,AWS_001,25.207754776384174,1005.7953522963799,95.5160149624697,none,0
2025-02-28 07:00:00,AWS_001,27.086837131527858,1006.1785644809146,87.6436427709224,none,0
2025-02-28 08:00:00,AWS_001,28.00066888619023,1007.166837043601,89.62624074299015,none,0
2025-02-28 09:00:00,AWS_001,29.4469496505165,1007.4570511103151,84.97896416965256,none,0
2025-02-28 10:00:00,AWS_001,30.063826849798616,1007.1248718581927,89.8094362906164,none,0
2025-02-28 11:00:00,AWS_001,32.29845261317491,1007.2087171399847,83.7500389014841,none,0
2025-02-28 12:00:00,AWS_001,31.162901522129275,1007.9281039099549,83.57957168538071,none,0
2025-02-28 13:00:00,AWS_001,31.127918575476833,1007.2908254868289,86.22075986507278,none,0
2025-02-28 14:00:00,AWS_001,30.126318188504356,1007.7511357861849,87.9544795878196,none,0
2025-02-28 15:00:00,AWS_001,29.681418081613792,1007.2150063399489,91.52025214531747,none,0
2025-02-28 16:00:00,AWS_001,28.303812071331897,1007.0481190203669,87.69149543130796,none,0
2025-02-28 17:00:00,AWS_001,26.195215687994757,1006.4579713857656,92.96409046281728,none,0
2025-02-28 18:00:00,AWS_001,26.58474415912094,1006.7006322018452,95.01823766497706,none,0
2025-02-28 19:00:00,AWS_001,23.708049962662752,1006.4249975863305,90.19227524080324,none,0
2025-02-28 20:00:00,AWS_001,22.270314004348577,1006.0289453265559,96.85984742224834,none,0
2025-02-28 21:00:00,AWS_001,21.49994489682315,1005.4307493996872,96.41140741671813,none,0
2025-02-28 22:00:00,AWS_001,19.410330387590584,1005.4079413874107,96.52552227218938,none,0
2025-02-28 23:00:00,AWS_001,19.568469486923703,1004.9636951863512,90.8656815680605,none,0
2025-03-01 00:00:00,AWS_001,18.926414595739857,1005.2953549919094,99.82604334304646,none,0
2025-03-01 01:00:00,AWS_001,19.36294739917925,1005.5625168560166,100.0,none,0
2025-03-01 02:00:00,AWS_001,20.059398299664956,1005.2374236524226,100.0,none,0
2025-03-01 03:00:00,AWS_001,20.222472862967976,1005.3662238290264,94.73423097757798,none,0
2025-03-01 04:00:00,AWS_001,22.230867791566634,1005.448188785497,94.0598308716145,none,0
2025-03-01 05:00:00,AWS_001,24.002530661166627,1006.1435657949193,90.22707480068559,none,0
2025-03-01 06:00:00,AWS_001,25.060887353881313,1006.3800681873728,89.34664776654657,none,0
2025-03-01 07:00:00,AWS_001,27.08073451035876,1006.6888871874235,91.84218945520841,none,0
2025-03-01 08:00:00,AWS_001,28.354581772426645,1007.7257867368223,87.78913973627425,none,0
2025-03-01 09:00:00,AWS_001,30.254396189845224,1007.8675097094056,84.16978117142347,none,0
2025-03-01 10:00:00,AWS_001,30.60673231042057,1007.0998586216426,87.3496206479246,none,0
2025-03-01 11:00:00,AWS_001,31.396713560125576,1006.8435308288812,85.49542264929211,none,0
2025-03-01 12:00:00,AWS_001,31.514653862547522,1007.4495600490396,85.88747672199314,none,0
2025-03-01 13:00:00,AWS_001,31.17447432375428,1007.3827126436198,84.40007077825435,none,0
2025-03-01 14:00:00,AWS_001,31.344976355276323,1007.7979533540973,89.72990330040061,none,0
2025-03-01 15:00:00,AWS_001,29.91189750704642,1007.5196369295933,87.10005742424836,none,0
2025-03-01 16:00:00,AWS_001,28.63878024976821,1006.8014880353735,90.50776809947821,none,0
2025-03-01 17:00:00,AWS_001,27.357557155965342,1007.210542676314,93.68535090386021,none,0
2025-03-01 18:00:00,AWS_001,26.355893226839054,1006.9877451676331,90.14981822291803,none,0
2025-03-01 19:00:00,AWS_001,23.625000524810723,1006.0794945327251,93.01046474167237,none,0
2025-03-01 20:00:00,AWS_001,23.07678409333253,1005.6848203396706,95.65899788518836,none,0
2025-03-01 21:00:00,AWS_001,20.875539751023915,1005.5308153821148,96.40608373742123,none,0
2025-03-01 22:00:00,AWS_001,20.285381950464874,1005.3677268927627,95.1540057898016,none,0
2025-03-01 23:00:00,AWS_001,20.0289807516579,1005.5243666702071,99.28434953951586,none,0
2025-03-02 00:00:00,AWS_001,20.02745505355469,1004.9344924134649,88.52709198891549,none,0
2025-03-02 01:00:00,AWS_001,19.41503704076061,1004.593395457103,95.68484567778752,none,0
2025-03-02 02:00:00,AWS_001,20.828721291766996,1005.1642710741912,99.06338531348155,none,0
2025-03-02 03:00:00,AWS_001,21.573215881949196,1005.9215579120312,95.57916093799571,none,0
2025-03-02 04:00:00,AWS_001,23.484485970016806,1005.7145822929674,92.98336441287121,none,0
2025-03-02 05:00:00,AWS_001,23.49151839260481,1006.1220182609924,98.71927218625233,none,0
2025-03-02 06:00:00,AWS_001,25.77501901861455,1007.2730792625404,92.2872468402528,none,0
2025-03-02 07:00:00,AWS_001,26.936584637457788,1006.5453259150637,91.80577146754673,none,0
2025-03-02 08:00:00,AWS_001,28.42360458340902,1007.0146924947977,90.8716113889995,none,0
2025-03-02 09:00:00,AWS_001,29.813469375639713,1006.7056131890854,83.95960313288263,none,0
2025-03-02 10:00:00,AWS_001,30.56127287065842,1007.3458221769557,86.84797747627881,none,0
2025-03-02 11:00:00,AWS_001,31.5647106873357,1007.6328848895946,87.94204012209778,none,0
2025-03-02 12:00:00,AWS_001,,,,dropout,1
2025-03-02 13:00:00,AWS_001,,,,dropout,1
2025-03-02 14:00:00,AWS_001,,,,dropout,1
2025-03-02 15:00:00,AWS_001,29.85040686081792,1007.0697301036785,87.67266027615842,none,0
2025-03-02 16:00:00,AWS_001,27.875230689036027,1007.0272693494893,89.2680899775916,none,0
2025-03-02 17:00:00,AWS_001,27.04478064338198,1006.7992941690251,91.54522742027224,none,0
2025-03-02 18:00:00,AWS_001,25.61712933810933,1006.379881253169,89.24878934789122,none,0
2025-03-02 19:00:00,AWS_001,23.930321488307097,1006.1339914872046,92.37756440035811,none,0
2025-03-02 20:00:00,AWS_001,22.490124237313985,1006.0148506046625,95.7041363212106,none,0
2025-03-02 21:00:00,AWS_001,21.867809716226397,1005.854691940006,97.40762158838741,none,0
2025-03-02 22:00:00,AWS_001,20.184980671406173,1005.3329129980042,100.0,none,0
2025-03-02 23:00:00,AWS_001,19.63225429451738,1005.2195080155961,100.0,none,0
2025-03-03 00:00:00,AWS_001,19.399209065368503,1005.3774484881237,96.52950505300967,none,0
2025-03-03 01:00:00,AWS_001,19.664930357771606,965.6622054879074,97.69044567093232,spike,1
2025-03-03 02:00:00,AWS_001,20.15239084109977,1005.3275909566917,100.0,none,0
2025-03-03 03:00:00,AWS_001,21.427990822388182,1005.5885864104766,98.39977454604735,none,0
2025-03-03 04:00:00,AWS_001,23.06589276273056,1006.0800335223549,91.46535008576092,none,0
2025-03-03 05:00:00,AWS_001,24.131252556551317,1005.9754083233394,92.24875150018791,none,0
2025-03-03 06:00:00,AWS_001,25.694417241005606,1006.7093419472318,89.81153894230924,none,0
2025-03-03 07:00:00,AWS_001,26.99811875541881,1007.1890737599416,85.26466793482753,drift,1
2025-03-03 08:00:00,AWS_001,28.85260628433522,1007.0296567420158,86.3051447221124,drift,1
2025-03-03 09:00:00,AWS_001,30.139277920357955,1007.820035849943,85.37125474695114,drift,1
2025-03-03 10:00:00,AWS_001,32.84428256004044,1007.442303753907,84.15657636831428,drift,1
2025-03-03 11:00:00,AWS_001,33.02221353384383,1007.3679971361663,82.36786071160572,drift,1
2025-03-03 12:00:00,AWS_001,33.37045940613222,1008.1130327075037,87.98653453876848,drift,1
2025-03-03 13:00:00,AWS_001,33.98943755053187,1007.6685346945104,89.18817297462795,drift,1
2025-03-03 14:00:00,AWS_001,33.70978342339368,1007.2182775714064,91.70087815421073,drift,1
2025-03-03 15:00:00,AWS_001,33.726018103711596,1007.4702407804544,84.68351386787529,drift,1
2025-03-03 16:00:00,AWS_001,32.60088517068058,1007.4560371256912,95.00645975113001,drift,1
2025-03-03 17:00:00,AWS_001,30.98362360887461,1007.2622779200539,90.94381103974928,drift,1
2025-03-03 18:00:00,AWS_001,30.080393728283404,1006.3749110696234,88.32722979944073,drift,1
2025-03-03 19:00:00,AWS_001,28.80454108092688,1006.8251920131964,93.50119439027462,drift,1
2025-03-03 20:00:00,AWS_001,28.062829431574144,1006.1014744040964,95.93066339155249,drift,1
2025-03-03 21:00:00,AWS_001,26.694915691637405,1006.207751899716,95.56576691396492,drift,1
2025-03-03 22:00:00,AWS_001,27.464160111539265,1005.2226525758899,89.78519279772475,drift,1
2025-03-03 23:00:00,AWS_001,20.035127624843316,1005.2896471636334,99.18554056824799,none,0
2025-03-04 00:00:00,AWS_001,19.75784302996949,1005.3290593579975,94.19594610546737,none,0
2025-03-04 01:00:00,AWS_001,20.001526586361965,1004.9852506945905,99.64050260728247,none,0
2025-03-04 02:00:00,AWS_001,20.740804977077637,1005.2533385180934,93.0482364672341,none,0
2025-03-04 03:00:00,AWS_001,21.11786866767069,1005.9751448827343,96.08450625789891,none,0
2025-03-04 04:00:00,AWS_001,22.74795542367681,1005.7053318777841,96.49498526481992,none,0
2025-03-04 05:00:00,AWS_001,24.795739060782516,1005.9961276945035,94.77192774522936,none,0
2025-03-04 06:00:00,AWS_001,26.279521553360794,1006.224514561727,88.69854368637735,none,0
2025-03-04 07:00:00,AWS_001,26.82050285420076,1006.9260406416089,88.97145674889705,none,0
2025-03-04 08:00:00,AWS_001,28.520859717304255,1006.9176789129604,88.85969066450485,none,0
2025-03-04 09:00:00,AWS_001,33.63438133567576,1008.6456932740393,98.0,thermo_inconsistent,1
2025-03-04 10:00:00,AWS_001,30.177576583323063,1007.5376372960765,90.22678757865951,none,0
2025-03-04 11:00:00,AWS_001,31.268950244598948,1007.898181875575,88.43512347171364,none,0
2025-03-04 12:00:00,AWS_001,31.71194367580492,1007.6982433058641,81.13748378532188,none,0
2025-03-04 13:00:00,AWS_001,31.72291851903066,1007.2043166698646,90.6114702573352,none,0
2025-03-04 14:00:00,AWS_001,30.85850052948774,1007.8383761956397,88.7456107620664,none,0
2025-03-04 15:00:00,AWS_001,29.401185569765218,1007.1641463995271,83.99900057162387,none,0
2025-03-04 16:00:00,AWS_001,28.63940756314196,1007.1409373495125,85.50926099470047,none,0
2025-03-04 17:00:00,AWS_001,26.97844058809843,1006.6735219236049,95.05219680612905,none,0
2025-03-04 18:00:00,AWS_001,26.1227861424425,1006.1795212848908,93.04809677912216,none,0
2025-03-04 19:00:00,AWS_001,24.540706810645865,1006.6222017164375,92.46099837309599,none,0
2025-03-04 20:00:00,AWS_001,22.554352433979698,1006.2729749981174,93.37557500689464,none,0
2025-03-04 21:00:00,AWS_001,22.03045353983926,1005.7420364695917,92.40885579138326,none,0
2025-03-04 22:00:00,AWS_001,20.432571923042616,1005.5737926561422,93.28786088968728,none,0
2025-03-04 23:00:00,AWS_001,20.09060871627756,1005.7795443987405,94.23062683145756,none,0
2025-03-05 00:00:00,AWS_001,20.342937983097052,1005.7130981128772,97.40586499729685,none,0
2025-03-05 01:00:00,AWS_001,33.1014709210244,987.8462133034853,98.0,multivariate_inconsistent,1
2025-03-05 02:00:00,AWS_001,20.49571492972859,1005.5976238347303,94.05307462800045,none,0
2025-03-05 03:00:00,AWS_001,21.607899585292337,1005.6781046826255,92.41849992817242,none,0
2025-03-05 04:00:00,AWS_001,23.858011195317662,1005.7300261042816,90.31223368012127,none,0
2025-03-05 05:00:00,AWS_001,24.15618528941258,1006.2042314175358,99.81364351990878,none,0
2025-03-05 06:00:00,AWS_001,25.956346846692934,1006.9323279821012,86.96514217454607,none,0
2025-03-05 07:00:00,AWS_001,26.942702596103416,1006.3836339431502,88.65528666595328,none,0
2025-03-05 08:00:00,AWS_001,29.03001189006659,1007.2817502110211,89.61643237844532,none,0
2025-03-05 09:00:00,AWS_001,29.87939396022725,1007.6171895834975,80.59576149580636,none,0
2025-03-05 10:00:00,AWS_001,31.35525589374733,1007.262630257699,88.02502755236937,none,0
2025-03-05 11:00:00,AWS_001,31.279376020030885,1007.6929592485012,90.99883393648788,none,0
2025-03-05 12:00:00,AWS_001,32.08655117345551,1007.7902664834743,84.3825267576386,none,0
2025-03-05 13:00:00,AWS_001,31.645866916814274,1007.9629107133885,87.90020455912665,none,0
2025-03-05 14:00:00,AWS_001,31.164666502851574,1007.761083982139,88.79231781035834,none,0
2025-03-05 15:00:00,AWS_001,30.281833348948087,1007.4079004534591,87.55710260916464,none,0
2025-03-05 16:00:00,AWS_001,29.152063452691277,1006.8761219355728,89.52476726134762,none,0
2025-03-05 17:00:00,AWS_001,27.051301751193726,1006.6851265147851,90.6866769533686,none,0
2025-03-05 18:00:00,AWS_001,25.1006134826174,1007.026515881603,90.6717927007593,none,0
2025-03-05 19:00:00,AWS_001,24.24623701949007,1006.5891664279785,95.76982359390422,none,0
2025-03-05 20:00:00,AWS_001,23.134501982197676,1005.9052854568682,91.29062500570653,none,0
2025-03-05 21:00:00,AWS_001,21.16352266150659,1005.5091096830084,93.37399904556351,none,0
2025-03-05 22:00:00,AWS_001,21.083548442049402,1005.6150141846924,94.70728624712201,none,0
2025-03-05 23:00:00,AWS_001,19.707541524722615,1005.7391743990918,95.47845577485214,none,0
2025-03-06 00:00:00,AWS_001,19.923638539122326,1005.2120272970759,97.92830143787138,none,0
2025-03-06 01:00:00,AWS_001,20.083257915234153,1005.5991346139525,92.88627555794731,none,0
2025-03-06 02:00:00,AWS_001,20.706136891609685,1005.2928415384946,92.70767600332898,none,0
2025-03-06 03:00:00,AWS_001,22.180181956378096,1006.0347608691607,95.80474796623012,none,0
2025-03-06 04:00:00,AWS_001,22.41371590589945,1005.5104200060424,93.82782297672964,none,0
2025-03-06 05:00:00,AWS_001,23.94693000126688,1006.1308011885674,95.59275057687293,none,0
2025-03-06 06:00:00,AWS_001,25.688854588371818,1006.3814445409608,92.54757289670155,none,0
2025-03-06 07:00:00,AWS_001,27.528906244851047,1006.8916569663922,87.12472139105665,none,0
2025-03-06 08:00:00,AWS_001,28.53937724776842,1007.0889117691148,84.19419328486627,none,0
2025-03-06 09:00:00,AWS_001,30.653295463261355,1007.184179341826,87.55101892568786,none,0
2025-03-06 10:00:00,AWS_001,31.097647492568754,1007.8646002065282,86.3232786388551,none,0
2025-03-06 11:00:00,AWS_001,31.66595116221432,1007.7860419162123,91.02654724979446,none,0
2025-03-06 12:00:00,AWS_001,31.714276105055117,1007.931232088313,87.05692145794895,none,0
2025-03-06 13:00:00,AWS_001,32.06146889350617,1007.6497555834269,91.47179571852283,none,0
2025-03-06 14:00:00,AWS_001,45.197933604756955,994.5735321928042,98.0,multivariate_inconsistent,1
2025-03-06 15:00:00,AWS_001,29.165715940528123,1006.9265126938446,87.77451716154042,none,0
2025-03-06 16:00:00,AWS_001,29.111491200880295,1007.0203565488424,91.24292043311212,none,0
2025-03-06 17:00:00,AWS_001,27.024853183472086,1006.9155069196585,92.0193328606781,none,0
2025-03-06 18:00:00,AWS_001,26.068415079478523,1006.7631070705568,98.60999667591678,none,0
2025-03-06 19:00:00,AWS_001,24.43098654726248,1006.064358517898,91.19438417966255,none,0
2025-03-06 20:00:00,AWS_001,23.032635933316485,1006.3029834424092,89.00922223099126,none,0
2025-03-06 21:00:00,AWS_001,21.629677914970728,1005.3886633247386,93.55977094633725,none,0
2025-03-06 22:00:00,AWS_001,20.542265510752753,1005.507891677498,98.99406414858012,none,0
2025-03-06 23:00:00,AWS_001,20.443594925216075,1005.9624904308076,89.52597741296407,none,0
2025-03-07 00:00:00,AWS_001,19.551241462919634,1005.7081189927125,96.54821817883061,none,0
2025-03-07 01:00:00,AWS_001,20.708168054892194,1006.1021142098857,98.54633654805241,none,0
2025-03-07 02:00:00,AWS_001,21.027526595390505,1005.7435541412381,99.71726184922498,none,0
2025-03-07 03:00:00,AWS_001,21.181480039250197,1005.8927432024656,100.0,none,0
2025-03-07 04:00:00,AWS_001,22.289082489779748,1006.6079023162439,92.51156670481316,none,0
2025-03-07 05:00:00,AWS_001,25.034840425140562,1006.1293023654737,90.53517894145875,none,0
2025-03-07 06:00:00,AWS_001,25.897460199273223,1006.642647612021,94.90971177831473,none,0
2025-03-07 07:00:00,AWS_001,27.078981955656047,1006.7362289496926,93.13752285930664,none,0
2025-03-07 08:00:00,AWS_001,29.317923126502965,1007.4783636186438,85.88687148439988,none,0
2025-03-07 09:00:00,AWS_001,30.239146180588673,1007.6655792200866,89.32129247685275,none,0
2025-03-07 10:00:00,AWS_001,31.344823448436262,1007.3889717650401,88.1079810349635,none,0
2025-03-07 11:00:00,AWS_001,31.76077460353736,1008.1503008967163,88.35894743111814,none,0
2025-03-07 12:00:00,AWS_001,32.003131393929074,1008.0476897671863,84.11513869390083,none,0
2025-03-07 13:00:00,AWS_001,32.00571319141774,1007.9898107758333,83.13113152880523,none,0
2025-03-07 14:00:00,AWS_001,31.49962696716944,1007.7468271966288,87.62020242728757,none,0
2025-03-07 15:00:00,AWS_001,29.450026819412056,1008.0491291138958,86.3163045604244,none,0
2025-03-07 16:00:00,AWS_001,28.93658363496397,1007.1517972841896,89.07925742389237,none,0
2025-03-07 17:00:00,AWS_001,27.809814833409984,1007.0830294961403,86.11178592120575,none,0
2025-03-07 18:00:00,AWS_001,26.39138541090342,1006.8669573116072,92.23682022791917,none,0
2025-03-07 19:00:00,AWS_001,24.291543618108363,1006.3865591620021,89.50249403612713,none,0
2025-03-07 20:00:00,AWS_001,22.951684348972545,1005.8882632219786,94.24872606826902,none,0
2025-03-07 21:00:00,AWS_001,21.430049931993366,1005.5842703867986,95.5703548267648,none,0
2025-03-07 22:00:00,AWS_001,20.108485255914708,1005.7195581640038,93.2587265472949,none,0
2025-03-07 23:00:00,AWS_001,19.97347095287668,1004.9893507921944,89.78927631811405,none,0
2025-03-08 00:00:00,AWS_001,20.201868946565334,1005.9203908297039,96.227010515841,none,0
2025-03-08 01:00:00,AWS_001,20.16694462353531,1005.5638871844627,95.97318669528309,none,0
2025-03-08 02:00:00,AWS_001,21.2518859109383,1005.8223621878082,96.66062141122849,none,0
2025-03-08 03:00:00,AWS_001,21.526278852448286,1005.9980124763439,97.81274663595332,none,0
2025-03-08 04:00:00,AWS_001,23.183986165593204,1006.2188918759327,90.58108275868359,none,0
2025-03-08 05:00:00,AWS_001,24.37755640383377,1006.4687723038478,93.74513796836536,none,0
2025-03-08 06:00:00,AWS_001,26.169509313187604,1006.4658442643349,85.67116419636143,none,0
2025-03-08 07:00:00,AWS_001,27.266096049181634,1006.8320159981758,87.07751561820697,none,0
2025-03-08 08:00:00,AWS_001,28.957326086870868,1006.8103251839253,84.28186049548384,none,0
2025-03-08 09:00:00,AWS_001,30.231673419368708,1008.1902385209787,87.32467029556659,none,0
2025-03-08 10:00:00,AWS_001,31.30636342066584,1008.0809686749234,85.9705329680413,none,0
2025-03-08 11:00:00,AWS_001,32.58107619208782,1008.2945014597433,82.30490550220406,none,0
2025-03-08 12:00:00,AWS_001,31.533484110198746,1007.9435742205123,86.39561036069897,none,0
2025-03-08 13:00:00,AWS_001,32.16636935733958,1008.391890849638,84.17315164736705,none,0
2025-03-08 14:00:00,AWS_001,30.960712484014987,1008.1178642421347,84.91637873460142,none,0
2025-03-08 15:00:00,AWS_001,30.32099042470703,1007.6965886294715,86.88507058874492,none,0
2025-03-08 16:00:00,AWS_001,3.933899705912534,1007.334317618951,88.44004002725246,spike,1
2025-03-08 17:00:00,AWS_001,27.592183879131657,1007.4684418117273,91.53923516993015,none,0
2025-03-08 18:00:00,AWS_001,26.651342623046688,1006.8758438210826,88.36448585966033,none,0
2025-03-08 19:00:00,AWS_001,24.383400647898828,1005.9750536908997,93.76580966273988,none,0
2025-03-08 20:00:00,AWS_001,23.75074988731599,1006.3089853394929,148.1401152765457,spike,1
2025-03-08 21:00:00,AWS_001,33.99659701643791,988.1545484856679,98.0,multivariate_inconsistent,1
2025-03-08 22:00:00,AWS_001,20.893052096826477,1006.6149654960603,95.42132665142586,none,0
2025-03-08 23:00:00,AWS_001,20.11379292495653,1005.7627424502351,88.35884091169522,none,0
2025-03-09 00:00:00,AWS_001,19.614636133110725,1005.475212444839,100.0,none,0
2025-03-09 01:00:00,AWS_001,20.415857986796784,1005.8414850723076,94.47741633327547,none,0
2025-03-09 02:00:00,AWS_001,20.621845039576623,1006.0816559233499,92.61319792350295,none,0
2025-03-09 03:00:00,AWS_001,22.152739443400318,1005.7465853112467,93.27340450152982,none,0
2025-03-09 04:00:00,AWS_001,22.768160485185422,1006.503596886753,97.67429882169904,none,0
2025-03-09 05:00:00,AWS_001,24.626610740216165,1006.4469235134079,89.98555626690876,none,0
2025-03-09 06:00:00,AWS_001,26.187187390255758,1006.7309280732977,92.47877560861042,none,0
2025-03-09 07:00:00,AWS_001,28.3546427301737,1007.4773491574656,97.45605387805834,none,0
2025-03-09 08:00:00,AWS_001,29.26771202481693,1007.5181101190719,87.06854536300877,none,0
2025-03-09 09:00:00,AWS_001,30.10220285287022,1007.6352078766415,84.2991980170584,none,0
2025-03-09 10:00:00,AWS_001,30.64852158854614,1007.7302267242137,87.12466448579579,none,0
2025-03-09 11:00:00,AWS_001,,,,dropout,1
2025-03-09 12:00:00,AWS_001,,,,dropout,1
2025-03-09 13:00:00,AWS_001,,,,dropout,1
2025-03-09 14:00:00,AWS_001,,,,dropout,1
2025-03-09 15:00:00,AWS_001,,,,dropout,1
2025-03-09 16:00:00,AWS_001,29.343273657646314,1007.2201135971479,84.28989051909979,none,0
2025-03-09 17:00:00,AWS_001,27.5738722448707,1006.9961742804397,83.57896475682864,none,0
2025-03-09 18:00:00,AWS_001,26.1511138372128,1006.8711280802219,89.04273212172558,none,0
2025-03-09 19:00:00,AWS_001,24.536197271969268,1006.4227548085481,97.61904416779788,none,0
2025-03-09 20:00:00,AWS_001,23.169270531036634,1006.4271194013293,89.70097467371978,none,0
2025-03-09 21:00:00,AWS_001,22.291316860737997,1006.1066419269088,94.56828095892426,frozen,1
2025-03-09 22:00:00,AWS_001,22.291316860737997,1006.1066419269088,94.56828095892426,frozen,1
2025-03-09 23:00:00,AWS_001,22.291316860737997,1006.1066419269088,94.56828095892426,frozen,1
2025-03-10 00:00:00,AWS_001,22.291316860737997,1006.1066419269088,94.56828095892426,frozen,1
2025-03-10 01:00:00,AWS_001,22.291316860737997,1006.1066419269088,94.56828095892426,frozen,1
2025-03-10 02:00:00,AWS_001,22.291316860737997,1006.1066419269088,94.56828095892426,frozen,1
2025-03-10 03:00:00,AWS_001,22.291316860737997,1006.1066419269088,94.56828095892426,frozen,1
2025-03-10 04:00:00,AWS_001,22.984858635393454,1006.1998270880431,95.27663741167153,none,0
2025-03-10 05:00:00,AWS_001,24.533724291306413,1006.7199495110767,90.87220844840586,none,0
2025-03-10 06:00:00,AWS_001,26.591216553143287,1007.1198221744573,96.816362219767,none,0
2025-03-10 07:00:00,AWS_001,28.157889164590316,1006.9538860946786,94.02113360744582,none,0
2025-03-10 08:00:00,AWS_001,29.318197170645742,1007.5927914333133,90.7116300690098,none,0
2025-03-10 09:00:00,AWS_001,30.74059878367421,1007.9945023282053,87.27098836987818,none,0
2025-03-10 10:00:00,AWS_001,31.251511932623767,1008.2084288319428,86.14429611563934,none,0
2025-03-10 11:00:00,AWS_001,32.14998297204222,1008.3306069903335,85.24331602247346,none,0
2025-03-10 12:00:00,AWS_001,32.02099131787477,1007.2981348905697,84.6840721487059,none,0
2025-03-10 13:00:00,AWS_001,32.28848682120579,1008.3294031962457,84.64864959299106,none,0
2025-03-10 14:00:00,AWS_001,31.10862752863296,1007.7568774787944,90.07313382076056,none,0
2025-03-10 15:00:00,AWS_001,30.437322476830207,1007.9934919387515,81.98180630847833,none,0
2025-03-10 16:00:00,AWS_001,29.29582977514448,1007.9095321694969,88.62036497285119,none,0
2025-03-10 17:00:00,AWS_001,26.849678002947773,1007.1034201085107,86.11373353063125,none,0
2025-03-10 18:00:00,AWS_001,26.822675016915255,1007.0393300107205,93.30252369182848,none,0
2025-03-10 19:00:00,AWS_001,24.01226256999855,1006.0938086319261,96.40975427059388,none,0
2025-03-10 20:00:00,AWS_001,23.088217416130863,1006.0116188883724,89.86867578436518,none,0
2025-03-10 21:00:00,AWS_001,21.81138443810144,1006.1305689784921,91.4101851095022,none,0
2025-03-10 22:00:00,AWS_001,20.960029189142144,1005.9834664880802,92.98972645286999,none,0
2025-03-10 23:00:00,AWS_001,19.609533153352782,1005.7723052785752,100.0,none,0
2025-03-11 00:00:00,AWS_001,20.480133115460028,1005.6350695069727,32.66815963328726,spike,1
2025-03-11 01:00:00,AWS_001,20.57925223623128,1005.2104470944345,95.40076814518163,none,0
2025-03-11 02:00:00,AWS_001,,,,dropout,1
2025-03-11 03:00:00,AWS_001,,,,dropout,1
2025-03-11 04:00:00,AWS_001,,,,dropout,1
2025-03-11 05:00:00,AWS_001,,,,dropout,1
2025-03-11 06:00:00,AWS_001,,,,dropout,1
2025-03-11 07:00:00,AWS_001,28.17224183397982,1006.6799596111016,87.05496606979298,none,0
2025-03-11 08:00:00,AWS_001,28.80955382878083,1007.5920451384382,88.22471553475592,none,0
2025-03-11 09:00:00,AWS_001,30.3457817145849,1007.6882365896172,86.74024905156516,none,0
2025-03-11 10:00:00,AWS_001,31.09174769466495,1008.348779080933,89.67590925959006,none,0
2025-03-11 11:00:00,AWS_001,32.509359484003944,1008.0796584474294,87.2233257736203,none,0
2025-03-11 12:00:00,AWS_001,37.92370172291306,1008.3540746494508,93.05404303612924,thermo_inconsistent,1
2025-03-11 13:00:00,AWS_001,32.4657564465055,1007.8803146233482,83.89564885547553,none,0
2025-03-11 14:00:00,AWS_001,31.704383610692002,1007.9225777136943,82.03622293039894,none,0
2025-03-11 15:00:00,AWS_001,30.107597963464855,1007.5115787637936,88.2233884311038,none,0
2025-03-11 16:00:00,AWS_001,29.248959392984013,1007.0835437100174,88.34377285213186,none,0
2025-03-11 17:00:00,AWS_001,27.43303283589548,1007.4055925937082,86.47435277833945,none,0
2025-03-11 18:00:00,AWS_001,25.560888222194396,1006.9961181522399,86.39346988219114,none,0
2025-03-11 19:00:00,AWS_001,24.74290523623226,1006.5940729616391,93.76631738536977,none,0
2025-03-11 20:00:00,AWS_001,22.872518352930168,1006.5845525258223,91.56147840413446,none,0
2025-03-11 21:00:00,AWS_001,22.000258145206242,1006.0493423255778,93.26821802244032,none,0
2025-03-11 22:00:00,AWS_001,21.011827631146932,1006.1136130637963,97.23498179722138,none,0
2025-03-11 23:00:00,AWS_001,21.106520305572758,1005.6851208935068,99.88451382416496,none,0
2025-03-12 00:00:00,AWS_001,20.147698959317847,1006.2192489572177,94.96443843678324,none,0
2025-03-12 01:00:00,AWS_001,20.271738543577264,1005.5346132554645,95.61453091449353,none,0
2025-03-12 02:00:00,AWS_001,21.054208621754128,1006.1038703341698,93.11184465289196,none,0
2025-03-12 03:00:00,AWS_001,21.6284161820584,1006.1228132389291,92.71528778967443,none,0
2025-03-12 04:00:00,AWS_001,23.364868334979512,1006.1197413652986,91.66109190800289,none,0
2025-03-12 05:00:00,AWS_001,24.96621769129612,1006.5367580732687,92.56046581638233,none,0
2025-03-12 06:00:00,AWS_001,26.101715806507613,1007.1933417281648,89.21518301344459,none,0
2025-03-12 07:00:00,AWS_001,27.382052365876117,1007.1849801075946,87.7510865171216,none,0
2025-03-12 08:00:00,AWS_001,29.009639760327683,1007.3363099150304,92.6257330585668,none,0
2025-03-12 09:00:00,AWS_001,30.88333692831531,1007.9719267902377,87.43838926361991,none,0
2025-03-12 10:00:00,AWS_001,31.229991314336974,1008.4130669770508,91.71947739896014,none,0
2025-03-12 11:00:00,AWS_001,32.10396255889387,1008.2963597324264,94.59581848425218,none,0
2025-03-12 12:00:00,AWS_001,32.019407425436,1008.2489562403327,87.45838864995405,none,0
2025-03-12 13:00:00,AWS_001,31.800206266620815,1008.1436146636956,88.75329092488973,none,0
2025-03-12 14:00:00,AWS_001,31.808155437689706,1008.0867082599653,85.743711879588,none,0
2025-03-12 15:00:00,AWS_001,29.86928793730621,1007.9025360386796,85.72660841790713,none,0
2025-03-12 16:00:00,AWS_001,29.888498311762504,1007.9211119667607,83.86528531148487,none,0
2025-03-12 17:00:00,AWS_001,27.993062397089222,1007.4868124616913,88.95290720229993,none,0
2025-03-12 18:00:00,AWS_001,26.65053189535462,1006.9790313696992,92.06381428372114,none,0
2025-03-12 19:00:00,AWS_001,24.56496607328191,1006.9250395380783,91.10672221295789,none,0
2025-03-12 20:00:00,AWS_001,22.891301759758566,1006.0173543488179,92.66319735369515,none,0
2025-03-12 21:00:00,AWS_001,21.128290475516238,1005.8601322820323,91.6661397399915,none,0
2025-03-12 22:00:00,AWS_001,20.914615954729268,1005.7286627950992,96.9788098714701,none,0
2025-03-12 23:00:00,AWS_001,20.819648226373314,1005.725860302639,87.79168267126767,none,0
2025-03-13 00:00:00,AWS_001,20.458926619649308,1006.3681052872818,93.98019415703372,none,0
2025-03-13 01:00:00,AWS_001,20.713208898570585,1005.6680019380393,89.51451279393531,none,0
2025-03-13 02:00:00,AWS_001,20.78749333482874,1006.5781588769547,98.9786404899214,none,0
2025-03-13 03:00:00,AWS_001,21.87838957077472,1005.9048897091697,94.01352881139782,none,0
2025-03-13 04:00:00,AWS_001,23.79738657909725,1006.1060192617763,83.3411356735688,none,0
2025-03-13 05:00:00,AWS_001,24.29802301234396,1006.9976483689695,93.9623502744189,none,0
2025-03-13 06:00:00,AWS_001,25.91458907558113,1007.1803592120832,93.02161582705045,none,0
2025-03-13 07:00:00,AWS_001,28.585209067865538,1007.1509238434134,88.02450771735163,none,0
2025-03-13 08:00:00,AWS_001,29.65413673926124,1007.6234228528074,89.24214367540911,none,0
2025-03-13 09:00:00,AWS_001,31.019917335783465,1007.4414168376371,89.36151198775318,none,0
2025-03-13 10:00:00,AWS_001,31.46902180712689,1008.2800290018571,88.75278299529062,none,0
2025-03-13 11:00:00,AWS_001,31.79549445316532,1008.2780430558887,85.3410687280441,none,0
2025-03-13 12:00:00,AWS_001,32.345935462452765,1008.5981776874528,82.37156631346969,none,0
2025-03-13 13:00:00,AWS_001,32.33195573554974,1008.1523270014746,87.09709136026021,none,0
2025-03-13 14:00:00,AWS_001,32.11464187178475,1007.9453590320297,85.58395755438447,none,0
2025-03-13 15:00:00,AWS_001,31.33724253508501,1007.5276116505735,93.0353081032935,none,0
2025-03-13 16:00:00,AWS_001,29.27840221992012,1007.3278387915838,86.63851011579787,none,0
2025-03-13 17:00:00,AWS_001,28.230043954171375,1007.2220573665021,88.79530718281322,none,0
2025-03-13 18:00:00,AWS_001,26.176880637404963,1006.9707526175245,88.52611303433001,none,0
2025-03-13 19:00:00,AWS_001,24.704451361998697,1006.768150222626,94.0838047381161,none,0
2025-03-13 20:00:00,AWS_001,23.304518896662263,1006.2072385053709,97.3577359509454,none,0
2025-03-13 21:00:00,AWS_001,21.726763064563706,1005.7248622340878,96.21581503968599,none,0
2025-03-13 22:00:00,AWS_001,20.827482390296638,1006.2835571099637,95.79656888758367,none,0
2025-03-13 23:00:00,AWS_001,21.598193307273448,1005.8286131829041,87.55200591853865,none,0
2025-03-14 00:00:00,AWS_001,20.075325368783016,1005.9034988980216,94.69454465582525,none,0
2025-03-14 01:00:00,AWS_001,21.33518894130273,1006.1961223827977,93.00353956756206,none,0
2025-03-14 02:00:00,AWS_001,21.04177396667444,1006.2592574857055,95.1582845345797,none,0
2025-03-14 03:00:00,AWS_001,22.407564995867464,1005.5513477343636,91.73151301299791,none,0
2025-03-14 04:00:00,AWS_001,22.89000270047337,1006.0610384730568,93.4240915482443,none,0
2025-03-14 05:00:00,AWS_001,25.729624329515225,1006.4385068695517,92.09296759541998,none,0
2025-03-14 06:00:00,AWS_001,26.713531742760914,1007.0426521800476,91.41745069196611,none,0
2025-03-14 07:00:00,AWS_001,27.496859818425982,1007.3744254543499,89.61231461904252,none,0
2025-03-14 08:00:00,AWS_001,29.50180165770506,1008.1567242574368,88.37539559371821,none,0
2025-03-14 09:00:00,AWS_001,31.045064611094848,1008.2751115841069,89.26221135750498,none,0
2025-03-14 10:00:00,AWS_001,31.159149627515514,1008.4560879828215,82.30768599332978,none,0
2025-03-14 11:00:00,AWS_001,32.861157327482516,1008.4939216769116,82.14692494518417,none,0
2025-03-14 12:00:00,AWS_001,32.405096638523915,1007.7539379619565,86.40858902051654,none,0
2025-03-14 13:00:00,AWS_001,32.2954941341703,1008.4569927712026,84.74287003802793,none,0
2025-03-14 14:00:00,AWS_001,31.11543587821717,1008.0834159470319,86.31768133371516,none,0
2025-03-14 15:00:00,AWS_001,30.63602996518088,1008.2450100888387,88.07256862904939,none,0
2025-03-14 16:00:00,AWS_001,29.991298794991366,1007.8816398448621,93.11649103018821,none,0
2025-03-14 17:00:00,AWS_001,,,,dropout,1
2025-03-14 18:00:00,AWS_001,,,,dropout,1
2025-03-14 19:00:00,AWS_001,,,,dropout,1
2025-03-14 20:00:00,AWS_001,,,,dropout,1
2025-03-14 21:00:00,AWS_001,,,,dropout,1
2025-03-14 22:00:00,AWS_001,21.265097025167996,1006.0655888744895,94.99392750280921,none,0
2025-03-14 23:00:00,AWS_001,20.329076566813306,1006.1315665643785,97.94002388027836,none,0
2025-03-15 00:00:00,AWS_001,20.992708385158792,1006.0878228427403,100.0,none,0
2025-03-15 01:00:00,AWS_001,20.749547057458848,1006.0745917381879,93.09355858949701,none,0
2025-03-15 02:00:00,AWS_001,22.016457313813106,1005.7393100907133,91.4504497123473,none,0
2025-03-15 03:00:00,AWS_001,23.00453704969378,1006.4439980249298,92.6289104369432,none,0
2025-03-15 04:00:00,AWS_001,23.6697457494292,1006.5493223416522,96.48134780377917,none,0
2025-03-15 05:00:00,AWS_001,24.595238047502416,1006.7860510262251,89.5240162698497,none,0
2025-03-15 06:00:00,AWS_001,26.324221991427393,1007.2114654902483,89.68428486214914,none,0
2025-03-15 07:00:00,AWS_001,28.488939434276055,1006.9578205679081,88.19342142007383,none,0
2025-03-15 08:00:00,AWS_001,29.878457232914513,1007.5655344905384,85.91583720949585,none,0
2025-03-15 09:00:00,AWS_001,30.7776740617111,1008.1788708777117,89.11773111627888,none,0
2025-03-15 10:00:00,AWS_001,32.07689295586996,1008.5575426688189,83.5222474329618,none,0
2025-03-15 11:00:00,AWS_001,32.401592327670556,1008.0248879689674,82.40259200009636,none,0
2025-03-15 12:00:00,AWS_001,44.23114665315042,993.4867643505643,98.0,multivariate_inconsistent,1
2025-03-15 13:00:00,AWS_001,32.607285949250134,1008.3788297476372,85.60785374223673,none,0
2025-03-15 14:00:00,AWS_001,31.72837723426476,1008.0430436508979,83.73126332712098,none,0
2025-03-15 15:00:00,AWS_001,30.850163899050372,1008.1620047000264,93.8748616116354,none,0
2025-03-15 16:00:00,AWS_001,29.411505428502274,1007.4439165561787,90.94506007500384,none,0
2025-03-15 17:00:00,AWS_001,28.84511177899724,1007.3591179090268,87.9692462107061,none,0
2025-03-15 18:00:00,AWS_001,26.668587233905352,1007.0625081404461,90.05383010524764,none,0
2025-03-15 19:00:00,AWS_001,24.60048793796501,1006.3789375969591,87.55677216368662,none,0
2025-03-15 20:00:00,AWS_001,23.548134613039103,1006.6710676635887,92.96385538086774,none,0
2025-03-15 21:00:00,AWS_001,23.12096655995422,1005.832871776507,93.35965317256858,none,0
2025-03-15 22:00:00,AWS_001,25.504649299905275,1006.3531346807612,98.0,thermo_inconsistent,1
2025-03-15 23:00:00,AWS_001,20.46358914058725,1005.3850030335359,96.50827927775572,none,0
2025-03-16 00:00:00,AWS_001,20.68971750061203,1005.8879698938528,91.36769571759608,none,0
2025-03-16 01:00:00,AWS_001,21.003301648404424,1005.9089585149424,96.83718334339746,none,0
2025-03-16 02:00:00,AWS_001,21.602755311129364,1006.2087150305654,90.86967854699964,none,0
2025-03-16 03:00:00,AWS_001,22.177273594429906,1006.3369735159282,96.8589083680149,none,0
2025-03-16 04:00:00,AWS_001,23.56433767530151,1006.642462426451,96.10172149192381,none,0
2025-03-16 05:00:00,AWS_001,24.988371927001577,1006.9090742555122,89.83913205109334,none,0
2025-03-16 06:00:00,AWS_001,26.956439273972535,1007.6881779717061,90.6033103187609,none,0
2025-03-16 07:00:00,AWS_001,28.149724855831636,1006.8844793914985,88.50111741902045,none,0
2025-03-16 08:00:00,AWS_001,29.883448780063528,1007.8746084919183,84.26298375650745,none,0
2025-03-16 09:00:00,AWS_001,32.173897012915845,1008.2752194833519,88.32147926781492,none,0
2025-03-16 10:00:00,AWS_001,31.97855512903193,1008.3368544031825,80.87533146130657,none,0
2025-03-16 11:00:00,AWS_001,32.564166060381964,1008.810586423414,91.20864126643632,none,0
2025-03-16 12:00:00,AWS_001,32.74366040952518,1008.6265897271568,85.60763523744644,none,0
2025-03-16 13:00:00,AWS_001,32.072919593738185,1008.509323252655,88.3715361531759,none,0
2025-03-16 14:00:00,AWS_001,32.27514354968143,1008.5023030266963,85.00295240958823,none,0
2025-03-16 15:00:00,AWS_001,30.685520277655552,1007.7149658354873,87.38231372266404,none,0
2025-03-16 16:00:00,AWS_001,30.41942068780561,1007.4532500822958,88.21510351520287,none,0
2025-03-16 17:00:00,AWS_001,28.058280061070885,1007.8550736563813,89.66833547229277,none,0
2025-03-16 18:00:00,AWS_001,27.366897090528195,1007.141426599957,86.27362778892854,none,0
2025-03-16 19:00:00,AWS_001,24.996209785143446,1006.1802479051191,89.26500773834384,none,0
2025-03-16 20:00:00,AWS_001,24.073089394497707,1006.657720751498,90.30958937126823,none,0
2025-03-16 21:00:00,AWS_001,22.406603476479635,1006.7069155925043,94.6913385309605,none,0
2025-03-16 22:00:00,AWS_001,22.1455874764455,1006.3590620067415,97.49562706285705,none,0
2025-03-16 23:00:00,AWS_001,21.719729288684807,1005.6122409339343,96.78225046760542,none,0
2025-03-17 00:00:00,AWS_001,20.750900837818442,1006.0630890060709,96.21253100257918,none,0
2025-03-17 01:00:00,AWS_001,20.91774818470799,1006.5915516172033,95.43850156415444,none,0
2025-03-17 02:00:00,AWS_001,21.45554432003336,1006.6640026184643,93.76905969273857,none,0
2025-03-17 03:00:00,AWS_001,22.48489887859211,1006.5309199487286,90.9917008811468,frozen,1
2025-03-17 04:00:00,AWS_001,22.48489887859211,1006.5309199487286,90.9917008811468,frozen,1
2025-03-17 05:00:00,AWS_001,22.48489887859211,1006.5309199487286,90.9917008811468,frozen,1
2025-03-17 06:00:00,AWS_001,22.48489887859211,1006.5309199487286,90.9917008811468,frozen,1
2025-03-17 07:00:00,AWS_001,22.48489887859211,1006.5309199487286,90.9917008811468,frozen,1
2025-03-17 08:00:00,AWS_001,22.48489887859211,1006.5309199487286,90.9917008811468,frozen,1
2025-03-17 09:00:00,AWS_001,22.48489887859211,1006.5309199487286,90.9917008811468,frozen,1
2025-03-17 10:00:00,AWS_001,22.48489887859211,1006.5309199487286,90.9917008811468,frozen,1
2025-03-17 11:00:00,AWS_001,33.0559554064825,1007.9485758569881,85.68750926554863,none,0
2025-03-17 12:00:00,AWS_001,32.609599493354025,1008.7842750244662,87.46690433195103,none,0
2025-03-17 13:00:00,AWS_001,32.52379706717494,1008.3942979329871,86.34098065027804,none,0
2025-03-17 14:00:00,AWS_001,31.92970124838358,1008.0029686261958,90.95743443258844,none,0
2025-03-17 15:00:00,AWS_001,30.956729151496912,1008.6210630328017,88.03934253510525,none,0
2025-03-17 16:00:00,AWS_001,29.536517761419702,1008.1141653184645,90.04255156524941,none,0
2025-03-17 17:00:00,AWS_001,28.317086185104245,1007.2540897343995,85.30639021656093,none,0
2025-03-17 18:00:00,AWS_001,27.68823769851005,1007.0529539027904,87.05578121534468,none,0
2025-03-17 19:00:00,AWS_001,24.947261142291442,1006.7690107846817,96.01745594408567,none,0
2025-03-17 20:00:00,AWS_001,23.47636078576223,1006.8659044472804,89.69239818053109,none,0
2025-03-17 21:00:00,AWS_001,22.86510342849597,1005.8121904097048,92.22135913517755,none,0
2025-03-17 22:00:00,AWS_001,20.999401349412214,1006.3590465027477,93.68158107029099,none,0
2025-03-17 23:00:00,AWS_001,21.144308619882203,1005.7358851367852,87.89497157815202,none,0
2025-03-18 00:00:00,AWS_001,20.453769031949854,1005.8584136723027,96.73666619480848,none,0
2025-03-18 01:00:00,AWS_001,20.572938670864026,1005.9784835203628,96.16044479530152,none,0
2025-03-18 02:00:00,AWS_001,20.94549887877394,1006.0651787172662,91.69843339120843,none,0
2025-03-18 03:00:00,AWS_001,22.814613380377015,1006.3939996475806,94.65700362316706,none,0
2025-03-18 04:00:00,AWS_001,23.309680903813334,1006.5324926778709,99.13944513067702,none,0
2025-03-18 05:00:00,AWS_001,28.41289015625718,1007.4076304871364,98.0,thermo_inconsistent,1
2025-03-18 06:00:00,AWS_001,26.63674300181749,1007.2639579587842,92.00657610500946,none,0
2025-03-18 07:00:00,AWS_001,28.67666327971826,1007.2472315654554,88.0084466292816,none,0
2025-03-18 08:00:00,AWS_001,29.617789664502798,1008.0245878192219,91.32581717406703,none,0
2025-03-18 09:00:00,AWS_001,31.780480167703796,1007.9785708324268,80.41557040454838,none,0
2025-03-18 10:00:00,AWS_001,32.35306555084913,1007.9803683112323,83.44365838471255,none,0
2025-03-18 11:00:00,AWS_001,33.19832846705088,1008.2807673655559,81.5350583955,none,0
2025-03-18 12:00:00,AWS_001,32.333445078783676,1008.1416858528355,83.3528577073093,none,0
2025-03-18 13:00:00,AWS_001,32.799408722524,1008.5731904706639,89.5468078702099,none,0
2025-03-18 14:00:00,AWS_001,32.5280780432325,1007.917012807907,89.60738181141203,none,0
2025-03-18 15:00:00,AWS_001,31.373751588995255,1008.2975627463841,86.28435484249394,none,0
2025-03-18 16:00:00,AWS_001,29.315913864176704,1007.964962967521,90.22680988836518,none,0
2025-03-18 17:00:00,AWS_001,27.816268379873524,1007.8809767219864,86.68829824450017,none,0
2025-03-18 18:00:00,AWS_001,26.52709901712051,1006.9346294804468,87.91299189091897,none,0
2025-03-18 19:00:00,AWS_001,24.985611806842275,1007.6720776398631,95.40558819720567,none,0
2025-03-18 20:00:00,AWS_001,24.186663862888203,1006.775457872174,95.0288537751041,none,0
2025-03-18 21:00:00,AWS_001,22.74355415042057,1006.4208113850059,94.6680105506174,none,0
2025-03-18 22:00:00,AWS_001,21.005302274306313,1006.20052779813,93.43499580669464,none,0
2025-03-18 23:00:00,AWS_001,21.208121381370418,1005.5284217487045,91.54252184214559,none,0
2025-03-19 00:00:00,AWS_001,21.03534290040975,1005.7166884189224,92.38079571628472,none,0
2025-03-19 01:00:00,AWS_001,21.29805425576822,1006.6206123993076,96.31738326025202,none,0
2025-03-19 02:00:00,AWS_001,21.5242055404564,1006.3884086156783,94.90710710164078,none,0
2025-03-19 03:00:00,AWS_001,22.233118915239405,1006.2275756690505,94.695875246368,none,0
2025-03-19 04:00:00,AWS_001,23.388509211783724,1007.2376410098913,89.510629855543,none,0
2025-03-19 05:00:00,AWS_001,25.43603370172717,1006.8307086681158,94.25575849041881,none,0
2025-03-19 06:00:00,AWS_001,26.227280272151468,1006.8870777385357,83.64884157530335,none,0
2025-03-19 07:00:00,AWS_001,28.02400518619541,1007.3770622948934,92.33943915981038,none,0
2025-03-19 08:00:00,AWS_001,30.293427875962237,1007.7217858807647,90.09245517117598,none,0
2025-03-19 09:00:00,AWS_001,31.55798652767302,1008.0608364227369,89.86170933027257,none,0
2025-03-19 10:00:00,AWS_001,32.347029635718,1008.9550538313815,79.85896410814927,none,0
2025-03-19 11:00:00,AWS_001,32.458628237264826,1008.432923056504,85.76907201909218,none,0
2025-03-19 12:00:00,AWS_001,33.42868680932367,1008.8552463588447,84.4097114322878,none,0
2025-03-19 13:00:00,AWS_001,31.961383294860372,1008.2931203047228,87.6399202764554,none,0
2025-03-19 14:00:00,AWS_001,31.643273052949215,1008.309694832241,89.32880090623247,none,0
2025-03-19 15:00:00,AWS_001,31.040822284892926,1008.4993082049131,87.4820295201717,none,0
2025-03-19 16:00:00,AWS_001,30.120925209147753,1007.5660296487523,89.09806462935508,none,0
2025-03-19 17:00:00,AWS_001,27.882820944595768,1007.5460790734224,84.20212779722758,none,0
2025-03-19 18:00:00,AWS_001,27.238069734452438,1007.4747718268973,88.15382704535574,none,0
2025-03-19 19:00:00,AWS_001,25.262544090713735,1006.8245261246742,90.4511693153613,none,0
2025-03-19 20:00:00,AWS_001,23.83721375016157,1006.9864614709221,91.62525762942882,none,0
2025-03-19 21:00:00,AWS_001,22.452650114422305,1006.2877416371952,99.4276944340968,none,0
2025-03-19 22:00:00,AWS_001,22.232768091693583,1005.5067436684515,93.44914218303678,none,0
2025-03-19 23:00:00,AWS_001,20.806879510505556,1006.3887115340657,94.4655303237485,none,0
2025-03-20 00:00:00,AWS_001,20.30843811384975,1006.1437524503024,93.09176606547514,none,0
2025-03-20 01:00:00,AWS_001,21.29162021907188,1006.5625220532303,89.40681683420762,none,0
2025-03-20 02:00:00,AWS_001,22.01009884826997,1006.6871955362012,94.81388243784814,none,0
2025-03-20 03:00:00,AWS_001,22.796255987254906,1006.3293723776184,92.75479868503302,none,0
2025-03-20 04:00:00,AWS_001,22.96221097925748,1006.9845321193843,91.48042927763467,none,0
2025-03-20 05:00:00,AWS_001,25.612514617419656,1007.1718923845439,92.12879571760473,none,0
2025-03-20 06:00:00,AWS_001,26.77070360723969,1007.4375680886054,90.1159451612071,none,0
2025-03-20 07:00:00,AWS_001,28.0890580472132,1006.9756733036302,87.72962038018946,none,0
2025-03-20 08:00:00,AWS_001,30.23971951316356,1007.9859100864377,83.00792282885251,none,0
2025-03-20 09:00:00,AWS_001,31.762184233341966,1008.1677958597207,83.40912552479388,none,0
2025-03-20 10:00:00,AWS_001,31.747392879125687,1007.9079475516833,87.66490068217291,none,0
2025-03-20 11:00:00,AWS_001,32.75714747141948,1008.9721287765417,86.39984453118176,none,0
2025-03-20 12:00:00,AWS_001,32.643803995778065,1008.4842954864921,87.64598863816222,none,0
2025-03-20 13:00:00,AWS_001,32.82912626289906,1007.8847581031946,82.33618728084286,none,0
2025-03-20 14:00:00,AWS_001,32.141890279711305,1008.4384244743476,86.64365511057613,none,0
2025-03-20 15:00:00,AWS_001,31.514271599157222,1008.0363249501917,91.76253544220131,none,0
2025-03-20 16:00:00,AWS_001,29.81713770535902,1007.540182385195,88.34274981688382,none,0
2025-03-20 17:00:00,AWS_001,27.96535751357329,1008.1026469438325,96.33195663441856,none,0
2025-03-20 18:00:00,AWS_001,27.185481079035654,1006.866334142159,93.83488414895157,drift,1
2025-03-20 19:00:00,AWS_001,26.03657543123309,1007.0722577262786,89.28796394394695,drift,1
2025-03-20 20:00:00,AWS_001,25.448423095154837,1006.833025370526,88.36667891797399,drift,1
2025-03-20 21:00:00,AWS_001,23.703652197808236,1006.7981611598029,92.17643480667918,drift,1
2025-03-20 22:00:00,AWS_001,23.71292278405629,1007.0065995786516,86.78975313963821,drift,1
2025-03-20 23:00:00,AWS_001,24.26155349569303,1005.8982003739799,90.35820073507651,drift,1
2025-03-21 00:00:00,AWS_001,23.75367177081772,1006.244273526264,94.48220789804493,drift,1
2025-03-21 01:00:00,AWS_001,24.85147701288439,1006.3575366450968,90.81163910475544,drift,1
2025-03-21 02:00:00,AWS_001,25.733703844642736,1006.7599791384798,92.65733860209355,drift,1
2025-03-21 03:00:00,AWS_001,27.2380945131064,1006.5384520257327,98.84746836877238,drift,1
2025-03-21 04:00:00,AWS_001,28.430791233147602,1006.712005517037,86.78887399797964,drift,1
2025-03-21 05:00:00,AWS_001,30.17707822264391,1006.8443439394057,86.45187036478063,drift,1
2025-03-21 06:00:00,AWS_001,32.073737666133894,1007.6014731071158,91.51034806248076,drift,1
2025-03-21 07:00:00,AWS_001,34.34196450765103,1007.6998554742862,100.0,drift,1
2025-03-21 08:00:00,AWS_001,36.78390187264463,1007.6445074400216,87.94260677051678,drift,1
2025-03-21 09:00:00,AWS_001,38.790587217352986,1008.1814359833432,91.75820627092367,drift,1
2025-03-21 10:00:00,AWS_001,39.47682342940655,1008.7977700586714,85.68026750289872,drift,1
2025-03-21 11:00:00,AWS_001,40.88913199131099,1008.2571160162311,91.17143791254976,drift,1
2025-03-21 12:00:00,AWS_001,41.7901703881933,1008.4167767614344,89.37963527140506,drift,1
2025-03-21 13:00:00,AWS_001,41.068901288453105,1008.2739730631014,86.67748251704577,drift,1
2025-03-21 14:00:00,AWS_001,41.492045577872446,1008.9220449169222,85.83503362287708,drift,1
2025-03-21 15:00:00,AWS_001,41.60424178452908,1007.9154671342526,85.6593468866314,drift,1
2025-03-21 16:00:00,AWS_001,40.510838900702865,1008.012032010644,84.29427152090794,drift,1
2025-03-21 17:00:00,AWS_001,39.3843414049757,1007.2738969968508,88.47362099217362,drift,1
2025-03-21 18:00:00,AWS_001,38.75249754065197,1007.2310581162302,87.80479521467817,drift,1
2025-03-21 19:00:00,AWS_001,37.88001980495172,1007.3029975928914,89.30504335337696,drift,1
2025-03-21 20:00:00,AWS_001,37.79440208400503,1007.7265754584341,87.53421199256887,drift,1
2025-03-21 21:00:00,AWS_001,24.49258871270981,1006.7995219182005,90.81572439273039,drift,1
2025-03-21 22:00:00,AWS_001,23.641170265891414,1006.0360369000352,97.83923729860454,drift,1
2025-03-21 23:00:00,AWS_001,23.92887650173043,1006.2467532692174,94.94316603216771,drift,1
2025-03-22 00:00:00,AWS_001,24.129609093156958,1005.882998249107,88.7314105535245,drift,1
2025-03-22 01:00:00,AWS_001,24.354000290501357,1005.9900999155395,90.45017343434165,drift,1
2025-03-22 02:00:00,AWS_001,25.40671410699493,1006.217825751145,88.85080237996088,drift,1
2025-03-22 03:00:00,AWS_001,26.34642843849378,1006.9025056043275,88.50988465247413,drift,1
2025-03-22 04:00:00,AWS_001,27.93177683982388,1007.359512612656,88.30835266337762,drift,1
2025-03-22 05:00:00,AWS_001,30.15226189573493,1006.9319607703525,87.76626937016485,drift,1
2025-03-22 06:00:00,AWS_001,32.19454636735716,1007.1221330508905,86.47490184478671,drift,1
2025-03-22 07:00:00,AWS_001,33.22573659757506,1007.6103726031454,87.33219737045906,drift,1
2025-03-22 08:00:00,AWS_001,35.62381591059312,1008.2578247367235,87.75563804383545,drift,1
2025-03-22 09:00:00,AWS_001,36.96461266799597,1008.724815606076,90.78091249698821,drift,1
2025-03-22 10:00:00,AWS_001,38.1778439641637,1008.1577129289608,86.72932575163378,drift,1
2025-03-22 11:00:00,AWS_001,38.96271002659528,1008.6683114723733,91.12476989436203,drift,1
2025-03-22 12:00:00,AWS_001,39.492287133916555,1008.5136894545622,85.02912951395939,drift,1
2025-03-22 13:00:00,AWS_001,39.72438778532386,1008.5082379606874,90.37833059550893,drift,1
2025-03-22 14:00:00,AWS_001,39.969044531096664,1008.2359035026286,90.39049298928322,drift,1
2025-03-22 15:00:00,AWS_001,39.46471804245987,1008.634225699828,84.94811810455829,drift,1
2025-03-22 16:00:00,AWS_001,38.7476504122785,1008.263856545138,86.36166740705241,drift,1
2025-03-22 17:00:00,AWS_001,37.11028427724727,1007.9377387378923,87.79720458930869,drift,1
2025-03-22 18:00:00,AWS_001,35.712329781005934,1007.0852803727656,87.9799336576497,drift,1
2025-03-22 19:00:00,AWS_001,34.870547511536465,1006.7404383025073,88.67661544480842,drift,1
2025-03-22 20:00:00,AWS_001,35.14200939904615,1006.5807551694558,92.38538811456543,drift,1
2025-03-22 21:00:00,AWS_001,32.84249946338336,1006.8823531929869,90.443329330815,drift,1
2025-03-22 22:00:00,AWS_001,31.973955277386175,1006.2700721823641,96.6550215655768,drift,1
2025-03-22 23:00:00,AWS_001,20.805136055061734,1006.483668817223,95.92080092914566,none,0
2025-03-23 00:00:00,AWS_001,21.279838486786865,1006.1959201866224,92.42000405131546,none,0
2025-03-23 01:00:00,AWS_001,21.94611889360567,1006.1010712485087,99.90837950925713,none,0
2025-03-23 02:00:00,AWS_001,21.874050359312687,1006.6427836290844,96.61366047230004,none,0
2025-03-23 03:00:00,AWS_001,23.60236774490691,1006.9536729266737,93.99948407152004,none,0
2025-03-23 04:00:00,AWS_001,23.960779657681304,1007.1210533223095,89.68882572736709,none,0
2025-03-23 05:00:00,AWS_001,25.296680349219187,1007.1187782184235,92.15133277012053,none,0
2025-03-23 06:00:00,AWS_001,27.100443404419952,1007.668019515218,85.26073687931672,none,0
2025-03-23 07:00:00,AWS_001,29.268507559067793,1007.9422958545514,88.30931651582212,none,0
2025-03-23 08:00:00,AWS_001,30.08208373660423,1008.3526409280636,87.37134556197763,none,0
2025-03-23 09:00:00,AWS_001,31.276025531962876,1008.801464100184,90.03617906239236,none,0
2025-03-23 10:00:00,AWS_001,32.42353142188867,1009.4251644612184,87.27427235352003,none,0
2025-03-23 11:00:00,AWS_001,33.567141915214336,1008.6991944321641,79.32777017322832,none,0
2025-03-23 12:00:00,AWS_001,33.434776437965944,1008.6417754406625,86.96217216325681,none,0
2025-03-23 13:00:00,AWS_001,33.177821828863934,1009.1936702863837,79.9457938149192,none,0
2025-03-23 14:00:00,AWS_001,31.745310246301035,1008.3118275872285,89.36089928141408,none,0
2025-03-23 15:00:00,AWS_001,31.39597666330064,1008.5763282878896,89.82187403279963,none,0
2025-03-23 16:00:00,AWS_001,30.413971031390034,1008.3025873972226,87.21766320051341,none,0
2025-03-23 17:00:00,AWS_001,29.116402291644466,1007.8467188685877,89.89732667941851,none,0
2025-03-23 18:00:00,AWS_001,,,,dropout,1
2025-03-23 19:00:00,AWS_001,,,,dropout,1
2025-03-23 20:00:00,AWS_001,,,,dropout,1
2025-03-23 21:00:00,AWS_001,,,,dropout,1
2025-03-23 22:00:00,AWS_001,,,,dropout,1
2025-03-23 23:00:00,AWS_001,20.686025155153093,1006.5852644846308,89.01647020028585,none,0
2025-03-24 00:00:00,AWS_001,21.590267059476176,1005.9253297120345,92.9871623020492,none,0
2025-03-24 01:00:00,AWS_001,21.567601474130335,1006.174481750131,91.35191046320057,none,0
2025-03-24 02:00:00,AWS_001,23.018866527967774,1006.3069417515711,96.12089308613629,none,0
2025-03-24 03:00:00,AWS_001,23.055710930569,1006.2991186973086,93.38223262052065,none,0
2025-03-24 04:00:00,AWS_001,23.423128853950853,1007.3293780108904,93.9533306455935,none,0
2025-03-24 05:00:00,AWS_001,25.997806235793945,1007.5095444316885,91.42039491036206,none,0
2025-03-24 06:00:00,AWS_001,27.159068347019762,1007.4344813586715,91.18544399870706,none,0
2025-03-24 07:00:00,AWS_001,28.60419778275695,1007.5596572911784,84.35912644342221,none,0
2025-03-24 08:00:00,AWS_001,30.911906837883233,1007.893400461957,86.66050029549142,none,0
2025-03-24 09:00:00,AWS_001,31.915910385893778,1008.6278559071867,84.14959732525243,none,0
2025-03-24 10:00:00,AWS_001,32.652635937227174,1008.6754456554083,90.11164818469342,none,0
2025-03-24 11:00:00,AWS_001,33.205030210983736,1008.444734178586,81.92502849664184,none,0
2025-03-24 12:00:00,AWS_001,33.556983579865026,1008.832387954118,84.07045738034181,none,0
2025-03-24 13:00:00,AWS_001,33.936216276225366,1008.5594471534862,85.40613915549548,none,0
2025-03-24 14:00:00,AWS_001,33.62022238298531,1009.1093055987383,83.24971306426077,none,0
2025-03-24 15:00:00,AWS_001,31.480846986546336,1008.5396820997936,85.53270966712452,none,0
2025-03-24 16:00:00,AWS_001,29.932449281169877,1008.195815577895,88.65906378759503,none,0
2025-03-24 17:00:00,AWS_001,28.239720209654795,1008.0152220573098,90.91183893019354,none,0
2025-03-24 18:00:00,AWS_001,26.961307108448455,1007.3718219313514,92.38387856598716,none,0
2025-03-24 19:00:00,AWS_001,25.896533087322453,1007.277750705671,92.82695513233905,none,0
2025-03-24 20:00:00,AWS_001,23.921300587057665,966.8472162123619,93.0400533361522,spike,1
2025-03-24 21:00:00,AWS_001,23.101922016590862,1006.748899233344,98.43663771212508,none,0
2025-03-24 22:00:00,AWS_001,22.093277865351215,1006.2300876825791,89.00336069191471,none,0
2025-03-24 23:00:00,AWS_001,22.409680513703012,1006.2534171228662,97.11225280136105,none,0
2025-03-25 00:00:00,AWS_001,21.397346850546075,1006.1664635132701,93.65685483087135,none,0
2025-03-25 01:00:00,AWS_001,21.81725626424376,1006.6309363603883,99.38468842562787,none,0
2025-03-25 02:00:00,AWS_001,22.61160480102311,1006.5290380194554,94.08554544849791,none,0
2025-03-25 03:00:00,AWS_001,22.371287562033714,1006.5671700549015,89.04163706032521,none,0
2025-03-25 04:00:00,AWS_001,24.820877636707475,1006.3171229763823,91.53300117810967,none,0
2025-03-25 05:00:00,AWS_001,25.951298073908024,1006.6019505616681,88.09911103943942,none,0
2025-03-25 06:00:00,AWS_001,27.67335816006337,1008.0051806508295,93.10597031936378,none,0
2025-03-25 07:00:00,AWS_001,28.878098892978507,1007.9551233176398,89.22411357357407,none,0
2025-03-25 08:00:00,AWS_001,30.94546690193065,1007.8033251597881,88.04128801647128,none,0
2025-03-25 09:00:00,AWS_001,31.585090130093526,1008.6618281530594,89.21016574130516,none,0
2025-03-25 10:00:00,AWS_001,32.76254620081135,1008.2594819215465,87.60667481088198,none,0
2025-03-25 11:00:00,AWS_001,33.9258880810263,1008.434717368856,88.77334579795681,none,0
2025-03-25 12:00:00,AWS_001,34.022954775966,1008.6363867780398,85.87503159242618,none,0
2025-03-25 13:00:00,AWS_001,32.749264813516156,1008.3454299099393,86.60429395526663,none,0
2025-03-25 14:00:00,AWS_001,32.41436094217127,1008.6121985099992,87.38815815651256,none,0
2025-03-25 15:00:00,AWS_001,31.691559456231555,1008.2556095243108,88.79529319826416,none,0
2025-03-25 16:00:00,AWS_001,30.345473164389826,1007.9233485780721,87.73702547429322,none,0
2025-03-25 17:00:00,AWS_001,29.02735504044924,1008.1035971767136,79.29835465996045,none,0
2025-03-25 18:00:00,AWS_001,27.843912722397544,1007.2076133258415,90.48469083198154,none,0
2025-03-25 19:00:00,AWS_001,26.20802135391898,1007.2076046060882,98.48909211955656,none,0
2025-03-25 20:00:00,AWS_001,24.730804560173535,1006.7129605490118,91.36778040111197,none,0
2025-03-25 21:00:00,AWS_001,23.630021183557552,1006.9110970810273,92.87200268132042,none,0
2025-03-25 22:00:00,AWS_001,21.82694401882795,1006.7071041947922,93.15123071084282,none,0
2025-03-25 23:00:00,AWS_001,21.492830560295136,1006.6658484882093,95.70970587969828,none,0
2025-03-26 00:00:00,AWS_001,21.998683053315798,1006.3610464762877,92.74799010443564,none,0
2025-03-26 01:00:00,AWS_001,21.30179518803714,1006.5570152537114,100.0,none,0
2025-03-26 02:00:00,AWS_001,21.78172855788314,1006.693312533867,95.89719830292066,none,0
2025-03-26 03:00:00,AWS_001,23.067286681113888,1006.4052807472474,95.11989152460053,none,0
2025-03-26 04:00:00,AWS_001,24.027715303089856,1006.9918627709992,96.56339649464374,none,0
2025-03-26 05:00:00,AWS_001,25.782680416838897,1007.4781313023975,93.95628043908404,none,0
2025-03-26 06:00:00,AWS_001,27.987424264725323,1007.035293786997,86.86051405037573,none,0
2025-03-26 07:00:00,AWS_001,29.10092494322189,1007.9026535847963,89.50056524996549,none,0
2025-03-26 08:00:00,AWS_001,30.51798287519847,1008.3739389331863,87.65472177815047,none,0
2025-03-26 09:00:00,AWS_001,31.35406600925862,1007.8939560120763,86.78608257232962,none,0
2025-03-26 10:00:00,AWS_001,32.168483619463494,1008.7782160747132,82.73843344669201,none,0
2025-03-26 11:00:00,AWS_001,33.7961176510013,1008.5784395862497,86.69558897593456,none,0
2025-03-26 12:00:00,AWS_001,32.73148727851594,1009.5668647494628,81.26946714754482,none,0
2025-03-26 13:00:00,AWS_001,32.875792164732566,1008.43887425259,94.62906876681336,none,0
2025-03-26 14:00:00,AWS_001,33.385846980530225,1008.0662189285705,85.01492978536919,none,0
2025-03-26 15:00:00,AWS_001,31.764028381236955,1008.7558460343789,85.9881614827982,none,0
2025-03-26 16:00:00,AWS_001,30.047858721450638,1008.1711539858636,87.79461352910455,none,0
2025-03-26 17:00:00,AWS_001,29.61271360183137,1007.9915665458262,92.56563568580268,none,0
2025-03-26 18:00:00,AWS_001,27.392852434129406,1007.1358634499368,87.363757826655,none,0
2025-03-26 19:00:00,AWS_001,26.01739155675611,1007.359469189016,90.99489148667067,none,0
2025-03-26 20:00:00,AWS_001,24.99800072746612,1006.3324784276064,91.40984615547366,none,0
2025-03-26 21:00:00,AWS_001,23.08464352206492,1006.9858750639778,93.49760098521267,none,0
2025-03-26 22:00:00,AWS_001,21.583067618291786,1006.8070241561805,94.0338323174423,none,0
2025-03-26 23:00:00,AWS_001,21.784971126979514,1006.2717006780374,96.76162666261158,none,0
2025-03-27 00:00:00,AWS_001,22.152023207203616,1006.131090548364,95.89828256745703,none,0
2025-03-27 01:00:00,AWS_001,21.939447248342287,1006.9168208679575,96.18945132201898,none,0
2025-03-27 02:00:00,AWS_001,22.55442298721857,1006.8651753951185,96.92870189176496,none,0
2025-03-27 03:00:00,AWS_001,23.000367008303733,1007.1674884388923,93.20784760179691,none,0
2025-03-27 04:00:00,AWS_001,24.698983069700372,1006.8979181989021,94.16158253227894,none,0
2025-03-27 05:00:00,AWS_001,26.715290014976894,1007.5042747858895,89.38211993649745,none,0
2025-03-27 06:00:00,AWS_001,28.11273416311796,1007.9441110820645,84.31326523257889,none,0
2025-03-27 07:00:00,AWS_001,29.100651200696753,1007.6174104846048,88.409858590885,none,0
2025-03-27 08:00:00,AWS_001,31.067718276283518,1008.4157379493479,87.89596512983242,none,0
2025-03-27 09:00:00,AWS_001,31.744066675937027,1008.4547865642218,85.78422259802906,none,0
2025-03-27 10:00:00,AWS_001,33.40792275471898,1008.7775258633387,83.15063527219696,none,0
2025-03-27 11:00:00,AWS_001,32.87192432964908,1009.2171570495577,83.96072030097926,none,0
2025-03-27 12:00:00,AWS_001,33.6715553263738,1008.8350860831139,83.17005565273574,none,0
2025-03-27 13:00:00,AWS_001,32.48564034672565,1008.8918781051389,84.00132998964038,none,0
2025-03-27 14:00:00,AWS_001,,,,dropout,1
2025-03-27 15:00:00,AWS_001,,,,dropout,1
2025-03-27 16:00:00,AWS_001,,,,dropout,1
2025-03-27 17:00:00,AWS_001,,,,dropout,1
2025-03-27 18:00:00,AWS_001,,,,dropout,1
2025-03-27 19:00:00,AWS_001,,,,dropout,1
2025-03-27 20:00:00,AWS_001,24.443729369603133,1007.3787858758056,83.86589802923405,none,0
2025-03-27 21:00:00,AWS_001,23.2100846912374,1006.5071156245192,92.49126586067179,none,0
2025-03-27 22:00:00,AWS_001,22.416966177241633,1006.8698558842975,97.90837958057736,none,0
2025-03-27 23:00:00,AWS_001,21.891053204321512,1006.3105936386629,92.03876005702571,none,0
2025-03-28 00:00:00,AWS_001,21.670608992241878,1006.9241114855485,98.79360705898698,none,0
2025-03-28 01:00:00,AWS_001,22.069821315732508,1006.2658992575552,95.60224636451362,none,0
2025-03-28 02:00:00,AWS_001,22.13692460712436,1006.8524071791686,97.13951482061759,none,0
2025-03-28 03:00:00,AWS_001,23.677039917194335,1006.7454464700461,87.98880779137237,none,0
2025-03-28 04:00:00,AWS_001,25.201540798095138,1006.8766523259028,92.1797946850604,none,0
2025-03-28 05:00:00,AWS_001,25.777114911012227,1007.6006250143369,91.09760725620679,none,0
2025-03-28 06:00:00,AWS_001,27.27042226009449,1007.5425659270927,90.82882263000398,none,0
2025-03-28 07:00:00,AWS_001,29.56406771834656,1008.4560208420488,90.46530131638394,none,0
2025-03-28 08:00:00,AWS_001,30.7541602659403,1008.0851518070851,90.3249364541791,none,0
2025-03-28 09:00:00,AWS_001,32.288806028071804,1009.450528062056,88.51494686916917,none,0
2025-03-28 10:00:00,AWS_001,32.46681946992867,1008.9764109626683,84.52955217514825,none,0
2025-03-28 11:00:00,AWS_001,33.32797996302104,1009.139049501664,86.11069947701439,none,0
2025-03-28 12:00:00,AWS_001,33.88354899745715,1009.4032081513826,88.55142547263353,none,0
2025-03-28 13:00:00,AWS_001,33.242256802832365,1008.7722035585972,28.243475407928003,spike,1
2025-03-28 14:00:00,AWS_001,33.01775090383018,1008.8246903689369,85.94902772283166,none,0
2025-03-28 15:00:00,AWS_001,31.980328926293296,1008.9149822405983,83.32977363250461,none,0
2025-03-28 16:00:00,AWS_001,30.388205453316775,1008.4464857695777,81.9537375664469,none,0
2025-03-28 17:00:00,AWS_001,29.139794319370008,1008.8427802219892,84.24196622107807,none,0
2025-03-28 18:00:00,AWS_001,27.337791605792372,1007.6590050020816,86.99706055858796,none,0
2025-03-28 19:00:00,AWS_001,25.670268293397903,1007.7627871965602,88.17319545601414,none,0
2025-03-28 20:00:00,AWS_001,24.448556467194788,1007.2148246731879,93.60451657941759,none,0
2025-03-28 21:00:00,AWS_001,24.105761762933483,1006.6682164261243,91.08476313318637,none,0
2025-03-28 22:00:00,AWS_001,22.505950342438204,1006.536186095521,94.29254882298054,none,0
2025-03-28 23:00:00,AWS_001,25.138760675861626,1007.6239175902413,98.0,thermo_inconsistent,1
2025-03-29 00:00:00,AWS_001,21.507740881206026,1006.4497990492991,92.22476732812177,none,0
2025-03-29 01:00:00,AWS_001,21.770995444115627,1006.4079496154835,94.64059696576544,none,0
2025-03-29 02:00:00,AWS_001,22.55299647846568,1006.8114897784849,92.13040632097524,none,0
2025-03-29 03:00:00,AWS_001,22.760850333754973,1007.2063167292692,97.99170287031848,none,0
2025-03-29 04:00:00,AWS_001,24.136588330453485,1006.7505651607595,90.91030313739532,none,0
2025-03-29 05:00:00,AWS_001,25.754629148678944,1007.2063908786745,91.3312414973007,none,0
2025-03-29 06:00:00,AWS_001,28.26734480481245,1007.2848999464946,88.59033925124899,none,0
2025-03-29 07:00:00,AWS_001,29.578509876336845,1007.9943730832165,91.16639698745048,none,0
2025-03-29 08:00:00,AWS_001,30.239792012672194,1008.480651589229,87.98030109666777,none,0
2025-03-29 09:00:00,AWS_001,31.7189631575211,1008.4035701635046,89.07811026918282,none,0
2025-03-29 10:00:00,AWS_001,33.216930016476134,1008.3385422398272,85.66158310295968,none,0
2025-03-29 11:00:00,AWS_001,33.433405067862786,1009.018094032303,86.86741097395755,none,0
2025-03-29 12:00:00,AWS_001,34.48720926663006,1009.0561055633785,81.86653115086226,none,0
2025-03-29 13:00:00,AWS_001,33.75159703794961,1008.3050555606441,82.8954568615264,none,0
2025-03-29 14:00:00,AWS_001,32.862498316507725,1008.4870137883693,89.5825293161984,none,0
2025-03-29 15:00:00,AWS_001,32.16559256982128,1009.0686864709337,84.35860495589192,none,0
2025-03-29 16:00:00,AWS_001,31.175790002887563,1008.5534708059473,85.13934542633945,none,0
2025-03-29 17:00:00,AWS_001,29.494805517363677,1007.9647145113588,88.49378544139313,none,0
2025-03-29 18:00:00,AWS_001,27.624194449744422,1007.5178676444931,88.85571024295774,none,0
2025-03-29 19:00:00,AWS_001,26.681657326272447,1006.9936524109243,90.90704296277251,none,0
2025-03-29 20:00:00,AWS_001,25.24323126437537,1006.891609150926,94.49328355655182,none,0
2025-03-29 21:00:00,AWS_001,23.670208874723702,1006.721288583569,87.78568805416158,none,0
2025-03-29 22:00:00,AWS_001,23.0504425089884,1006.9222974338351,89.86625689867844,none,0
2025-03-29 23:00:00,AWS_001,22.45957109239086,1006.5098702452641,90.81131306300134,none,0
2025-03-30 00:00:00,AWS_001,22.13194881237343,1006.559155834051,98.7826739261159,none,0
2025-03-30 01:00:00,AWS_001,21.51012516849703,1007.2514680369836,96.0651894631305,none,0
2025-03-30 02:00:00,AWS_001,21.968495868995007,1006.918413493983,99.32264186991694,none,0
2025-03-30 03:00:00,AWS_001,23.663085774747252,1006.7378698427568,93.74304365485445,none,0
2025-03-30 04:00:00,AWS_001,25.137666313997194,1007.526978543911,91.60783197525673,none,0
2025-03-30 05:00:00,AWS_001,26.277856000323485,1007.6921123922002,87.29337371450657,none,0
2025-03-30 06:00:00,AWS_001,27.483058147788633,1008.076210076876,90.12417656973223,none,0
2025-03-30 07:00:00,AWS_001,29.5483867387629,1008.0634971622618,81.06437411775316,none,0
2025-03-30 08:00:00,AWS_001,30.46235154451473,1008.6226246880314,90.00776613321433,none,0
2025-03-30 09:00:00,AWS_001,31.792662579143123,1008.6464340668676,92.98200861036499,none,0
2025-03-30 10:00:00,AWS_001,33.05853813270878,1008.5733812678998,89.87495540363027,none,0
2025-03-30 11:00:00,AWS_001,33.93761249472221,1009.2356515044697,81.35136787019378,none,0
2025-03-30 12:00:00,AWS_001,34.14685336241896,1008.7738068124131,85.20225468346574,none,0
2025-03-30 13:00:00,AWS_001,33.55827536380822,1009.2634269307039,86.47321444233617,none,0
2025-03-30 14:00:00,AWS_001,33.061228881243665,1008.913582967127,87.18490835784911,none,0
2025-03-30 15:00:00,AWS_001,32.725606502825904,1008.3376020859112,86.01228328451202,none,0
2025-03-30 16:00:00,AWS_001,30.153431684255125,1008.937459891542,85.86896120702198,none,0
2025-03-30 17:00:00,AWS_001,29.54423989277474,1007.9262159287006,82.8112187404523,none,0
2025-03-30 18:00:00,AWS_001,28.142346245704353,1007.5684654477507,91.26760666195922,none,0
2025-03-30 19:00:00,AWS_001,26.739763618319557,1007.2023129742629,91.35042911512758,none,0
2025-03-30 20:00:00,AWS_001,24.93943970187441,1007.3859621318234,91.08779831045823,none,0
2025-03-30 21:00:00,AWS_001,23.507354541091807,1006.7848112208978,91.30138353136253,none,0
2025-03-30 22:00:00,AWS_001,23.300720812565803,1007.3014030824388,91.51171461564451,none,0
2025-03-30 23:00:00,AWS_001,22.009142374099287,1006.5430224631543,93.93238902692715,none,0
2025-03-31 00:00:00,AWS_001,21.932770638673965,1006.5222551581668,97.93872630062991,none,0
2025-03-31 01:00:00,AWS_001,22.853919451680056,1006.8619886041345,89.5470670848471,none,0
2025-03-31 02:00:00,AWS_001,22.873238921539304,1006.9935310695915,88.10739955283114,none,0
2025-03-31 03:00:00,AWS_001,23.59239143668425,1007.1117621712442,95.21617917091265,none,0
2025-03-31 04:00:00,AWS_001,24.72339778779433,1007.7227963350355,89.49928027184002,none,0
2025-03-31 05:00:00,AWS_001,26.71521689760125,1007.3605007956874,89.95637563778837,none,0
2025-03-31 06:00:00,AWS_001,27.100603530516867,1007.6453428826015,90.75927800568637,none,0
2025-03-31 07:00:00,AWS_001,29.279325270114228,1008.3862104245264,86.34221754454717,none,0
2025-03-31 08:00:00,AWS_001,30.945793636719518,1008.500352615282,85.93391479244679,none,0
2025-03-31 09:00:00,AWS_001,32.27347754211148,1009.4131097227953,85.25992811900113,none,0
2025-03-31 10:00:00,AWS_001,32.31980024391454,1008.9805348887656,87.45128105532669,none,0
2025-03-31 11:00:00,AWS_001,33.56593611200904,1009.347549118864,84.8609131861126,none,0
2025-03-31 12:00:00,AWS_001,34.12190829667336,1008.7896009334817,85.83924641266545,none,0
2025-03-31 13:00:00,AWS_001,33.329678901741566,1008.8541425199053,85.90314217270644,none,0
2025-03-31 14:00:00,AWS_001,32.812833491440756,1009.1442576748495,83.87437848962713,none,0
2025-03-31 15:00:00,AWS_001,31.548857035326087,1008.962586718526,81.98176647930157,none,0
2025-03-31 16:00:00,AWS_001,31.463585019653944,1008.3698817424208,84.42528958390736,none,0
2025-03-31 17:00:00,AWS_001,30.063771428249762,1008.3049117594074,84.87883086180685,none,0
2025-03-31 18:00:00,AWS_001,28.51261634992437,1007.6238924028067,90.12670642721163,none,0
2025-03-31 19:00:00,AWS_001,26.14227010278618,1007.3389191713646,90.6733041126663,none,0
2025-03-31 20:00:00,AWS_001,25.008076066470075,1007.8350235378791,92.77673265432014,none,0
2025-03-31 21:00:00,AWS_001,23.965746511728675,1007.4465519020378,96.08125132739787,none,0
2025-03-31 22:00:00,AWS_001,23.339820332368546,1006.9933282650378,96.51121270826425,none,0
2025-03-31 23:00:00,AWS_001,21.849219723724964,1006.5095168921157,92.7894173599515,none,0
2025-01-01 00:00:00,AWS_002,14.174970729660737,1003.7406486227139,100.0,none,0
2025-01-01 01:00:00,AWS_002,13.881627865328465,1004.2428564470257,96.30195480357628,none,0
2025-01-01 02:00:00,AWS_002,15.53620515030728,1004.0807074456965,100.0,none,0
2025-01-01 03:00:00,AWS_002,16.546120429821787,1003.9646842338318,100.0,none,0
2025-01-01 04:00:00,AWS_002,17.3671775880811,1004.6983411183907,97.38822526717858,none,0
2025-01-01 05:00:00,AWS_002,19.085078161917984,1004.6263914095313,97.41839534067132,none,0
2025-01-01 06:00:00,AWS_002,21.17523574755605,1005.2405923059894,91.4051550494614,none,0
2025-01-01 07:00:00,AWS_002,22.468328157492085,1005.7062085229697,91.83351267025223,none,0
2025-01-01 08:00:00,AWS_002,23.774169651325654,1005.3964163000493,91.59609220397496,none,0
2025-01-01 09:00:00,AWS_002,25.008876349934283,1005.53727646804,90.71133990813065,none,0
2025-01-01 10:00:00,AWS_002,25.341885785273877,1005.8690627745335,89.31815545411895,none,0
2025-01-01 11:00:00,AWS_002,26.672349003360583,1006.3404227080999,89.34358811752013,none,0
2025-01-01 12:00:00,AWS_002,25.831831807794668,1006.8018905093863,88.31639506231791,none,0
2025-01-01 13:00:00,AWS_002,26.153967320003503,1006.3473577701274,91.8584280519761,none,0
2025-01-01 14:00:00,AWS_002,25.512518699209036,1006.2685085358343,90.66681929180866,none,0
2025-01-01 15:00:00,AWS_002,24.042554315326093,1005.7401982907018,96.43007390371662,none,0
2025-01-01 16:00:00,AWS_002,23.44722542556428,1005.6276457410928,90.42099796468528,none,0
2025-01-01 17:00:00,AWS_002,22.70169972358337,1005.4126665891392,95.20106163679557,none,0
2025-01-01 18:00:00,AWS_002,20.355397501322205,1004.4699228488889,95.59115005279611,none,0
2025-01-01 19:00:00,AWS_002,18.455540415796147,1004.5871344339446,95.98126673001805,none,0
2025-01-01 20:00:00,AWS_002,17.455124693315685,1004.2705609508015,100.0,none,0
2025-01-01 21:00:00,AWS_002,16.59052795043732,1004.1860934780909,100.0,none,0
2025-01-01 22:00:00,AWS_002,15.372789036755258,1004.2795419084806,97.87494022351183,none,0
2025-01-01 23:00:00,AWS_002,14.6950908431067,1003.9088796909068,100.0,none,0
2025-01-02 00:00:00,AWS_002,13.928083630237317,1004.0751028941199,95.67805404424155,none,0
2025-01-02 01:00:00,AWS_002,14.896686890940359,1004.0333755600822,97.63304391931422,none,0
2025-01-02 02:00:00,AWS_002,15.49004115367751,1004.1450165935206,95.16525903574751,none,0
2025-01-02 03:00:00,AWS_002,16.785835098668425,1004.0509387522474,96.87445035616169,none,0
2025-01-02 04:00:00,AWS_002,18.08766134659636,1004.3754074153337,98.16078808879172,none,0
2025-01-02 05:00:00,AWS_002,,,,dropout,1
2025-01-02 06:00:00,AWS_002,,,,dropout,1
2025-01-02 07:00:00,AWS_002,,,,dropout,1
2025-01-02 08:00:00,AWS_002,23.05315730714277,1005.3736819227498,92.6564615695358,none,0
2025-01-02 09:00:00,AWS_002,24.853042951551483,1006.1200134790531,89.49970590830542,none,0
2025-01-02 10:00:00,AWS_002,25.37377242694235,1006.0549819483028,93.89840343264122,none,0
2025-01-02 11:00:00,AWS_002,26.811977202496188,1005.779375641479,89.15600977259315,none,0
2025-01-02 12:00:00,AWS_002,26.590240591390216,1006.565950726924,89.88136656014157,none,0
2025-01-02 13:00:00,AWS_002,26.434254281312057,1006.5875265236758,86.35116976841404,none,0
2025-01-02 14:00:00,AWS_002,39.153558889443104,991.495643959609,98.0,multivariate_inconsistent,1
2025-01-02 15:00:00,AWS_002,24.871727683527084,1005.6488786221536,92.35806553608771,none,0
2025-01-02 16:00:00,AWS_002,22.92886262466353,1005.3627137702765,88.55433625186345,none,0
2025-01-02 17:00:00,AWS_002,23.026879534127247,1005.2683965408919,93.79836729153092,none,0
2025-01-02 18:00:00,AWS_002,21.07849588847388,1004.8186526193456,93.63248297895844,none,0
2025-01-02 19:00:00,AWS_002,19.549746829917137,1004.93053338794,92.16856454259673,none,0
2025-01-02 20:00:00,AWS_002,17.19452845567259,1004.2200939542562,96.22973192514777,none,0
2025-01-02 21:00:00,AWS_002,15.511996159343695,1004.0603990346292,95.60064472132504,none,0
2025-01-02 22:00:00,AWS_002,14.694946668018192,1004.1013100762224,100.0,none,0
2025-01-02 23:00:00,AWS_002,14.27693232203856,1003.8214328969124,96.29805804469694,none,0
2025-01-03 00:00:00,AWS_002,14.846850512414758,1003.5161888786613,100.0,none,0
2025-01-03 01:00:00,AWS_002,15.05869226389738,1003.9380894058035,100.0,none,0
2025-01-03 02:00:00,AWS_002,15.881451502470888,1003.8314589749256,100.0,none,0
2025-01-03 03:00:00,AWS_002,17.10871592736654,1004.2605312917933,99.50885519139962,none,0
2025-01-03 04:00:00,AWS_002,17.702872118850472,1004.4819423873565,97.46908674385733,none,0
2025-01-03 05:00:00,AWS_002,19.08355454852955,1004.753781744653,39.0113945441434,spike,1
2025-01-03 06:00:00,AWS_002,20.34958074055101,1004.7433957434164,95.32141155314875,none,0
2025-01-03 07:00:00,AWS_002,21.91325102075021,1005.1481430766864,92.71948374344142,none,0
2025-01-03 08:00:00,AWS_002,23.031951069514893,1005.6970470972325,93.56526039106635,none,0
2025-01-03 09:00:00,AWS_002,24.942170585952173,1005.4827045968392,93.08746586970751,none,0
2025-01-03 10:00:00,AWS_002,25.81877855209887,1006.4758913145264,85.07165415886189,none,0
2025-01-03 11:00:00,AWS_002,26.12898379248833,1006.2142055190648,92.22228960228503,none,0
2025-01-03 12:00:00,AWS_002,26.171426946914202,1006.2686973538342,91.95834541920902,none,0
2025-01-03 13:00:00,AWS_002,26.47415225848828,1005.878370470684,90.16379813143911,none,0
2025-01-03 14:00:00,AWS_002,26.214591323155176,1005.9227199794119,87.86142813310852,none,0
2025-01-03 15:00:00,AWS_002,24.771375524369436,1005.7042255421059,95.68984870445168,none,0
2025-01-03 16:00:00,AWS_002,23.609806491542706,1005.1233309331957,92.90648739611953,none,0
2025-01-03 17:00:00,AWS_002,21.830112423174892,1004.9902323386949,96.85095201904467,none,0
2025-01-03 18:00:00,AWS_002,20.39722281174867,1005.3680927479097,100.0,none,0
2025-01-03 19:00:00,AWS_002,18.817288982613697,1004.3855655312916,89.88030910689592,none,0
2025-01-03 20:00:00,AWS_002,17.382946249664187,1004.4333045867402,91.84673741536764,none,0
2025-01-03 21:00:00,AWS_002,16.01561524009583,1004.4222916924291,100.0,none,0
2025-01-03 22:00:00,AWS_002,15.45973346812439,1003.8261257237857,94.42670209549415,none,0
2025-01-03 23:00:00,AWS_002,15.221850569503582,1003.927189245139,93.5621621058112,none,0
2025-01-04 00:00:00,AWS_002,14.118827441252513,1003.7303636231013,100.0,none,0
2025-01-04 01:00:00,AWS_002,15.262011791643832,1003.7205723917989,100.0,none,0
2025-01-04 02:00:00,AWS_002,15.140719632504341,1004.2534002785575,100.0,none,0
2025-01-04 03:00:00,AWS_002,16.10878837703705,1004.0490138229816,98.93829809627123,none,0
2025-01-04 04:00:00,AWS_002,16.63587233472336,1003.7939905004712,97.20824619497118,none,0
2025-01-04 05:00:00,AWS_002,17.977150821572437,1004.358826531447,99.34776304504007,none,0
2025-01-04 06:00:00,AWS_002,20.7930558406262,1004.9288973322786,93.8163218527033,none,0
2025-01-04 07:00:00,AWS_002,21.615537348838245,1005.5162630667597,93.67313287787172,none,0
2025-01-04 08:00:00,AWS_002,23.821384157439844,1005.3768914022678,95.57772244954116,none,0
2025-01-04 09:00:00,AWS_002,24.762358821855642,1006.2063570369127,93.89242176290459,none,0
2025-01-04 10:00:00,AWS_002,25.79601898826407,1005.5033659981126,85.00003531413655,none,0
2025-01-04 11:00:00,AWS_002,26.82876626241314,1005.9630150113802,84.63218409905981,none,0
2025-01-04 12:00:00,AWS_002,26.47116202604405,1006.1814752969213,87.27585491279997,none,0
2025-01-04 13:00:00,AWS_002,24.989432390512366,1006.0313148384396,92.58314192118617,none,0
2025-01-04 14:00:00,AWS_002,25.001243347362625,1005.8253440275678,92.43160719038838,none,0
2025-01-04 15:00:00,AWS_002,25.132456941352924,1006.0541019591163,95.28184431245981,none,0
2025-01-04 16:00:00,AWS_002,24.29966047725688,1005.2242600254391,92.97430056792241,none,0
2025-01-04 17:00:00,AWS_002,22.015749704725554,1005.1019173745308,97.15108341332557,none,0
2025-01-04 18:00:00,AWS_002,20.220566326855977,1004.8918834896637,99.32894484244007,none,0
2025-01-04 19:00:00,AWS_002,18.391878170604915,1004.178362455682,98.80776693085431,none,0
2025-01-04 20:00:00,AWS_002,17.720335320555474,1004.36019248086,96.56907640160861,none,0
2025-01-04 21:00:00,AWS_002,15.540356031083718,1004.1816079751122,100.0,none,0
2025-01-04 22:00:00,AWS_002,26.354777879507864,990.866253891945,98.0,multivariate_inconsistent,1
2025-01-04 23:00:00,AWS_002,14.761452996501554,1004.1365652517314,99.23069603069163,none,0
2025-01-05 00:00:00,AWS_002,14.543653946422678,1003.6007967956303,100.0,none,0
2025-01-05 01:00:00,AWS_002,14.60404755447408,1004.061513375308,97.60015147035418,none,0
2025-01-05 02:00:00,AWS_002,15.732581283620519,1004.0075580785651,95.95253187494203,none,0
2025-01-05 03:00:00,AWS_002,15.763626960991838,1003.976112271466,100.0,none,0
2025-01-05 04:00:00,AWS_002,17.027556126810726,1004.0641479666862,100.0,none,0
2025-01-05 05:00:00,AWS_002,18.78388843157652,1004.964183501084,97.85317616532681,none,0
2025-01-05 06:00:00,AWS_002,20.5304633862701,1004.4568349560333,100.0,none,0
2025-01-05 07:00:00,AWS_002,21.922478166229954,1005.5031547577616,95.20698269758927,none,0
2025-01-05 08:00:00,AWS_002,24.3020136611817,1005.6039021962572,90.96555485149881,none,0
2025-01-05 09:00:00,AWS_002,24.506295545262986,1006.1359305151624,92.93355290319164,none,0
2025-01-05 10:00:00,AWS_002,25.955766131972418,1005.7765785779995,93.20686184678908,none,0
2025-01-05 11:00:00,AWS_002,26.066745171290567,1005.6587839075456,89.95812983423436,none,0
2025-01-05 12:00:00,AWS_002,26.634306184747935,1006.2539779645767,89.70641776171439,none,0
2025-01-05 13:00:00,AWS_002,26.124703701329366,1006.292084905427,95.29158588027671,none,0
2025-01-05 14:00:00,AWS_002,25.545527921601444,1006.2361420511515,93.61990440278058,none,0
2025-01-05 15:00:00,AWS_002,25.3989749577406,1005.8428771313899,93.78290373268787,none,0
2025-01-05 16:00:00,AWS_002,23.372345019538113,1005.5110147420695,93.62551240449812,none,0
2025-01-05 17:00:00,AWS_002,22.747214898924646,1005.2103382553223,92.82717960825553,none,0
2025-01-05 18:00:00,AWS_002,20.211926186500147,1005.1058448046274,100.0,none,0
2025-01-05 19:00:00,AWS_002,18.767598815148244,1004.3237094439014,94.46145224206188,none,0
2025-01-05 20:00:00,AWS_002,17.952105696838114,1004.3606746414752,100.0,none,0
2025-01-05 21:00:00,AWS_002,15.274121724145354,1004.2064039824123,100.0,none,0
2025-01-05 22:00:00,AWS_002,14.643235023672382,1004.4023310964814,95.24997834015865,none,0
2025-01-05 23:00:00,AWS_002,14.720867110714337,1003.7249408534531,100.0,none,0
2025-01-06 00:00:00,AWS_002,14.700301879466553,1003.4896961220265,100.0,none,0
2025-01-06 01:00:00,AWS_002,14.94344525261598,1004.3003343717071,99.98504664581755,none,0
2025-01-06 02:00:00,AWS_002,15.183597462207564,1004.0261932491819,96.46703174799264,none,0
2025-01-06 03:00:00,AWS_002,15.689721363964697,1004.4021733259989,98.09933407731646,none,0
2025-01-06 04:00:00,AWS_002,17.844570625510695,1004.1674684729729,99.69532574966294,none,0
2025-01-06 05:00:00,AWS_002,19.136737460074485,1004.2177478509725,93.21573325484016,none,0
2025-01-06 06:00:00,AWS_002,20.05489529388325,1004.8718742986326,93.61165491474812,none,0
2025-01-06 07:00:00,AWS_002,22.09913987711814,1005.4219066662844,95.3543076640029,none,0
2025-01-06 08:00:00,AWS_002,24.240588207188587,1005.7795799982871,91.20737028743329,none,0
2025-01-06 09:00:00,AWS_002,24.804597215059538,1006.0890154052105,90.3956485932055,none,0
2025-01-06 10:00:00,AWS_002,25.227682004913,1005.7957449294676,92.31183491922461,none,0
2025-01-06 11:00:00,AWS_002,26.135424263188014,1006.1489286856715,91.26848443055759,none,0
2025-01-06 12:00:00,AWS_002,26.36367058863068,1005.6804443947257,94.22819338359315,none,0
2025-01-06 13:00:00,AWS_002,26.446830055965425,1005.7950246101401,90.15315923519745,none,0
2025-01-06 14:00:00,AWS_002,26.075742305608216,1005.8612874348646,91.70121720209636,none,0
2025-01-06 15:00:00,AWS_002,24.377021740942116,1005.777705301743,88.53582903152115,none,0
2025-01-06 16:00:00,AWS_002,23.249553677722865,1005.905254318989,95.361245679022,none,0
2025-01-06 17:00:00,AWS_002,22.48035146301886,1005.4414505325493,93.16431276393884,none,0
2025-01-06 18:00:00,AWS_002,20.814472468511564,1005.3374687516924,92.58789289203949,none,0
2025-01-06 19:00:00,AWS_002,19.512083570130677,1004.1349695901318,88.78467426986197,none,0
2025-01-06 20:00:00,AWS_002,16.921800101367026,1004.4189828047249,99.62891822626759,none,0
2025-01-06 21:00:00,AWS_002,21.843887965557585,1005.1901623230641,98.0,thermo_inconsistent,1
2025-01-06 22:00:00,AWS_002,15.727819325827443,1004.1701904444302,100.0,none,0
2025-01-06 23:00:00,AWS_002,14.334172836174885,1003.684329786414,98.68880633761698,none,0
2025-01-07 00:00:00,AWS_002,14.648089461889176,1003.8243154481717,100.0,none,0
2025-01-07 01:00:00,AWS_002,14.699002183882184,1004.0157471021527,100.0,none,0
2025-01-07 02:00:00,AWS_002,15.017253589406065,1003.9360853411805,98.21958624966507,none,0
2025-01-07 03:00:00,AWS_002,16.87093157514391,1003.7993108996773,100.0,none,0
2025-01-07 04:00:00,AWS_002,17.51179151984939,1004.1328647132008,95.54034086229379,none,0
2025-01-07 05:00:00,AWS_002,18.75889305788741,1004.3351385799737,100.0,none,0
2025-01-07 06:00:00,AWS_002,20.453517470574813,1004.7220205796186,95.53727362111361,none,0
2025-01-07 07:00:00,AWS_002,22.17271627082207,1005.104751738621,94.3701719035359,none,0
2025-01-07 08:00:00,AWS_002,22.87831868974424,1005.742892228691,91.32850148438348,none,0
2025-01-07 09:00:00,AWS_002,24.41077276567023,1005.1970139962635,85.02198670668862,none,0
2025-01-07 10:00:00,AWS_002,25.195086854640785,1006.7371257452762,87.75441255429524,none,0
2025-01-07 11:00:00,AWS_002,25.459694031378316,1006.0790638198945,90.89869286813544,none,0
2025-01-07 12:00:00,AWS_002,26.918553991659774,1006.189789354397,88.74588022771006,none,0
2025-01-07 13:00:00,AWS_002,26.90047424172084,1005.9393815853723,93.73166340622808,none,0
2025-01-07 14:00:00,AWS_002,26.20177798760111,1005.882811077921,89.87868513452891,none,0
2025-01-07 15:00:00,AWS_002,24.043967230188183,1005.7128792382133,96.90820057871234,none,0
2025-01-07 16:00:00,AWS_002,23.684741193604257,1005.335398756495,96.22155248132684,none,0
2025-01-07 17:00:00,AWS_002,22.35223138197084,1005.6192354215926,93.97707949110864,none,0
2025-01-07 18:00:00,AWS_002,20.291130282567117,1004.903119966228,95.8458700776512,none,0
2025-01-07 19:00:00,AWS_002,19.303121786733524,1004.6687480398022,92.91573936004039,none,0
2025-01-07 20:00:00,AWS_002,17.06977640731899,1004.23977386765,99.1889148120649,none,0
2025-01-07 21:00:00,AWS_002,15.844530500599486,1004.9975066651174,99.288283557649,none,0
2025-01-07 22:00:00,AWS_002,14.989532447227678,1003.7805621688098,99.62708611427433,none,0
2025-01-07 23:00:00,AWS_002,14.436102626599363,1003.9880473733791,100.0,none,0
2025-01-08 00:00:00,AWS_002,14.11537568703671,1004.14067038169,96.9191812728883,none,0
2025-01-08 01:00:00,AWS_002,15.121095269614834,1003.526341752276,100.0,none,0
2025-01-08 02:00:00,AWS_002,14.894928207131802,1003.7161907913851,100.0,none,0
2025-01-08 03:00:00,AWS_002,16.095070398755297,1003.8374062363599,94.86603798526902,none,0
2025-01-08 04:00:00,AWS_002,17.268121459520078,1004.5168587793551,98.71166237576837,none,0
2025-01-08 05:00:00,AWS_002,19.868374891131953,1004.8484134380715,95.70528861891881,frozen,1
2025-01-08 06:00:00,AWS_002,19.868374891131953,1004.8484134380715,95.70528861891881,frozen,1
2025-01-08 07:00:00,AWS_002,19.868374891131953,1004.8484134380715,95.70528861891881,frozen,1
2025-01-08 08:00:00,AWS_002,19.868374891131953,1004.8484134380715,95.70528861891881,frozen,1
2025-01-08 09:00:00,AWS_002,19.868374891131953,1004.8484134380715,95.70528861891881,frozen,1
2025-01-08 10:00:00,AWS_002,19.868374891131953,1004.8484134380715,95.70528861891881,frozen,1
2025-01-08 11:00:00,AWS_002,19.868374891131953,1004.8484134380715,95.70528861891881,frozen,1
2025-01-08 12:00:00,AWS_002,19.868374891131953,1004.8484134380715,95.70528861891881,frozen,1
2025-01-08 13:00:00,AWS_002,26.82327465512095,1005.9833915556766,87.93272136153062,none,0
2025-01-08 14:00:00,AWS_002,25.53549852752552,1006.2989302091053,90.16481670473729,none,0
2025-01-08 15:00:00,AWS_002,25.200817506695838,1005.5957165840638,88.27640099694278,none,0
2025-01-08 16:00:00,AWS_002,23.748266612067475,1005.7005668072965,95.54241384446442,none,0
2025-01-08 17:00:00,AWS_002,22.094949499350935,1005.1664960391985,91.44206172839033,none,0
2025-01-08 18:00:00,AWS_002,20.92128802660317,1004.8641273900517,95.58916474995215,none,0
2025-01-08 19:00:00,AWS_002,18.85905665148516,1005.1509125522416,92.73630857164387,none,0
2025-01-08 20:00:00,AWS_002,17.960848405159194,1004.9413372720319,95.47282820090872,none,0
2025-01-08 21:00:00,AWS_002,15.76307065181789,1003.8731684592569,97.00645729716025,none,0
2025-01-08 22:00:00,AWS_002,15.039433026840285,1003.8831310009971,100.0,none,0
2025-01-08 23:00:00,AWS_002,15.227896181409815,1003.451591682484,100.0,none,0
2025-01-09 00:00:00,AWS_002,13.692099707467769,1004.2043504839515,100.0,none,0
2025-01-09 01:00:00,AWS_002,14.933835520617302,1004.1244062600778,98.63944983527608,none,0
2025-01-09 02:00:00,AWS_002,15.176526162791117,1004.1925620740483,97.60631022959447,none,0
2025-01-09 03:00:00,AWS_002,16.076251091842536,1003.8360459393931,96.72123495732865,none,0
2025-01-09 04:00:00,AWS_002,17.2583619534829,1004.4789874874529,94.1007026769471,none,0
2025-01-09 05:00:00,AWS_002,19.504253022845575,1004.6020328433152,94.82867213189583,none,0
2025-01-09 06:00:00,AWS_002,19.92620886764364,1004.8814453514202,95.01669930030505,none,0
2025-01-09 07:00:00,AWS_002,22.42886560474902,1005.3459842492124,98.47611397102727,none,0
2025-01-09 08:00:00,AWS_002,23.733250970538855,1005.8580021692572,94.49427902906328,none,0
2025-01-09 09:00:00,AWS_002,24.613639927103463,1006.2196978185076,96.81014168055133,none,0
2025-01-09 10:00:00,AWS_002,25.704077740172096,1006.2016912707676,84.3885165543273,none,0
2025-01-09 11:00:00,AWS_002,26.622288024244178,1006.54687304906,88.05811512336554,none,0
2025-01-09 12:00:00,AWS_002,26.305327708358867,1006.2921502948492,91.60765946410679,none,0
2025-01-09 13:00:00,AWS_002,25.73188463066739,1006.1718853773757,92.1032007940918,none,0
2025-01-09 14:00:00,AWS_002,25.854471256999208,1006.2120032930441,97.47951735339186,none,0
2025-01-09 15:00:00,AWS_002,24.450011966183293,1005.9340108336809,93.4078868966583,none,0
2025-01-09 16:00:00,AWS_002,23.38134068320202,1005.6726715922429,93.65262174322551,none,0
2025-01-09 17:00:00,AWS_002,22.121021545584124,1005.7823540740869,90.64979417912025,none,0
2025-01-09 18:00:00,AWS_002,20.8425468259181,1005.3447826524017,95.2118914182541,none,0
2025-01-09 19:00:00,AWS_002,19.721935428526702,1004.788769761245,94.34188556310399,none,0
2025-01-09 20:00:00,AWS_002,17.685747087428744,1004.3917352513321,97.01886560031785,none,0
2025-01-09 21:00:00,AWS_002,16.3526789058229,1004.3682297109684,100.0,none,0
2025-01-09 22:00:00,AWS_002,15.681466882925035,1004.2414617970101,98.39446290780175,none,0
2025-01-09 23:00:00,AWS_002,14.869115984765411,1003.8298491554094,92.3336142925066,none,0
2025-01-10 00:00:00,AWS_002,13.874443573958892,1003.5960665031859,100.0,none,0
2025-01-10 01:00:00,AWS_002,14.514782163508238,1003.3378554642431,97.480168247425,none,0
2025-01-10 02:00:00,AWS_002,14.860006590650505,1004.5373312877762,100.0,none,0
2025-01-10 03:00:00,AWS_002,16.588595100087257,1004.233558395456,98.76512661273352,none,0
2025-01-10 04:00:00,AWS_002,18.062502914953544,1004.4237035181552,98.56512607387931,none,0
2025-01-10 05:00:00,AWS_002,19.143286303547264,1005.0228817099702,95.09690650948048,none,0
2025-01-10 06:00:00,AWS_002,20.14166894615846,1005.5567250836581,94.09535652419032,none,0
2025-01-10 07:00:00,AWS_002,22.428233758704685,1005.0882449545318,92.02045741091814,none,0
2025-01-10 08:00:00,AWS_002,23.170004295343393,1006.1251819290316,94.44675348468536,none,0
2025-01-10 09:00:00,AWS_002,24.899973871793488,1006.284653470332,95.01232586629658,none,0
2025-01-10 10:00:00,AWS_002,25.2727863511025,1006.419304459844,88.19578717845278,none,0
2025-01-10 11:00:00,AWS_002,25.797867276036776,1006.1229621832259,85.88128770379879,none,0
2025-01-10 12:00:00,AWS_002,25.995964730339423,1006.2373876769965,91.17101466600961,none,0
2025-01-10 13:00:00,AWS_002,26.360794641200616,1006.3823540055141,91.28303731104289,none,0
2025-01-10 14:00:00,AWS_002,25.49032752082268,1006.1761471808412,91.00738104433879,none,0
2025-01-10 15:00:00,AWS_002,24.97671730381918,1005.9203991267709,93.62765475585549,none,0
2025-01-10 16:00:00,AWS_002,23.04036156196824,1005.9266979580477,92.9059914390175,none,0
2025-01-10 17:00:00,AWS_002,22.309709494939366,1005.5411741684932,94.61405522951878,none,0
2025-01-10 18:00:00,AWS_002,20.31359856978423,1004.8618058370192,96.38974997157761,none,0
2025-01-10 19:00:00,AWS_002,19.51001129667831,1004.3096244344598,94.53349918921943,none,0
2025-01-10 20:00:00,AWS_002,17.970389255838864,1004.4329959153083,96.35810974036264,none,0
2025-01-10 21:00:00,AWS_002,16.2339557007221,1004.1981660761223,98.89374605462251,none,0
2025-01-10 22:00:00,AWS_002,15.41086752679608,1003.6911691942605,96.80926054809547,none,0
2025-01-10 23:00:00,AWS_002,14.866203013423595,1003.6222000561429,100.0,none,0
2025-01-11 00:00:00,AWS_002,14.750433937692348,1003.4563794074614,99.90738912894207,none,0
2025-01-11 01:00:00,AWS_002,14.660301057983794,1003.8282254261147,98.70252615423422,none,0
2025-01-11 02:00:00,AWS_002,15.808271598382902,1003.5157244432074,96.87619167065075,none,0
2025-01-11 03:00:00,AWS_002,16.120765063858606,1004.4526517822075,100.0,none,0
2025-01-11 04:00:00,AWS_002,16.79735476363269,1004.3721607613104,100.0,none,0
2025-01-11 05:00:00,AWS_002,19.113664216235357,1004.7895782223195,94.11578581466628,none,0
2025-01-11 06:00:00,AWS_002,20.52530599262436,1005.6688212073113,91.50282780038033,none,0
2025-01-11 07:00:00,AWS_002,22.45517528990485,1005.4105144950798,95.85053968028114,none,0
2025-01-11 08:00:00,AWS_002,23.808325299566345,1005.2213729022707,97.46886148713968,none,0
2025-01-11 09:00:00,AWS_002,24.864997605838585,1006.2292209694779,90.48086709875221,none,0
2025-01-11 10:00:00,AWS_002,25.810267910674177,1006.0701366766186,92.84886650893702,none,0
2025-01-11 11:00:00,AWS_002,26.41808326144275,1005.7994740743391,91.82266005247112,none,0
2025-01-11 12:00:00,AWS_002,26.30877654882279,1005.858310349383,91.04042087289032,none,0
2025-01-11 13:00:00,AWS_002,25.881709344546213,1006.158544851982,95.33857516797153,none,0
2025-01-11 14:00:00,AWS_002,25.44156394947356,1005.9751310130553,93.72040693125285,none,0
2025-01-11 15:00:00,AWS_002,24.78054189393317,1006.3147429650047,88.79802988083856,none,0
2025-01-11 16:00:00,AWS_002,22.668939283270205,1005.4189882309079,93.98120320427897,none,0
2025-01-11 17:00:00,AWS_002,21.9543661800128,1005.508297898995,90.07570593874917,none,0
2025-01-11 18:00:00,AWS_002,20.183621427307482,1005.1679966450833,92.37674212019641,none,0
2025-01-11 19:00:00,AWS_002,18.988876285022215,1004.4713207794183,94.15048108815854,frozen,1
2025-01-11 20:00:00,AWS_002,18.988876285022215,1004.4713207794183,94.15048108815854,frozen,1
2025-01-11 21:00:00,AWS_002,18.988876285022215,1004.4713207794183,94.15048108815854,frozen,1
2025-01-11 22:00:00,AWS_002,18.988876285022215,1004.4713207794183,94.15048108815854,frozen,1
2025-01-11 23:00:00,AWS_002,18.988876285022215,1004.4713207794183,94.15048108815854,frozen,1
2025-01-12 00:00:00,AWS_002,18.988876285022215,1004.4713207794183,94.15048108815854,frozen,1
2025-01-12 01:00:00,AWS_002,,,,dropout,1
2025-01-12 02:00:00,AWS_002,,,,dropout,1
2025-01-12 03:00:00,AWS_002,,,,dropout,1
2025-01-12 04:00:00,AWS_002,,,,dropout,1
2025-01-12 05:00:00,AWS_002,,,,dropout,1
2025-01-12 06:00:00,AWS_002,20.79109804103221,1004.4898828249867,97.17206695267217,none,0
2025-01-12 07:00:00,AWS_002,22.171816997250197,1005.9009567354476,93.90643628114671,none,0
2025-01-12 08:00:00,AWS_002,24.018500474606746,1006.3429658398449,83.81963157571563,none,0
2025-01-12 09:00:00,AWS_002,24.757124372151072,1006.3663427630352,85.90708038410234,none,0
2025-01-12 10:00:00,AWS_002,25.683771948002565,1006.299955173787,93.26466370950047,none,0
2025-01-12 11:00:00,AWS_002,26.262470587099195,1006.1937904674222,92.68632270723835,none,0
2025-01-12 12:00:00,AWS_002,25.878315431815775,1006.4751472565182,88.81619529610768,none,0
2025-01-12 13:00:00,AWS_002,26.760581074495626,1006.0300445556064,85.9305453429354,none,0
2025-01-12 14:00:00,AWS_002,25.710582865840465,1006.258121466206,93.2836180295706,none,0
2025-01-12 15:00:00,AWS_002,24.795810559837207,1005.9930693239905,93.90371645070785,none,0
2025-01-12 16:00:00,AWS_002,35.29521666579309,994.7641141659199,98.0,multivariate_inconsistent,1
2025-01-12 17:00:00,AWS_002,31.62010607057937,993.466880506821,98.0,multivariate_inconsistent,1
2025-01-12 18:00:00,AWS_002,19.689322611263062,1005.207683113476,95.89803210635031,none,0
2025-01-12 19:00:00,AWS_002,19.10122453531867,1004.690197144357,99.2245790532883,none,0
2025-01-12 20:00:00,AWS_002,21.832580975522646,1005.2584808620276,98.0,thermo_inconsistent,1
2025-01-12 21:00:00,AWS_002,16.747761195415904,1004.0387585777438,98.25326032394226,none,0
2025-01-12 22:00:00,AWS_002,15.284445461653604,1004.0908172746936,100.0,none,0
2025-01-12 23:00:00,AWS_002,14.431164701447374,1004.0438989248469,100.0,none,0
2025-01-13 00:00:00,AWS_002,14.607606076903267,1002.9580734853384,100.0,none,0
2025-01-13 01:00:00,AWS_002,14.950873157801004,1003.7441117008289,100.0,none,0
2025-01-13 02:00:00,AWS_002,15.354526291071288,1004.4843288489216,100.0,none,0
2025-01-13 03:00:00,AWS_002,16.69052999129167,1004.7672606102918,98.16644150208639,none,0
2025-01-13 04:00:00,AWS_002,17.219032908658363,1004.6049538415127,98.45370204715283,none,0
2025-01-13 05:00:00,AWS_002,19.47519695967499,1004.7143855423584,97.70968223982437,none,0
2025-01-13 06:00:00,AWS_002,20.66384076266177,1004.8799393333993,96.31460692524674,none,0
2025-01-13 07:00:00,AWS_002,21.93578481735072,1005.9120144753609,96.00113375298407,none,0
2025-01-13 08:00:00,AWS_002,23.489830494033086,1005.6597746482238,95.00086798579801,none,0
2025-01-13 09:00:00,AWS_002,24.98562981066099,1006.1546331965338,92.16868835949725,none,0
2025-01-13 10:00:00,AWS_002,26.10588485310725,1005.6938878790288,90.1910364892708,none,0
2025-01-13 11:00:00,AWS_002,26.43010706904999,1006.0288813592281,94.3857474088987,none,0
2025-01-13 12:00:00,AWS_002,26.83909176040262,1006.7363912688114,90.62649405241382,none,0
2025-01-13 13:00:00,AWS_002,27.36407132174914,1006.4647460659606,90.48851867474554,none,0
2025-01-13 14:00:00,AWS_002,25.14846763254744,1006.1749808519104,87.79459681619494,none,0
2025-01-13 15:00:00,AWS_002,24.049145648454232,1005.4676857405377,91.11285922837855,none,0
2025-01-13 16:00:00,AWS_002,-1.3550827229333962,1005.8154849369653,89.28207805442923,spike,1
2025-01-13 17:00:00,AWS_002,21.776010673643327,1005.5472910361443,95.54388504007669,none,0
2025-01-13 18:00:00,AWS_002,20.656189495535223,1005.4129277298795,94.06059772277364,none,0
2025-01-13 19:00:00,AWS_002,18.41468044560997,1004.3905344305165,94.29759810497046,none,0
2025-01-13 20:00:00,AWS_002,17.665713475800576,1004.1497306809005,100.0,none,0
2025-01-13 21:00:00,AWS_002,16.895039202706783,1004.2500489283963,98.62662715713978,none,0
2025-01-13 22:00:00,AWS_002,15.861360581377696,1004.0390534560554,98.2317137488115,none,0
2025-01-13 23:00:00,AWS_002,14.38015939414989,1003.8282311869588,100.0,none,0
2025-01-14 00:00:00,AWS_002,14.491890099042674,1003.7143702796493,100.0,none,0
2025-01-14 01:00:00,AWS_002,15.17501828671974,1003.6278153484373,93.1518219065864,none,0
2025-01-14 02:00:00,AWS_002,16.150969946725432,1004.0302488751807,100.0,none,0
2025-01-14 03:00:00,AWS_002,15.994223907018773,1003.892285183854,100.0,none,0
2025-01-14 04:00:00,AWS_002,17.277291526376953,1004.3592038310682,100.0,none,0
2025-01-14 05:00:00,AWS_002,19.5138611163699,1004.9372040249148,100.0,none,0
2025-01-14 06:00:00,AWS_002,20.47683929369328,1004.8252548866582,93.13290570833288,none,0
2025-01-14 07:00:00,AWS_002,21.763564434739763,1005.3114885420445,96.20965281518014,none,0
2025-01-14 08:00:00,AWS_002,24.04262373387593,1006.2867605070253,88.15458027467865,none,0
2025-01-14 09:00:00,AWS_002,24.193598345783215,1005.565011890875,92.57329300135898,none,0
2025-01-14 10:00:00,AWS_002,34.423401341493104,993.4769845894663,98.0,multivariate_inconsistent,1
2025-01-14 11:00:00,AWS_002,26.80670530557134,1006.2869809158652,90.50559923069167,none,0
2025-01-14 12:00:00,AWS_002,26.374108918712945,1006.6683317861741,91.26819358163955,none,0
2025-01-14 13:00:00,AWS_002,26.727316302161316,1006.4673533406461,93.49781096147998,none,0
2025-01-14 14:00:00,AWS_002,25.332584700282204,1006.5019209547295,90.1750552417666,none,0
2025-01-14 15:00:00,AWS_002,25.180715941114613,1006.1751319217279,96.46698772428797,none,0
2025-01-14 16:00:00,AWS_002,23.817605329301703,1005.4790563874373,87.4614715115811,none,0
2025-01-14 17:00:00,AWS_002,22.830783693732105,1005.2349390014202,90.43310931302098,none,0
2025-01-14 18:00:00,AWS_002,20.53208810298853,1005.0634306145084,95.31504492708946,none,0
2025-01-14 19:00:00,AWS_002,18.937309363794004,1004.8362136382252,96.39783094324291,none,0
2025-01-14 20:00:00,AWS_002,17.59379739989165,1004.8186075903253,93.2392279291869,none,0
2025-01-14 21:00:00,AWS_002,16.80935992400435,1004.1186100538172,100.0,none,0
2025-01-14 22:00:00,AWS_002,15.140601584090156,1004.1477815060194,100.0,none,0
2025-01-14 23:00:00,AWS_002,14.782269947226746,1004.1790464417827,97.56425678974425,none,0
2025-01-15 00:00:00,AWS_002,15.415387990504993,1003.4116307314017,98.20171057186424,none,0
2025-01-15 01:00:00,AWS_002,15.152943547001572,1004.0185643088137,100.0,none,0
2025-01-15 02:00:00,AWS_002,15.730809053784409,1004.0688520600855,99.21603873327112,none,0
2025-01-15 03:00:00,AWS_002,16.18703309530405,1004.1262522301054,95.870751549826,none,0
2025-01-15 04:00:00,AWS_002,17.983393392831026,1004.3380557958701,97.88871782307928,none,0
2025-01-15 05:00:00,AWS_002,18.6210648820742,1004.1241689302004,99.94549517346384,none,0
2025-01-15 06:00:00,AWS_002,20.043929747606036,1004.6468310088704,92.938785616893,none,0
2025-01-15 07:00:00,AWS_002,21.81754188147023,1005.3808847103908,94.53805026617817,none,0
2025-01-15 08:00:00,AWS_002,24.209551581519122,1005.4767093690728,91.45401577423104,none,0
2025-01-15 09:00:00,AWS_002,24.952888917969233,1006.2389111440095,91.68118854516948,none,0
2025-01-15 10:00:00,AWS_002,25.466741702153698,1005.8518953942145,94.01230447399954,none,0
2025-01-15 11:00:00,AWS_002,26.29737965802473,1005.9979527084324,86.757492503514,none,0
2025-01-15 12:00:00,AWS_002,26.82629336185917,1006.560059838886,87.02783450392008,none,0
2025-01-15 13:00:00,AWS_002,26.915045853058153,1006.2269275676852,89.49548469341545,none,0
2025-01-15 14:00:00,AWS_002,25.190536993863443,1006.3841267084687,95.11478627085474,none,0
2025-01-15 15:00:00,AWS_002,25.42608450016046,1005.7227343313137,95.54977661742062,none,0
2025-01-15 16:00:00,AWS_002,24.022090710529515,1005.3935946475873,92.632139807211,none,0
2025-01-15 17:00:00,AWS_002,21.924311660229844,1005.7549132631993,94.38956761129764,none,0
2025-01-15 18:00:00,AWS_002,20.491608148865286,1005.3172468482799,94.06076856372488,none,0
2025-01-15 19:00:00,AWS_002,19.29554372663825,1004.4361841713907,93.28049638277916,none,0
2025-01-15 20:00:00,AWS_002,17.538529987307847,1004.2419372242244,99.88900886948171,none,0
2025-01-15 21:00:00,AWS_002,16.466394716698787,1004.904677414568,100.0,none,0
2025-01-15 22:00:00,AWS_002,15.034770938331274,1004.1243226728811,100.0,none,0
2025-01-15 23:00:00,AWS_002,14.131209369079818,1004.6629893867822,100.0,none,0
2025-01-16 00:00:00,AWS_002,15.62829039506488,1003.9454698476791,100.0,none,0
2025-01-16 01:00:00,AWS_002,14.930402574903868,1003.9417850771953,97.7023385149799,none,0
2025-01-16 02:00:00,AWS_002,15.552257753001042,1004.212914447429,99.67762107812946,none,0
2025-01-16 03:00:00,AWS_002,16.620431461228883,1004.6690381584486,95.18479520596031,none,0
2025-01-16 04:00:00,AWS_002,18.194667289654056,1004.5127036531431,98.01921222536028,none,0
2025-01-16 05:00:00,AWS_002,19.48006025847353,1004.7339194796817,99.28842737209817,none,0
2025-01-16 06:00:00,AWS_002,20.250969068775806,1005.0366174838146,91.59659560342747,none,0
2025-01-16 07:00:00,AWS_002,22.170973529247537,1005.3231013860809,91.48325020292698,none,0
2025-01-16 08:00:00,AWS_002,23.69188657734242,1005.8273146544807,96.23370347373042,none,0
2025-01-16 09:00:00,AWS_002,25.212487111425386,1006.3930240840393,90.16667276083622,drift,1
2025-01-16 10:00:00,AWS_002,26.10887927641431,1006.312720527862,95.30483889163666,drift,1
2025-01-16 11:00:00,AWS_002,27.588727881495515,1006.1005537719158,86.79361898327203,drift,1
2025-01-16 12:00:00,AWS_002,28.218440313486596,1006.2398288119668,90.36491182259955,drift,1
2025-01-16 13:00:00,AWS_002,28.963478598874183,1006.0620243203182,89.27250924500383,drift,1
2025-01-16 14:00:00,AWS_002,27.256475513157206,1006.1391617222175,96.07914013594595,drift,1
2025-01-16 15:00:00,AWS_002,27.86612674283131,1005.5403166793452,92.58215641523812,drift,1
2025-01-16 16:00:00,AWS_002,27.215088341276825,1005.9490462968782,83.48218447820743,drift,1
2025-01-16 17:00:00,AWS_002,,,,dropout,1
2025-01-16 18:00:00,AWS_002,,,,dropout,1
2025-01-16 19:00:00,AWS_002,,,,dropout,1
2025-01-16 20:00:00,AWS_002,23.29822120295838,1004.4987153867896,97.72900653138568,drift,1
2025-01-16 21:00:00,AWS_002,22.42310678115338,1004.3142175899385,92.64245829483329,drift,1
2025-01-16 22:00:00,AWS_002,21.47345112501052,1004.1003906206307,100.0,drift,1
2025-01-16 23:00:00,AWS_002,21.15380392849441,1004.2396827937298,95.3165219384163,drift,1
2025-01-17 00:00:00,AWS_002,22.20470554624199,1004.149286578958,99.02370944758428,drift,1
2025-01-17 01:00:00,AWS_002,14.537968307970036,1003.3621555705232,100.0,none,0
2025-01-17 02:00:00,AWS_002,15.745239993818709,1004.1537419088769,100.0,none,0
2025-01-17 03:00:00,AWS_002,17.04611152732011,1004.9156536233252,100.0,none,0
2025-01-17 04:00:00,AWS_002,17.765838430409726,1004.3352783057153,97.12963445107303,none,0
2025-01-17 05:00:00,AWS_002,19.22298253256798,1004.9167663687565,97.77071232478193,none,0
2025-01-17 06:00:00,AWS_002,20.735530418649752,1004.9906006923438,100.0,none,0
2025-01-17 07:00:00,AWS_002,22.793673140027064,1004.9537144960184,89.19385121159615,none,0
2025-01-17 08:00:00,AWS_002,24.248530950262325,1006.0732049794873,87.31277773649401,none,0
2025-01-17 09:00:00,AWS_002,24.964722124466014,1006.1800578240811,90.26684236284109,none,0
2025-01-17 10:00:00,AWS_002,26.18248465393402,1005.5118537622028,86.03601224107605,none,0
2025-01-17 11:00:00,AWS_002,26.503901074997074,1006.2013089124744,86.50595492994029,none,0
2025-01-17 12:00:00,AWS_002,26.49258263768721,1006.4735574425174,92.00882854364619,none,0
2025-01-17 13:00:00,AWS_002,26.795199760749767,1006.4620306078834,89.39643885320984,none,0
2025-01-17 14:00:00,AWS_002,25.8540312631243,1005.7324754197197,91.922945014134,none,0
2025-01-17 15:00:00,AWS_002,24.597050570774563,1006.1719035624582,94.84819134279786,none,0
2025-01-17 16:00:00,AWS_002,23.096197545668158,1005.764400389569,95.63267839067363,none,0
2025-01-17 17:00:00,AWS_002,22.646182284611736,1005.0213982416598,94.00502330890116,none,0
2025-01-17 18:00:00,AWS_002,20.311885271114996,1005.0439117140606,98.47106878277344,none,0
2025-01-17 19:00:00,AWS_002,18.701326628793748,1005.0034645737725,97.55962126178915,none,0
2025-01-17 20:00:00,AWS_002,17.594057794374383,1004.8115404754514,100.0,none,0
2025-01-17 21:00:00,AWS_002,16.753652717126172,1004.2254426200033,95.99311318718428,none,0
2025-01-17 22:00:00,AWS_002,14.814449563884088,1004.4942830002735,95.53821424804559,none,0
2025-01-17 23:00:00,AWS_002,15.161724401439784,1003.969465930993,97.61397093552043,none,0
2025-01-18 00:00:00,AWS_002,14.860261377235298,1004.0375539379249,96.61138296632795,none,0
2025-01-18 01:00:00,AWS_002,14.422728081715215,1004.2092949672576,98.07480765894383,none,0
2025-01-18 02:00:00,AWS_002,15.05384648275327,1003.8133017141768,94.52236822395417,none,0
2025-01-18 03:00:00,AWS_002,16.394296328843016,1004.3067436039228,100.0,none,0
2025-01-18 04:00:00,AWS_002,18.481319183183107,1004.1930729521242,100.0,none,0
2025-01-18 05:00:00,AWS_002,19.055584847843775,1004.3711646740178,94.0050858394708,none,0
2025-01-18 06:00:00,AWS_002,21.144280808218696,1004.9391787090649,94.49792424369744,frozen,1
2025-01-18 07:00:00,AWS_002,21.144280808218696,1004.9391787090649,94.49792424369744,frozen,1
2025-01-18 08:00:00,AWS_002,21.144280808218696,1004.9391787090649,94.49792424369744,frozen,1
2025-01-18 09:00:00,AWS_002,21.144280808218696,1004.9391787090649,94.49792424369744,frozen,1
2025-01-18 10:00:00,AWS_002,21.144280808218696,1004.9391787090649,94.49792424369744,frozen,1
2025-01-18 11:00:00,AWS_002,21.144280808218696,1004.9391787090649,94.49792424369744,frozen,1
2025-01-18 12:00:00,AWS_002,21.144280808218696,1004.9391787090649,94.49792424369744,frozen,1
2025-01-18 13:00:00,AWS_002,21.144280808218696,1004.9391787090649,94.49792424369744,frozen,1
2025-01-18 14:00:00,AWS_002,25.326818844074086,1006.1661545680704,90.07985813630346,none,0
2025-01-18 15:00:00,AWS_002,24.78673806665912,1006.3380825206224,90.39191739651562,none,0
2025-01-18 16:00:00,AWS_002,23.983988770845972,1005.7026774586342,94.35235972258853,none,0
2025-01-18 17:00:00,AWS_002,22.12108738325555,1004.830671786671,95.53012608963152,none,0
2025-01-18 18:00:00,AWS_002,21.092562704822356,1004.4106708715651,96.84874667070845,frozen,1
2025-01-18 19:00:00,AWS_002,21.092562704822356,1004.4106708715651,96.84874667070845,frozen,1
2025-01-18 20:00:00,AWS_002,21.092562704822356,1004.4106708715651,96.84874667070845,frozen,1
2025-01-18 21:00:00,AWS_002,21.092562704822356,1004.4106708715651,96.84874667070845,frozen,1
2025-01-18 22:00:00,AWS_002,21.092562704822356,1004.4106708715651,96.84874667070845,frozen,1
2025-01-18 23:00:00,AWS_002,15.058074470495468,1004.1095146910503,100.0,none,0
2025-01-19 00:00:00,AWS_002,14.375135145179039,1004.1136316070638,94.10632921589318,none,0
2025-01-19 01:00:00,AWS_002,14.63885235745503,1003.7271152818632,98.51486386896396,none,0
2025-01-19 02:00:00,AWS_002,15.40617268905429,1004.4579043228674,96.06549303177434,none,0
2025-01-19 03:00:00,AWS_002,15.903761515645966,1004.8630423273341,100.0,none,0
2025-01-19 04:00:00,AWS_002,18.10642852670444,1005.0153399222962,98.62007562915788,none,0
2025-01-19 05:00:00,AWS_002,19.41685103513278,1004.9019519319044,95.26009493854353,none,0
2025-01-19 06:00:00,AWS_002,21.22561948475746,1005.2665091276506,91.05748049138282,none,0
2025-01-19 07:00:00,AWS_002,22.35732859508749,1005.8255924483171,89.98955480688798,none,0
2025-01-19 08:00:00,AWS_002,23.36199967665545,1005.6702026869378,89.61869346444954,none,0
2025-01-19 09:00:00,AWS_002,25.242966773224634,1006.2892640778144,88.93634900480761,none,0
2025-01-19 10:00:00,AWS_002,25.402568425922052,1005.9941653975249,88.88149980642197,none,0
2025-01-19 11:00:00,AWS_002,26.17186846566988,1006.7432395249131,86.82008819845686,none,0
2025-01-19 12:00:00,AWS_002,27.58432295685256,1006.7543253985713,89.10009942709517,none,0
2025-01-19 13:00:00,AWS_002,26.971898810007442,1006.7678856163375,88.89050375220634,none,0
2025-01-19 14:00:00,AWS_002,26.120477123390813,1006.368745865094,90.10366460464235,none,0
2025-01-19 15:00:00,AWS_002,25.584512545674272,1005.6890367648409,91.03109812072951,none,0
2025-01-19 16:00:00,AWS_002,23.633575996900074,1005.8685614470211,93.41389671157293,none,0
2025-01-19 17:00:00,AWS_002,22.538967056310092,1005.5687399346313,92.96631719253203,none,0
2025-01-19 18:00:00,AWS_002,20.426819356313985,1005.1321438343581,95.83702710859252,none,0
2025-01-19 19:00:00,AWS_002,19.067255933528497,1004.8565586707689,95.36510634423168,none,0
2025-01-19 20:00:00,AWS_002,17.79029505095357,1005.1943103396917,95.62062183170056,none,0
2025-01-19 21:00:00,AWS_002,17.112309966942775,1004.4565314007704,98.92844860767029,none,0
2025-01-19 22:00:00,AWS_002,15.282292168580137,1004.46556133217,96.93160125970823,none,0
2025-01-19 23:00:00,AWS_002,15.386810750075805,1004.2032703972955,100.0,none,0
2025-01-20 00:00:00,AWS_002,14.756508491903753,1003.8120492789222,97.09259928618543,none,0
2025-01-20 01:00:00,AWS_002,14.260965928632451,1004.1414934894224,99.94975207558197,none,0
2025-01-20 02:00:00,AWS_002,14.792834914092134,1004.0776459974683,100.0,none,0
2025-01-20 03:00:00,AWS_002,16.24181189085759,1004.6142052590199,100.0,none,0
2025-01-20 04:00:00,AWS_002,18.19531213065278,1004.3595663082167,99.21959157998741,none,0
2025-01-20 05:00:00,AWS_002,19.316810815718334,1004.540260691124,93.00670557032073,none,0
2025-01-20 06:00:00,AWS_002,21.496729627834398,1005.1858510490831,93.73196541609445,none,0
2025-01-20 07:00:00,AWS_002,22.394416872408115,1005.5650677890366,89.24305098400909,none,0
2025-01-20 08:00:00,AWS_002,24.338647824076965,1005.649117894744,90.07563436010544,none,0
2025-01-20 09:00:00,AWS_002,25.11446041251618,1005.911070365519,91.81113754065987,none,0
2025-01-20 10:00:00,AWS_002,25.602832193858294,1006.2673514053333,94.56640620066531,none,0
2025-01-20 11:00:00,AWS_002,26.856041446727925,1006.3347717292182,92.66156597097346,none,0
2025-01-20 12:00:00,AWS_002,26.47637725130171,1006.296354364973,93.3763309717532,none,0
2025-01-20 13:00:00,AWS_002,26.005231495759105,1006.6057371062838,92.26506486392677,none,0
2025-01-20 14:00:00,AWS_002,25.671890165304788,1006.275267430404,92.7905647167412,none,0
2025-01-20 15:00:00,AWS_002,24.86484399757416,1006.3061213397611,90.3180381746385,none,0
2025-01-20 16:00:00,AWS_002,23.880189294079365,1005.9488717590409,95.60326849647804,none,0
2025-01-20 17:00:00,AWS_002,22.67607117295274,1005.2767029797767,96.76891615599672,none,0
2025-01-20 18:00:00,AWS_002,21.027156920156802,1005.1475036609796,94.05514372848913,none,0
2025-01-20 19:00:00,AWS_002,20.070500622228593,1005.1715098280736,94.30395408240683,none,0
2025-01-20 20:00:00,AWS_002,16.99902057496678,1004.6611622069325,97.15179982216408,none,0
2025-01-20 21:00:00,AWS_002,16.471736631219457,1004.8524367914196,95.1762152457276,none,0
2025-01-20 22:00:00,AWS_002,16.6306444221869,1004.1589312421966,100.0,none,0
2025-01-20 23:00:00,AWS_002,14.868714529759165,1003.9693911895412,98.61884395271925,none,0
2025-01-21 00:00:00,AWS_002,14.285811255354364,1003.6960934245881,96.73151707321132,none,0
2025-01-21 01:00:00,AWS_002,14.693869759871937,1003.4710500224403,97.31364611776479,none,0
2025-01-21 02:00:00,AWS_002,15.208213292177469,1003.8636906385298,100.0,none,0
2025-01-21 03:00:00,AWS_002,16.354607200787893,1004.8295461022581,100.0,none,0
2025-01-21 04:00:00,AWS_002,18.49182226137935,1004.0947661801071,92.90095746103005,none,0
2025-01-21 05:00:00,AWS_002,18.684045030496712,1005.3303793899713,91.76644108596989,none,0
2025-01-21 06:00:00,AWS_002,20.520355821976036,1005.4382299944726,89.38468808205188,none,0
2025-01-21 07:00:00,AWS_002,36.42168546553442,992.2353017378704,98.0,multivariate_inconsistent,1
2025-01-21 08:00:00,AWS_002,23.921754262267612,1005.5823392430412,95.32308884505034,none,0
2025-01-21 09:00:00,AWS_002,25.17896412641677,1006.3863571514271,91.88528256386672,none,0
2025-01-21 10:00:00,AWS_002,25.849991571642505,1006.6035665339004,90.24195496719126,none,0
2025-01-21 11:00:00,AWS_002,26.980664087671627,1006.5829901092021,87.60929070578548,none,0
2025-01-21 12:00:00,AWS_002,26.39897990652184,1006.4993230191287,89.76985542939639,none,0
2025-01-21 13:00:00,AWS_002,26.9894109131234,1006.6791419422198,87.81386680335973,none,0
2025-01-21 14:00:00,AWS_002,26.056156064423497,1006.3732292291622,88.81128582679369,none,0
2025-01-21 15:00:00,AWS_002,24.979163918065666,1005.4940530159594,90.9209807103616,none,0
2025-01-21 16:00:00,AWS_002,23.598288722566522,1005.5763255385588,91.87709622056198,none,0
2025-01-21 17:00:00,AWS_002,22.749596115999996,1005.0249225807001,94.54097587351093,none,0
2025-01-21 18:00:00,AWS_002,20.951893122181687,1005.1117311060231,95.66802119628625,none,0
2025-01-21 19:00:00,AWS_002,19.10714116075516,1005.3718432920547,94.462349428428,none,0
2025-01-21 20:00:00,AWS_002,17.866569284938006,1004.2706664706326,94.54281140006209,none,0
2025-01-21 21:00:00,AWS_002,16.156114292169782,1003.7937713555633,98.25647813070994,none,0
2025-01-21 22:00:00,AWS_002,16.139653912012687,1004.2746080253673,97.73440630289262,none,0
2025-01-21 23:00:00,AWS_002,15.583179178405869,1003.3064723326885,99.38080108496443,none,0
2025-01-22 00:00:00,AWS_002,15.280754277020923,1003.9265313756796,100.0,none,0
2025-01-22 01:00:00,AWS_002,15.147667967993545,1004.0877372450122,99.20123133237271,none,0
2025-01-22 02:00:00,AWS_002,15.83766045026226,1004.6145770454167,100.0,none,0
2025-01-22 03:00:00,AWS_002,16.041724625858443,1004.4674942446118,96.49784252510547,none,0
2025-01-22 04:00:00,AWS_002,17.684322833714432,1005.1704842960905,97.16508559687287,none,0
2025-01-22 05:00:00,AWS_002,19.182350025296394,1004.7284825882713,92.42267123460545,none,0
2025-01-22 06:00:00,AWS_002,20.781579244682643,1005.3819996687224,93.06101853469964,none,0
2025-01-22 07:00:00,AWS_002,22.642625160835973,1005.2383287504563,91.91933308556264,none,0
2025-01-22 08:00:00,AWS_002,23.66110403628328,1005.9675521776808,91.48350445399936,none,0
2025-01-22 09:00:00,AWS_002,24.785301922207914,1006.3454566154986,92.48882717905471,none,0
2025-01-22 10:00:00,AWS_002,26.519080840043355,1006.0498479916504,90.0504666094329,none,0
2025-01-22 11:00:00,AWS_002,26.51194327690168,1006.3785763852089,87.6965606355021,none,0
2025-01-22 12:00:00,AWS_002,26.584726651612353,1006.4260553693259,88.13610270044687,none,0
2025-01-22 13:00:00,AWS_002,25.83039646957966,1006.8627137033758,91.7385056832886,none,0
2025-01-22 14:00:00,AWS_002,25.49320748225144,1006.267331504752,88.64595411092847,none,0
2025-01-22 15:00:00,AWS_002,24.995421382986926,1005.9813119055418,89.19383808880707,none,0
2025-01-22 16:00:00,AWS_002,23.95508101440896,1005.7329007351545,94.00869456749662,none,0
2025-01-22 17:00:00,AWS_002,21.68532786794578,1004.736329983852,95.24730605398437,none,0
2025-01-22 18:00:00,AWS_002,20.840694536576898,1005.0896044084232,96.13267944381232,none,0
2025-01-22 19:00:00,AWS_002,19.427051130978754,1005.0472202109642,92.04449107270837,none,0
2025-01-22 20:00:00,AWS_002,17.647035073144774,1004.4748745227025,97.53041355348215,none,0
2025-01-22 21:00:00,AWS_002,16.630131067068383,1004.2772658093899,94.2807786091659,none,0
2025-01-22 22:00:00,AWS_002,16.219643117413714,1004.2138463841926,99.72954262337333,none,0
2025-01-22 23:00:00,AWS_002,14.756814232817877,1004.330781335168,100.0,none,0
2025-01-23 00:00:00,AWS_002,14.17451170791687,1004.0815877256572,93.19744751827295,none,0
2025-01-23 01:00:00,AWS_002,14.907042688808762,1004.1067244102813,99.87894924904906,none,0
2025-01-23 02:00:00,AWS_002,15.30576910132804,1004.2507462304077,100.0,none,0
2025-01-23 03:00:00,AWS_002,16.594214998297172,1004.0753460282997,100.0,none,0
2025-01-23 04:00:00,AWS_002,18.136678105514513,1004.2771266439981,96.94763034159303,none,0
2025-01-23 05:00:00,AWS_002,19.662190627675763,1004.56878270698,91.48945432155104,none,0
2025-01-23 06:00:00,AWS_002,20.988927594244654,1005.2913400677232,90.25782443056771,none,0
2025-01-23 07:00:00,AWS_002,22.97572873912869,1005.1976253776862,95.10639322083121,none,0
2025-01-23 08:00:00,AWS_002,24.00767886667617,1005.9881821139119,92.08875745759546,none,0
2025-01-23 09:00:00,AWS_002,25.517863264273903,1005.7958554057523,95.83564032382583,none,0
2025-01-23 10:00:00,AWS_002,26.20193554128774,1006.204215115927,95.98719860413236,none,0
2025-01-23 11:00:00,AWS_002,26.772205026645874,1006.674832130049,91.64778254005277,none,0
2025-01-23 12:00:00,AWS_002,26.664811614572184,1007.1177606673546,89.01599281665884,none,0
2025-01-23 13:00:00,AWS_002,26.665384848141088,1006.4907518863519,93.55171312822785,none,0
2025-01-23 14:00:00,AWS_002,25.836208041553526,1005.6156724717109,94.48889316146793,none,0
2025-01-23 15:00:00,AWS_002,24.995260363183128,1005.9655685196843,93.08598347476396,none,0
2025-01-23 16:00:00,AWS_002,23.901692430334723,1005.9664703109886,91.90728315658012,none,0
2025-01-23 17:00:00,AWS_002,22.88885511978436,1005.737374757194,94.1341128368916,none,0
2025-01-23 18:00:00,AWS_002,20.772679038399314,1004.9693390809285,97.78432047639392,none,0
2025-01-23 19:00:00,AWS_002,19.572132192494454,1004.2927323839276,93.30609042805564,none,0
2025-01-23 20:00:00,AWS_002,17.38231415169437,1004.5793914733807,100.0,none,0
2025-01-23 21:00:00,AWS_002,16.521278587741094,1004.1415972428597,95.22642411250399,none,0
2025-01-23 22:00:00,AWS_002,16.194522034230385,1003.9216730194915,96.67208935651988,none,0
2025-01-23 23:00:00,AWS_002,15.224691489645616,1003.5279485370786,95.96593998429708,none,0
2025-01-24 00:00:00,AWS_002,14.156340827984426,1004.017919931683,94.04399431230556,none,0
2025-01-24 01:00:00,AWS_002,15.076588262467471,1003.4614900345404,99.59218483752211,none,0
2025-01-24 02:00:00,AWS_002,15.59104149333968,1003.9671551360308,100.0,none,0
2025-01-24 03:00:00,AWS_002,16.16953255825206,1004.2632666996299,94.63614987456839,none,0
2025-01-24 04:00:00,AWS_002,17.184707827952913,1004.4779642795658,95.33654994898112,none,0
2025-01-24 05:00:00,AWS_002,18.955801033967035,1004.8698475094718,95.51409847641636,none,0
2025-01-24 06:00:00,AWS_002,20.463407967592705,1005.6206881853986,96.57635086917152,none,0
2025-01-24 07:00:00,AWS_002,22.731003455387206,1005.9777559036867,90.56052599922238,none,0
2025-01-24 08:00:00,AWS_002,24.125103952208036,1005.7520017189211,89.81873306763767,none,0
2025-01-24 09:00:00,AWS_002,25.39412166973682,1005.7924928452776,93.09092349976811,none,0
2025-01-24 10:00:00,AWS_002,26.525279413047002,1005.8794116873399,86.59794974337223,none,0
2025-01-24 11:00:00,AWS_002,25.8217287764908,1006.0208404858272,90.47915856161434,none,0
2025-01-24 12:00:00,AWS_002,26.789361789227193,1006.128639112666,90.39317665329878,none,0
2025-01-24 13:00:00,AWS_002,26.832618825158576,1006.5704283995667,86.856860572275,none,0
2025-01-24 14:00:00,AWS_002,25.830692173790126,1006.3643569258395,92.56675627943555,none,0
2025-01-24 15:00:00,AWS_002,24.895323871401224,1005.733993758999,87.25240924994993,none,0
2025-01-24 16:00:00,AWS_002,23.585523226667874,1005.5828426378401,93.2479195729732,none,0
2025-01-24 17:00:00,AWS_002,22.526430509506255,1005.8686265780989,98.17832369993206,none,0
2025-01-24 18:00:00,AWS_002,20.884932389758863,1004.6572197533243,98.03158249612892,none,0
2025-01-24 19:00:00,AWS_002,19.848660838257526,1005.0174183578994,99.44692713549037,none,0
2025-01-24 20:00:00,AWS_002,18.067882369996966,1004.929374514234,95.81429782405382,none,0
2025-01-24 21:00:00,AWS_002,16.754665496281323,1004.1961938515001,100.0,none,0
2025-01-24 22:00:00,AWS_002,15.70882590496498,1004.3461966891045,100.0,none,0
2025-01-24 23:00:00,AWS_002,14.805622283154296,1004.1939615243414,99.82946186785406,none,0
2025-01-25 00:00:00,AWS_002,14.966338801104948,1004.0415673480151,100.0,none,0
2025-01-25 01:00:00,AWS_002,15.452434580495943,1003.7084573490305,97.94680707029772,none,0
2025-01-25 02:00:00,AWS_002,15.912339412792447,1004.1398005785876,100.0,none,0
2025-01-25 03:00:00,AWS_002,16.253060457397535,1003.9818835814007,97.67408581172694,none,0
2025-01-25 04:00:00,AWS_002,17.319033282249272,1004.3014443315247,100.0,none,0
2025-01-25 05:00:00,AWS_002,19.651499275545493,1005.2796218184911,95.35758482693458,none,0
2025-01-25 06:00:00,AWS_002,21.002645594480533,1005.0839876523929,99.57447059370439,none,0
2025-01-25 07:00:00,AWS_002,22.5975966311709,1005.0357699378262,88.1492653184376,none,0
2025-01-25 08:00:00,AWS_002,23.587612371812092,1006.0467502782362,94.73677336765307,none,0
2025-01-25 09:00:00,AWS_002,25.472304456331106,1006.420636172859,87.27846762079083,none,0
2025-01-25 10:00:00,AWS_002,26.4196912742539,1006.6368674982468,95.61918625081823,none,0
2025-01-25 11:00:00,AWS_002,26.6295367819192,1006.586070687487,86.83626646506657,none,0
2025-01-25 12:00:00,AWS_002,27.167422349347106,1006.5308938370247,78.94716213872282,none,0
2025-01-25 13:00:00,AWS_002,26.368828254189562,1005.66307026743,89.5800724119896,none,0
2025-01-25 14:00:00,AWS_002,26.10314727567964,1006.4991560883708,87.51277201799076,none,0
2025-01-25 15:00:00,AWS_002,24.38405342213165,1005.8478408490568,99.22333326203463,drift,1
2025-01-25 16:00:00,AWS_002,23.82993152857908,1006.2466190439434,95.16937981851459,drift,1
2025-01-25 17:00:00,AWS_002,32.052609530794854,995.3381710800838,98.0,multivariate_inconsistent,1
2025-01-25 18:00:00,AWS_002,21.23041236744481,1006.7846087396183,93.85930603289992,drift,1
2025-01-25 19:00:00,AWS_002,20.086307160519834,1006.8412213181011,98.24008228798834,drift,1
2025-01-25 20:00:00,AWS_002,18.186232327375688,1007.3460582787053,94.50900415176584,drift,1
2025-01-25 21:00:00,AWS_002,16.811025935572612,1007.7015638468324,97.58309941398998,drift,1
2025-01-25 22:00:00,AWS_002,15.85319771381078,1007.3211141349176,98.81972684466437,drift,1
2025-01-25 23:00:00,AWS_002,15.008120667249576,1007.6165227066689,100.0,drift,1
2025-01-26 00:00:00,AWS_002,15.257792326712373,1008.9132762154345,99.00839874015388,drift,1
2025-01-26 01:00:00,AWS_002,14.879590533591994,1009.051676528592,98.16427059562253,drift,1
2025-01-26 02:00:00,AWS_002,15.793821494387915,1009.3517393699778,97.25003260316197,drift,1
2025-01-26 03:00:00,AWS_002,18.03679631660822,1009.7904596675382,100.0,drift,1
2025-01-26 04:00:00,AWS_002,18.17637790287839,1010.88295706129,95.4004975989258,drift,1
2025-01-26 05:00:00,AWS_002,19.234538187940515,1012.0469848635859,97.18552064104767,drift,1
2025-01-26 06:00:00,AWS_002,21.405761494562398,1012.0910594488184,95.0912595555971,drift,1
2025-01-26 07:00:00,AWS_002,22.707601095126545,1013.2516205584077,86.4672464879055,drift,1
2025-01-26 08:00:00,AWS_002,23.877462366586297,1013.4937593484805,94.43314820264652,drift,1
2025-01-26 09:00:00,AWS_002,24.781002615921672,1006.4771751744454,92.7498580063699,none,0
2025-01-26 10:00:00,AWS_002,26.11643101037692,1006.428191267,89.38107112174096,none,0
2025-01-26 11:00:00,AWS_002,26.605900297108946,1006.9841693018038,92.0674700946042,none,0
2025-01-26 12:00:00,AWS_002,27.008758286395558,1006.706431490479,89.41001959359262,none,0
2025-01-26 13:00:00,AWS_002,26.938785166866754,1006.551887029917,90.05053675874508,none,0
2025-01-26 14:00:00,AWS_002,26.30313603944504,1006.1752076358135,91.93236859769684,none,0
2025-01-26 15:00:00,AWS_002,24.8597795176602,1005.9313757165567,91.43077212677173,none,0
2025-01-26 16:00:00,AWS_002,24.20217398602498,1005.8400551418766,88.75337321264648,none,0
2025-01-26 17:00:00,AWS_002,22.711443451525366,1005.847407214697,93.73978119683551,none,0
2025-01-26 18:00:00,AWS_002,20.407639508589728,1005.3782615475887,97.57108869668313,none,0
2025-01-26 19:00:00,AWS_002,19.574820110336542,1005.128050796911,100.0,none,0
2025-01-26 20:00:00,AWS_002,17.963700651157414,1004.8140435081186,99.15003257214546,none,0
2025-01-26 21:00:00,AWS_002,16.907271641621264,1004.7691952172038,100.0,none,0
2025-01-26 22:00:00,AWS_002,15.363562674236455,1004.8207257424409,96.57436222510714,none,0
2025-01-26 23:00:00,AWS_002,15.072255260106349,1004.2699432449607,100.0,none,0
2025-01-27 00:00:00,AWS_002,14.901260128046747,1004.4062521153187,96.4090689784472,none,0
2025-01-27 01:00:00,AWS_002,14.706457218447039,1003.7519699029262,100.0,none,0
2025-01-27 02:00:00,AWS_002,16.00755345106409,1003.7385478020437,98.49205037679022,none,0
2025-01-27 03:00:00,AWS_002,16.636557958210926,1004.2196407264469,98.30671361947304,none,0
2025-01-27 04:00:00,AWS_002,18.15594643946487,1004.8998848268669,93.2025628716357,none,0
2025-01-27 05:00:00,AWS_002,19.046327208630526,1004.7067584321043,99.06934003872962,none,0
2025-01-27 06:00:00,AWS_002,20.441408299500022,1004.9985924474847,88.68464083080049,none,0
2025-01-27 07:00:00,AWS_002,,,,dropout,1
2025-01-27 08:00:00,AWS_002,,,,dropout,1
2025-01-27 09:00:00,AWS_002,,,,dropout,1
2025-01-27 10:00:00,AWS_002,,,,dropout,1
2025-01-27 11:00:00,AWS_002,,,,dropout,1
2025-01-27 12:00:00,AWS_002,,,,dropout,1
2025-01-27 13:00:00,AWS_002,27.343672275638873,1006.4986504565297,89.28407225071057,none,0
2025-01-27 14:00:00,AWS_002,26.74392056490292,1006.0737521718581,91.33235280038247,none,0
2025-01-27 15:00:00,AWS_002,26.134136917312777,1005.8111732899123,92.09978795832636,none,0
2025-01-27 16:00:00,AWS_002,24.106952935143084,1006.416153610108,97.46398196486003,none,0
2025-01-27 17:00:00,AWS_002,22.9662598923863,1005.4677658862097,86.85570712191483,none,0
2025-01-27 18:00:00,AWS_002,21.296786070848512,1005.2168378978562,92.80170299983614,none,0
2025-01-27 19:00:00,AWS_002,18.437436200799926,1004.8454476445356,96.01062814734124,none,0
2025-01-27 20:00:00,AWS_002,18.102276517862524,1004.3562458250177,94.97167669225547,none,0
2025-01-27 21:00:00,AWS_002,16.820773892523167,1004.1354601193991,98.77767730266702,none,0
2025-01-27 22:00:00,AWS_002,16.000722765820996,1004.3842980434918,96.96285591996622,none,0
2025-01-27 23:00:00,AWS_002,20.87618164019863,1004.4650450515068,98.0,thermo_inconsistent,1
2025-01-28 00:00:00,AWS_002,14.743834232218784,1004.4502904284668,96.68147100160638,none,0
2025-01-28 01:00:00,AWS_002,15.040674801448482,1003.7412241654876,95.68664932338672,none,0
2025-01-28 02:00:00,AWS_002,16.14752748196422,1003.7449667623844,95.46228614331224,none,0
2025-01-28 03:00:00,AWS_002,16.99252985668297,1003.8521166055411,98.63019255896545,none,0
2025-01-28 04:00:00,AWS_002,18.651604014540656,1004.7308052997507,96.67918073637722,none,0
2025-01-28 05:00:00,AWS_002,18.981398044686387,1005.6692343712418,98.94047163664627,none,0
2025-01-28 06:00:00,AWS_002,21.50991439073274,1005.6275137637648,95.24389701531399,none,0
2025-01-28 07:00:00,AWS_002,34.597300182095935,988.9594171303918,98.0,multivariate_inconsistent,1
2025-01-28 08:00:00,AWS_002,23.682374937126678,1005.8637024929366,93.46306178029518,none,0
2025-01-28 09:00:00,AWS_002,25.328602401549997,1006.4147601656662,97.74183969281644,none,0
2025-01-28 10:00:00,AWS_002,25.599601419091723,1006.47192467215,93.5647794592847,none,0
2025-01-28 11:00:00,AWS_002,25.709723551679467,1006.5741038886456,94.3329064166955,none,0
2025-01-28 12:00:00,AWS_002,26.492032879043684,1006.6661632136529,90.54074370532004,none,0
2025-01-28 13:00:00,AWS_002,26.858081842450552,1007.032496222328,87.07963386694381,none,0
2025-01-28 14:00:00,AWS_002,26.330954698500722,1006.7549385240688,96.88303262123132,none,0
2025-01-28 15:00:00,AWS_002,25.129746114362366,1006.7176001700069,90.27809188769317,none,0
2025-01-28 16:00:00,AWS_002,24.311656625635756,1005.9680864563442,91.53598742855132,none,0
2025-01-28 17:00:00,AWS_002,22.747160009726574,1006.0356059132156,93.71713470224476,none,0
2025-01-28 18:00:00,AWS_002,21.827877172323856,1005.6031510511796,93.61169854792972,none,0
2025-01-28 19:00:00,AWS_002,18.916302740808376,1004.682688597857,95.11446958603763,none,0
2025-01-28 20:00:00,AWS_002,17.689309481552286,1004.5267467203385,98.56510085071848,none,0
2025-01-28 21:00:00,AWS_002,16.566308082177876,1004.7859254863807,100.0,none,0
2025-01-28 22:00:00,AWS_002,15.590716932611704,1004.3550943449618,99.76576093754325,none,0
2025-01-28 23:00:00,AWS_002,15.064040027101868,1004.5235528718686,100.0,none,0
2025-01-29 00:00:00,AWS_002,16.03867613285055,1004.2226991102842,98.43716717338897,none,0
2025-01-29 01:00:00,AWS_002,15.114318270052216,1004.2145910168736,98.43378692745789,none,0
2025-01-29 02:00:00,AWS_002,16.13384446421657,1004.1131224346403,100.0,none,0
2025-01-29 03:00:00,AWS_002,16.231868671084158,1003.9507844812463,100.0,none,0
2025-01-29 04:00:00,AWS_002,17.77403197284228,1005.0563625942106,99.43671793238299,none,0
2025-01-29 05:00:00,AWS_002,,,,dropout,1
2025-01-29 06:00:00,AWS_002,,,,dropout,1
2025-01-29 07:00:00,AWS_002,,,,dropout,1
2025-01-29 08:00:00,AWS_002,24.941734061529626,1006.1336243151609,95.38118214958905,none,0
2025-01-29 09:00:00,AWS_002,25.49279143401823,1006.1300923840716,92.8154299804102,none,0
2025-01-29 10:00:00,AWS_002,25.9533914491842,1006.2326573156847,89.64462578601473,none,0
2025-01-29 11:00:00,AWS_002,27.068425247522907,1006.3603629971641,81.60775876765544,none,0
2025-01-29 12:00:00,AWS_002,26.813819194087486,1006.4083398982484,89.56413244695243,none,0
2025-01-29 13:00:00,AWS_002,26.27246555754134,1006.5228276089589,90.68516071557531,none,0
2025-01-29 14:00:00,AWS_002,26.35806890583805,1006.5268984915376,90.15033843459592,none,0
2025-01-29 15:00:00,AWS_002,25.673618814062483,1005.427197440667,97.3112391689437,none,0
2025-01-29 16:00:00,AWS_002,24.533984421003364,1005.7021823384957,94.41191925507484,none,0
2025-01-29 17:00:00,AWS_002,21.94683564416162,1005.6033399528579,92.9870617919103,none,0
2025-01-29 18:00:00,AWS_002,20.692457208799336,1005.6851932421793,93.65178712230276,none,0
2025-01-29 19:00:00,AWS_002,19.457316619189925,1005.2897123032852,97.01763681352651,none,0
2025-01-29 20:00:00,AWS_002,18.5332633913152,1004.6027236955174,97.3722815172854,none,0
2025-01-29 21:00:00,AWS_002,17.39840717698615,1004.2391350585268,97.10357486174225,none,0
2025-01-29 22:00:00,AWS_002,15.732472843976618,1004.3314826665635,100.0,none,0
2025-01-29 23:00:00,AWS_002,14.795356144921485,1003.9407815029507,99.31977284277708,none,0
2025-01-30 00:00:00,AWS_002,15.33668710229695,1004.3648358265585,96.0657473322625,none,0
2025-01-30 01:00:00,AWS_002,15.105562794038917,1004.7232594251652,100.0,none,0
2025-01-30 02:00:00,AWS_002,16.085505981223005,1004.6854649230387,98.8369425904277,none,0
2025-01-30 03:00:00,AWS_002,17.303941793482295,1004.8223134544039,99.09623446251474,none,0
2025-01-30 04:00:00,AWS_002,18.364630363374832,1004.5599357856713,98.10088111544081,none,0
2025-01-30 05:00:00,AWS_002,19.134227563246753,1004.4805072419877,93.45872961436973,none,0
2025-01-30 06:00:00,AWS_002,20.59480674666066,1005.0672887230693,92.26941365164147,none,0
2025-01-30 07:00:00,AWS_002,22.03618235537097,1005.8443682086084,91.89867827744172,none,0
2025-01-30 08:00:00,AWS_002,24.427254436088283,1006.5651648519557,90.60448693325297,none,0
2025-01-30 09:00:00,AWS_002,25.834025456182243,1006.5892605951244,82.95373632722432,none,0
2025-01-30 10:00:00,AWS_002,25.877866146858896,1006.5567034610883,91.63854467603105,none,0
2025-01-30 11:00:00,AWS_002,26.68703960786461,1006.3292305093929,88.52215371759141,none,0
2025-01-30 12:00:00,AWS_002,26.72077447495745,1006.7461284334032,89.95387199622358,none,0
2025-01-30 13:00:00,AWS_002,26.851671483086598,1006.357908556069,89.53328694487709,none,0
2025-01-30 14:00:00,AWS_002,25.953898220817667,1006.0440844784981,86.7561623884697,none,0
2025-01-30 15:00:00,AWS_002,25.00041128875034,1006.0188409089609,90.9042411390991,none,0
2025-01-30 16:00:00,AWS_002,24.644366125179705,1005.7201223989781,92.1675992063297,none,0
2025-01-30 17:00:00,AWS_002,23.05738728825985,1006.2015857761086,93.55951898474373,none,0
2025-01-30 18:00:00,AWS_002,21.131795515430966,1005.2163886496803,93.94263999066199,none,0
2025-01-30 19:00:00,AWS_002,20.045159334838274,1005.4141238429611,100.0,none,0
2025-01-30 20:00:00,AWS_002,17.869861115669437,1004.8821964265655,97.1048160030193,none,0
2025-01-30 21:00:00,AWS_002,17.07425613822936,1004.5839633481526,100.0,none,0
2025-01-30 22:00:00,AWS_002,15.53176894999885,1004.5051539864432,94.47051868789703,none,0
2025-01-30 23:00:00,AWS_002,15.012174652429664,1004.3715626847528,100.0,none,0
2025-01-31 00:00:00,AWS_002,15.53152009006682,1004.8561494621366,99.19583457708578,none,0
2025-01-31 01:00:00,AWS_002,14.822392057210358,1003.9689803591541,100.0,none,0
2025-01-31 02:00:00,AWS_002,15.752579340272888,1004.26885764301,98.01279502703488,none,0
2025-01-31 03:00:00,AWS_002,16.389368657017304,1004.7028213344971,94.8608920417581,none,0
2025-01-31 04:00:00,AWS_002,17.598148199555922,1005.0770392194803,89.09353626319404,none,0
2025-01-31 05:00:00,AWS_002,19.57346696100257,1004.7623337677851,96.29134700863469,none,0
2025-01-31 06:00:00,AWS_002,21.147761840363486,1005.3412834486373,97.8581940803457,none,0
2025-01-31 07:00:00,AWS_002,22.039810316064827,1006.1449073884919,93.57335444101297,none,0
2025-01-31 08:00:00,AWS_002,25.026806703364684,1006.0096465024658,90.53269444629814,none,0
2025-01-31 09:00:00,AWS_002,26.002474193754544,1006.2310986274654,88.9613709660712,none,0
2025-01-31 10:00:00,AWS_002,25.935744394450353,1006.3990922272445,91.30770043281966,none,0
2025-01-31 11:00:00,AWS_002,27.088255757617784,1006.4038814151161,88.95397952788873,none,0
2025-01-31 12:00:00,AWS_002,27.186230808381318,1006.9158957274783,87.85633169830052,none,0
2025-01-31 13:00:00,AWS_002,26.65203368949943,1006.2846138094435,92.03775513609273,none,0
2025-01-31 14:00:00,AWS_002,25.777569963917074,1006.6340809892675,98.52708812914236,none,0
2025-01-31 15:00:00,AWS_002,25.371945185016425,1006.4055498867195,90.0521389852198,none,0
2025-01-31 16:00:00,AWS_002,24.05006383452522,1005.6433531311236,92.95655634997559,none,0
2025-01-31 17:00:00,AWS_002,23.182529018376172,1005.907331230669,96.75186729759108,none,0
2025-01-31 18:00:00,AWS_002,21.195923724127706,1005.6963648033882,93.30112961155436,none,0
2025-01-31 19:00:00,AWS_002,19.154745587370307,1005.6737542250708,100.0,none,0
2025-01-31 20:00:00,AWS_002,17.8454613749055,1005.011615526918,90.9172457686148,none,0
2025-01-31 21:00:00,AWS_002,16.883292207141672,1004.6032041810255,96.01098532660255,none,0
2025-01-31 22:00:00,AWS_002,16.34672253622789,1004.5146727262693,100.0,none,0
2025-01-31 23:00:00,AWS_002,14.85421982193455,1003.9298177150234,98.53743169611423,none,0
2025-02-01 00:00:00,AWS_002,15.249271732483715,1004.4809770665138,92.14788083336741,none,0
2025-02-01 01:00:00,AWS_002,15.895274947662559,1004.5345457806935,100.0,none,0
2025-02-01 02:00:00,AWS_002,15.345204945464243,1004.072446396756,100.0,none,0
2025-02-01 03:00:00,AWS_002,17.500658292032778,1004.0514112999657,100.0,none,0
2025-02-01 04:00:00,AWS_002,17.92252958999784,1004.4410333630151,96.52671636837684,none,0
2025-02-01 05:00:00,AWS_002,19.58026646346628,1005.0377962070658,90.81457493653919,none,0
2025-02-01 06:00:00,AWS_002,20.93583889428618,1005.286302133439,96.62590845511193,none,0
2025-02-01 07:00:00,AWS_002,22.86849403396796,1006.1338774497218,93.87314213359576,none,0
2025-02-01 08:00:00,AWS_002,24.373109254202543,1006.1374413999536,86.05402215980644,none,0
2025-02-01 09:00:00,AWS_002,25.631315112397292,1006.1759846283018,88.86890653332749,none,0
2025-02-01 10:00:00,AWS_002,27.53651840336029,1006.6906239069344,87.64013093662896,none,0
2025-02-01 11:00:00,AWS_002,25.93007323636865,1006.6485735144429,90.13394805660994,none,0
2025-02-01 12:00:00,AWS_002,26.963234246629522,1006.4503081776418,92.6116585257173,none,0
2025-02-01 13:00:00,AWS_002,26.421931398767843,1006.3435164251156,87.89807836525175,none,0
2025-02-01 14:00:00,AWS_002,26.287121612522512,1006.3878240930528,92.84836039927757,none,0
2025-02-01 15:00:00,AWS_002,25.12907652851935,1006.7006584810541,92.55039642672261,none,0
2025-02-01 16:00:00,AWS_002,24.075788168923534,1006.3129540920505,93.17659105799619,none,0
2025-02-01 17:00:00,AWS_002,22.728066957969315,1006.3722213005866,95.74376983666188,none,0
2025-02-01 18:00:00,AWS_002,20.942668367499376,1005.3385233019811,96.25289892620928,none,0
2025-02-01 19:00:00,AWS_002,20.026603807231112,1005.3047411789931,98.80590147363155,none,0
2025-02-01 20:00:00,AWS_002,17.580236051695476,1004.6695017753773,96.85308482320258,none,0
2025-02-01 21:00:00,AWS_002,16.734736603265112,1004.434350510183,94.388512244597,none,0
2025-02-01 22:00:00,AWS_002,16.015292436142477,1004.143712920922,100.0,none,0
2025-02-01 23:00:00,AWS_002,15.978169833032187,1003.8711489522786,100.0,none,0
2025-02-02 00:00:00,AWS_002,14.647055837982862,1004.5781578175993,100.0,none,0
2025-02-02 01:00:00,AWS_002,14.897770056499642,1004.2239876217535,100.0,none,0
2025-02-02 02:00:00,AWS_002,16.234001563333525,1004.0225429873187,94.06325403249696,none,0
2025-02-02 03:00:00,AWS_002,17.00433708918691,1004.1917203740554,100.0,none,0
2025-02-02 04:00:00,AWS_002,17.61983183768793,1004.8099633169517,99.06469088029921,drift,1
2025-02-02 05:00:00,AWS_002,20.146656719597786,1005.8717459664107,93.00317417140923,drift,1
2025-02-02 06:00:00,AWS_002,21.329092778133795,1006.895939216079,93.24490245652643,drift,1
2025-02-02 07:00:00,AWS_002,22.6403137536658,1007.4843803588932,94.63891854931383,drift,1
2025-02-02 08:00:00,AWS_002,24.088564950293357,1008.4157068678661,93.73826688051057,drift,1
2025-02-02 09:00:00,AWS_002,25.513707033117157,1009.2023761506072,90.28445384168707,drift,1
2025-02-02 10:00:00,AWS_002,26.276590511782196,1010.7397407349308,90.89746814989866,drift,1
2025-02-02 11:00:00,AWS_002,27.165091008047938,1011.3950053493471,90.9232768454641,drift,1
2025-02-02 12:00:00,AWS_002,27.373927196110696,1012.5776144394332,84.79819420740618,drift,1
2025-02-02 13:00:00,AWS_002,26.58058084837918,1012.6969098535535,87.44631626189523,drift,1
2025-02-02 14:00:00,AWS_002,25.790721538502112,1013.451647115809,88.68243649324005,drift,1
2025-02-02 15:00:00,AWS_002,26.14441084720503,1013.7024282618886,90.90408599135496,drift,1
2025-02-02 16:00:00,AWS_002,24.02483181011395,1013.8377517192864,92.1832518506954,drift,1
2025-02-02 17:00:00,AWS_002,23.513146084110865,1015.0289224406096,97.34385917382832,drift,1
2025-02-02 18:00:00,AWS_002,21.312255921806084,1014.6103097700436,94.34314619890189,drift,1
2025-02-02 19:00:00,AWS_002,18.59806322656155,1015.6850658982487,92.88413095697956,drift,1
2025-02-02 20:00:00,AWS_002,18.368695890907606,1016.2122957173003,96.9813331553277,drift,1
2025-02-02 21:00:00,AWS_002,16.65543882549711,1015.9859126677355,89.5279159361977,drift,1
2025-02-02 22:00:00,AWS_002,15.136993485852354,1016.6594321942912,98.79684395019387,drift,1
2025-02-02 23:00:00,AWS_002,15.459067988889359,1017.3219432600233,95.22470910275116,drift,1
2025-02-03 00:00:00,AWS_002,14.800096858651129,1017.8596825257879,100.0,drift,1
2025-02-03 01:00:00,AWS_002,15.377626436175175,1018.9769802745142,100.0,drift,1
2025-02-03 02:00:00,AWS_002,16.536584856261996,1019.0583900153847,96.49834624435388,drift,1
2025-02-03 03:00:00,AWS_002,17.342616798760886,1020.0111721550313,93.98133766250152,drift,1
2025-02-03 04:00:00,AWS_002,18.286446175473714,1004.9143170098953,100.0,none,0
2025-02-03 05:00:00,AWS_002,19.746574238910075,1004.8797537051757,96.68630971010786,none,0
2025-02-03 06:00:00,AWS_002,21.301989435768792,1005.6666833993598,94.02480445418786,none,0
2025-02-03 07:00:00,AWS_002,22.546600720799145,1005.4904709504115,92.55519935573605,none,0
2025-02-03 08:00:00,AWS_002,23.8520230511298,1005.8488053533025,91.71109578147268,none,0
2025-02-03 09:00:00,AWS_002,25.323267470704177,1006.7198328531668,89.7764743249033,none,0
2025-02-03 10:00:00,AWS_002,26.52029162551298,1006.3040653183258,92.67813781798405,none,0
2025-02-03 11:00:00,AWS_002,26.732630197766493,1006.3269538121958,93.39329286839254,none,0
2025-02-03 12:00:00,AWS_002,27.165257874852326,1006.6165595570194,90.26501061431519,none,0
2025-02-03 13:00:00,AWS_002,27.068180070436533,1006.6554720382522,92.70281380926207,none,0
2025-02-03 14:00:00,AWS_002,26.079731511645754,1006.5188010937726,91.56475432153395,none,0
2025-02-03 15:00:00,AWS_002,25.940304901906927,1006.2674028163133,91.55650183888392,none,0
2025-02-03 16:00:00,AWS_002,24.79465209838124,1006.5833637610068,89.87855732771536,none,0
2025-02-03 17:00:00,AWS_002,22.899869449579107,1005.5051822104275,95.30398573769426,none,0
2025-02-03 18:00:00,AWS_002,20.88527094106816,1005.4611166855707,96.24435487691075,none,0
2025-02-03 19:00:00,AWS_002,18.922841274246768,1005.3586259930244,100.0,none,0
2025-02-03 20:00:00,AWS_002,17.245481490182037,1004.5322165529606,100.0,none,0
2025-02-03 21:00:00,AWS_002,17.513328664925233,1004.8966236173799,96.06280421553147,none,0
2025-02-03 22:00:00,AWS_002,16.167567489690022,1004.6138376503332,98.30453685303814,none,0
2025-02-03 23:00:00,AWS_002,15.242011403687698,1004.0014226332664,100.0,none,0
2025-02-04 00:00:00,AWS_002,14.671453201596444,1004.6578591373005,97.97869066551318,none,0
2025-02-04 01:00:00,AWS_002,15.416624186630418,1004.7043844714483,100.0,none,0
2025-02-04 02:00:00,AWS_002,16.47230768939257,1004.0905083214465,97.33164583943005,none,0
2025-02-04 03:00:00,AWS_002,17.17384337516825,1004.8710185847245,99.37424676211889,none,0
2025-02-04 04:00:00,AWS_002,17.863177037138808,1004.7105371098926,100.0,none,0
2025-02-04 05:00:00,AWS_002,20.976870901660522,1005.1492712464901,94.79751414467133,none,0
2025-02-04 06:00:00,AWS_002,21.51144215481957,1005.6344080766471,92.58320855158819,none,0
2025-02-04 07:00:00,AWS_002,22.33105368394355,1005.9601279484739,96.0681304440695,none,0
2025-02-04 08:00:00,AWS_002,24.457373351702515,1006.0262403389466,93.83465847382823,none,0
2025-02-04 09:00:00,AWS_002,25.710354558541045,1006.1070738776654,93.99406908176856,none,0
2025-02-04 10:00:00,AWS_002,26.800652134974104,1006.8523329735526,89.19488801153774,none,0
2025-02-04 11:00:00,AWS_002,27.253487701245817,1006.4694567454491,89.9914004924754,none,0
2025-02-04 12:00:00,AWS_002,26.802006642441334,1006.6564829773799,88.7601750870913,none,0
2025-02-04 13:00:00,AWS_002,27.2662486897339,1006.4853143344175,95.45405087385689,none,0
2025-02-04 14:00:00,AWS_002,26.181056926485674,1006.5652207436859,89.20039913849092,none,0
2025-02-04 15:00:00,AWS_002,25.616175155549417,1006.0988468300164,95.20564812488911,none,0
2025-02-04 16:00:00,AWS_002,24.301991563620202,1006.1491353316147,90.4012507312503,none,0
2025-02-04 17:00:00,AWS_002,23.15280477024496,1005.8434872120741,93.0035876843371,none,0
2025-02-04 18:00:00,AWS_002,21.422002757814568,1005.639475760347,93.10165467324768,none,0
2025-02-04 19:00:00,AWS_002,19.64334922482921,1005.3893035883883,99.8839804276484,none,0
2025-02-04 20:00:00,AWS_002,19.41836155887416,1005.5001420318389,96.68797853807588,none,0
2025-02-04 21:00:00,AWS_002,16.956585058565597,1004.6597468027951,98.48092812790031,none,0
2025-02-04 22:00:00,AWS_002,15.994050370181716,1004.4733990754643,100.0,none,0
2025-02-04 23:00:00,AWS_002,15.733906241593123,1004.2336355832414,95.29888310906519,none,0
2025-02-05 00:00:00,AWS_002,15.544534221936154,1004.0765599611261,98.05094952525292,none,0
2025-02-05 01:00:00,AWS_002,15.955536934796287,1004.7909233149988,99.87132601140318,none,0
2025-02-05 02:00:00,AWS_002,15.55885450707611,1004.3363605304658,95.16867209611438,none,0
2025-02-05 03:00:00,AWS_002,16.879213734364516,1004.2250784598076,100.0,none,0
2025-02-05 04:00:00,AWS_002,18.80629535161369,1004.725800010377,97.16739602848625,none,0
2025-02-05 05:00:00,AWS_002,19.91384344068092,1005.4728548200211,100.0,none,0
2025-02-05 06:00:00,AWS_002,21.475972763521472,1005.1916421265405,96.1566790232906,none,0
2025-02-05 07:00:00,AWS_002,22.327916648144864,1006.2868144988412,95.84857041762346,none,0
2025-02-05 08:00:00,AWS_002,23.77138822397934,1006.3773008046435,97.34160931043459,none,0
2025-02-05 09:00:00,AWS_002,25.26373838406212,1006.4286084416441,91.99371061163936,none,0
2025-02-05 10:00:00,AWS_002,26.65052919878388,1006.3768667958715,87.4359324751977,none,0
2025-02-05 11:00:00,AWS_002,27.479995610757868,1006.5026195696578,89.4710202081472,none,0
2025-02-05 12:00:00,AWS_002,27.732878505035096,1006.9620473783662,89.61420409134693,none,0
2025-02-05 13:00:00,AWS_002,26.387893415765703,1006.7961014426282,87.16791778855446,none,0
2025-02-05 14:00:00,AWS_002,26.536935217826898,1006.4533523944176,88.80330827269448,none,0
2025-02-05 15:00:00,AWS_002,,,,dropout,1
2025-02-05 16:00:00,AWS_002,,,,dropout,1
2025-02-05 17:00:00,AWS_002,,,,dropout,1
2025-02-05 18:00:00,AWS_002,,,,dropout,1
2025-02-05 19:00:00,AWS_002,19.67581964465582,1005.1408492035869,100.0,none,0
2025-02-05 20:00:00,AWS_002,17.407616294604914,1004.8523212881648,97.94171101495752,none,0
2025-02-05 21:00:00,AWS_002,17.661018281027722,1004.6158559715527,99.70148413603137,none,0
2025-02-05 22:00:00,AWS_002,16.266433617374368,1004.2602281825411,100.0,none,0
2025-02-05 23:00:00,AWS_002,16.191044564425923,1004.3325758935356,99.3771825072194,none,0
2025-02-06 00:00:00,AWS_002,15.049605550134205,1004.519862999794,100.0,none,0
2025-02-06 01:00:00,AWS_002,14.883328186281435,1004.4364800584169,87.97228380465295,none,0
2025-02-06 02:00:00,AWS_002,16.92894066832945,1004.6750310782958,98.4390651083991,none,0
2025-02-06 03:00:00,AWS_002,16.2572328579539,1004.6672964340145,98.61931473846244,none,0
2025-02-06 04:00:00,AWS_002,17.88758034401285,1004.9470638635888,97.78227530407615,none,0
2025-02-06 05:00:00,AWS_002,20.153470385035483,1004.980749404456,97.19915172200335,none,0
2025-02-06 06:00:00,AWS_002,21.976525943148356,1005.1820309902879,87.51700772822029,none,0
2025-02-06 07:00:00,AWS_002,22.669121481132155,1006.4283887059845,94.87573032312929,none,0
2025-02-06 08:00:00,AWS_002,24.314125425403315,1006.2733118054576,93.02079062252548,none,0
2025-02-06 09:00:00,AWS_002,25.538128298710046,1006.7635106695292,86.51749671529893,none,0
2025-02-06 10:00:00,AWS_002,26.821201357592106,1006.4686229893217,93.65203433843836,none,0
2025-02-06 11:00:00,AWS_002,26.839371154049466,1007.2454687454874,93.36012061568113,none,0
2025-02-06 12:00:00,AWS_002,27.658422332461104,1007.3503737106255,82.8110388460125,none,0
2025-02-06 13:00:00,AWS_002,27.57523586533885,1006.5766074203294,86.4010002421757,none,0
2025-02-06 14:00:00,AWS_002,26.571349443938153,1006.8745416665465,87.37308679483327,none,0
2025-02-06 15:00:00,AWS_002,25.701977429833796,1005.8814279282233,94.23089283264942,none,0
2025-02-06 16:00:00,AWS_002,25.366983171621527,1006.0539678146561,94.50783139350882,none,0
2025-02-06 17:00:00,AWS_002,23.10673252226034,1005.8770504247652,92.15227698768048,none,0
2025-02-06 18:00:00,AWS_002,21.260057217960842,1005.7266828709862,96.10405944491298,none,0
2025-02-06 19:00:00,AWS_002,20.323047372232605,1005.5283492142147,95.29605185666,none,0
2025-02-06 20:00:00,AWS_002,18.93116704835669,1004.9057051802829,100.0,none,0
2025-02-06 21:00:00,AWS_002,16.907744191145973,1004.8888297841506,95.20093400311764,none,0
2025-02-06 22:00:00,AWS_002,15.8462363573288,1004.5256178358305,96.70003011236845,none,0
2025-02-06 23:00:00,AWS_002,16.241380342365282,1005.0638085696199,97.69580720775609,none,0
2025-02-07 00:00:00,AWS_002,15.945343594069769,1003.9054212232752,98.01788335322983,none,0
2025-02-07 01:00:00,AWS_002,16.193059456518373,1004.3085702754656,99.65363457260388,none,0
2025-02-07 02:00:00,AWS_002,20.237872227519443,1004.6743917911922,98.0,thermo_inconsistent,1
2025-02-07 03:00:00,AWS_002,16.746428425227506,1004.7897134789616,98.1174740195247,none,0
2025-02-07 04:00:00,AWS_002,17.79395312839235,1004.2710663824515,100.0,none,0
2025-02-07 05:00:00,AWS_002,20.320546811005975,1005.0140854945452,93.52208220132788,none,0
2025-02-07 06:00:00,AWS_002,21.852064808611058,1005.7734672646873,95.7692069104776,none,0
2025-02-07 07:00:00,AWS_002,23.088964249251607,1006.0099977686243,95.6117530131549,none,0
2025-02-07 08:00:00,AWS_002,24.76900240752061,1005.5050693248037,94.94821698536498,none,0
2025-02-07 09:00:00,AWS_002,25.407348523839673,1006.3147471191943,91.93132530158411,none,0
2025-02-07 10:00:00,AWS_002,26.25826498860473,1006.7284047624106,86.91713132879163,none,0
2025-02-07 11:00:00,AWS_002,27.23025392704679,1006.7246604638046,87.27014856536158,none,0
2025-02-07 12:00:00,AWS_002,27.652329221119807,1006.6799974178086,83.8397574187535,none,0
2025-02-07 13:00:00,AWS_002,27.529339968326813,1006.0768285561501,93.62661019706954,none,0
2025-02-07 14:00:00,AWS_002,26.63585348872702,1006.2463416896396,88.9864571937486,none,0
2025-02-07 15:00:00,AWS_002,25.974466167322117,1006.3127817546914,93.45023787836548,none,0
2025-02-07 16:00:00,AWS_002,24.982228758510026,1006.5775717103569,91.20061103192305,none,0
2025-02-07 17:00:00,AWS_002,23.240015281605643,1005.6965035558396,90.07338483417422,none,0
2025-02-07 18:00:00,AWS_002,21.295741344868,1005.6119776864497,94.70932297218828,none,0
2025-02-07 19:00:00,AWS_002,20.62889245029453,1005.0124119973129,91.20288314158546,none,0
2025-02-07 20:00:00,AWS_002,18.02519854668006,1005.0069171581367,98.33415811445802,none,0
2025-02-07 21:00:00,AWS_002,17.340344880949967,1005.1463463880648,96.0194233561165,none,0
2025-02-07 22:00:00,AWS_002,17.07879725027294,1004.5032468741011,100.0,none,0
2025-02-07 23:00:00,AWS_002,16.705162769090254,1004.3991975765458,100.0,none,0
2025-02-08 00:00:00,AWS_002,16.161816238118096,1004.7449292303141,99.24156149209048,none,0
2025-02-08 01:00:00,AWS_002,15.541756208427024,1004.1645056264844,98.72647811684962,none,0
2025-02-08 02:00:00,AWS_002,15.602104027610975,1004.5820887652828,100.0,none,0
2025-02-08 03:00:00,AWS_002,17.081024883276086,1004.5350541140442,95.9912786485796,none,0
2025-02-08 04:00:00,AWS_002,18.500718303216146,1005.2969935699281,100.0,none,0
2025-02-08 05:00:00,AWS_002,20.0198669113563,1005.219452621506,92.10211579543366,none,0
2025-02-08 06:00:00,AWS_002,,,,dropout,1
2025-02-08 07:00:00,AWS_002,,,,dropout,1
2025-02-08 08:00:00,AWS_002,,,,dropout,1
2025-02-08 09:00:00,AWS_002,,,,dropout,1
2025-02-08 10:00:00,AWS_002,,,,dropout,1
2025-02-08 11:00:00,AWS_002,,,,dropout,1
2025-02-08 12:00:00,AWS_002,27.786108092421536,1006.5950280982985,92.70219986433628,none,0
2025-02-08 13:00:00,AWS_002,27.12803135378192,1007.1271124785059,91.11392886730602,none,0
2025-02-08 14:00:00,AWS_002,26.779090724046,1006.6869149704812,91.67992775956282,none,0
2025-02-08 15:00:00,AWS_002,25.01262528788891,1006.3736499323464,94.8281510723254,none,0
2025-02-08 16:00:00,AWS_002,24.39104761111088,1006.3310062774667,87.88515555214379,none,0
2025-02-08 17:00:00,AWS_002,22.469964281057056,1005.895504032705,100.0,none,0
2025-02-08 18:00:00,AWS_002,21.618859974448437,1005.7171869588285,100.0,none,0
2025-02-08 19:00:00,AWS_002,,,,dropout,1
2025-02-08 20:00:00,AWS_002,,,,dropout,1
2025-02-08 21:00:00,AWS_002,,,,dropout,1
2025-02-08 22:00:00,AWS_002,,,,dropout,1
2025-02-08 23:00:00,AWS_002,,,,dropout,1
2025-02-09 00:00:00,AWS_002,,,,dropout,1
2025-02-09 01:00:00,AWS_002,15.651231327769349,1004.5539986611765,99.9757310575189,none,0
2025-02-09 02:00:00,AWS_002,16.914317845824126,1004.8642018895046,97.25504091446548,none,0
2025-02-09 03:00:00,AWS_002,16.782410175794592,1004.2486386709461,95.11703974157119,none,0
2025-02-09 04:00:00,AWS_002,19.247785139553066,1005.4204577885093,94.92827663863783,none,0
2025-02-09 05:00:00,AWS_002,20.579913299930624,1006.0645908884248,92.58617738903861,none,0
2025-02-09 06:00:00,AWS_002,21.825488117922976,1006.1983964306563,92.12601037391185,none,0
2025-02-09 07:00:00,AWS_002,23.00291300405564,1004.9972011185438,93.51634240686546,none,0
2025-02-09 08:00:00,AWS_002,24.689950650305157,1006.4613350724906,90.49397049008472,none,0
2025-02-09 09:00:00,AWS_002,25.677295180070196,1006.5744791592083,87.56680644134126,none,0
2025-02-09 10:00:00,AWS_002,27.38518408538449,1006.9634031339692,86.22901861461969,none,0
2025-02-09 11:00:00,AWS_002,26.941905993152876,1007.2522921548764,90.2542805227542,none,0
2025-02-09 12:00:00,AWS_002,27.209393338240027,1006.9616344653864,88.13839462068943,none,0
2025-02-09 13:00:00,AWS_002,27.41521693793666,1006.3464800921254,86.2957577352639,none,0
2025-02-09 14:00:00,AWS_002,25.79650019332541,1006.5071882784015,95.32806492096319,none,0
2025-02-09 15:00:00,AWS_002,26.441992484409607,1006.5703744377774,90.96987662663368,none,0
2025-02-09 16:00:00,AWS_002,24.481722068490296,1006.3423868734048,89.66728524044197,none,0
2025-02-09 17:00:00,AWS_002,23.471285837220908,1006.2161279330377,93.84351440689902,none,0
2025-02-09 18:00:00,AWS_002,21.686827081996128,1005.717211192033,98.20407799246212,none,0
2025-02-09 19:00:00,AWS_002,19.355886501068795,1005.8297638537028,95.73720683647173,none,0
2025-02-09 20:00:00,AWS_002,18.63795676397126,1004.7980377538846,97.85325662433497,none,0
2025-02-09 21:00:00,AWS_002,17.549289136477253,1004.6586956781779,94.33371446360938,none,0
2025-02-09 22:00:00,AWS_002,15.950178807297503,1004.9248844120237,100.0,none,0
2025-02-09 23:00:00,AWS_002,15.424348444407595,1004.6529612209704,95.25915493155014,none,0
2025-02-10 00:00:00,AWS_002,15.204307987632482,1005.1241989897285,98.98178730902109,none,0
2025-02-10 01:00:00,AWS_002,16.148118361711717,1004.2439900171617,89.790123426251,none,0
2025-02-10 02:00:00,AWS_002,15.93199659831534,1004.0696050055034,99.8543582633671,none,0
2025-02-10 03:00:00,AWS_002,17.026200130496797,1004.7462794783854,99.23103188107264,none,0
2025-02-10 04:00:00,AWS_002,18.602666768478485,1005.4580054575624,94.1963970227541,none,0
2025-02-10 05:00:00,AWS_002,20.1346290319233,1005.151716775271,92.14693727225436,none,0
2025-02-10 06:00:00,AWS_002,21.398173467181994,1005.3933225568534,98.67236318028444,none,0
2025-02-10 07:00:00,AWS_002,23.824996885537775,1006.2065012371138,91.48900353985418,none,0
2025-02-10 08:00:00,AWS_002,25.29314082960979,1006.3414238087246,93.53968274819272,none,0
2025-02-10 09:00:00,AWS_002,25.380568517368665,1006.6223226916622,89.54885372315103,none,0
2025-02-10 10:00:00,AWS_002,27.56819636310445,1006.6782992412977,92.7863541258529,none,0
2025-02-10 11:00:00,AWS_002,27.63410120236881,1006.4422242910309,93.71881617680125,none,0
2025-02-10 12:00:00,AWS_002,27.92062415720529,1007.6290978549906,92.53787976696852,none,0
2025-02-10 13:00:00,AWS_002,27.76575593981869,1006.6564250792434,88.99009505981158,none,0
2025-02-10 14:00:00,AWS_002,26.29771792759141,1007.093510006219,92.37653642383303,none,0
2025-02-10 15:00:00,AWS_002,25.392668928471913,1006.0389011279163,89.17457170516657,none,0
2025-02-10 16:00:00,AWS_002,24.85510200954096,1006.1233900681495,95.59572886915575,none,0
2025-02-10 17:00:00,AWS_002,22.926273439102406,1005.5176331597454,97.08817159066814,none,0
2025-02-10 18:00:00,AWS_002,22.779793087883707,1005.2814419507018,96.21420064451279,none,0
2025-02-10 19:00:00,AWS_002,19.935807563849693,1004.926652447801,92.93167355773768,none,0
2025-02-10 20:00:00,AWS_002,19.05053974436463,1005.2827883288552,98.71891620662092,none,0
2025-02-10 21:00:00,AWS_002,17.039520665710395,1004.8159013722109,96.71369062796248,none,0
2025-02-10 22:00:00,AWS_002,17.349150914977773,1004.79908197557,95.35635322373653,none,0
2025-02-10 23:00:00,AWS_002,16.63944971052528,1004.6742915756794,100.0,none,0
2025-02-11 00:00:00,AWS_002,15.078639293235279,1004.0769342896109,100.0,none,0
2025-02-11 01:00:00,AWS_002,16.032547088646176,1004.4547609398236,98.20248500216381,none,0
2025-02-11 02:00:00,AWS_002,16.527967192157536,1004.1615585631673,94.8815229786731,none,0
2025-02-11 03:00:00,AWS_002,18.071177232427967,1005.3686756364016,100.0,none,0
2025-02-11 04:00:00,AWS_002,17.72028757197138,1005.3294407010198,100.0,none,0
2025-02-11 05:00:00,AWS_002,20.007723368063267,1005.3534686080665,96.82522988813484,none,0
2025-02-11 06:00:00,AWS_002,22.046831030180083,1005.1534722917464,93.66388341468112,none,0
2025-02-11 07:00:00,AWS_002,23.0974927913021,1006.368288833956,92.82827469659956,none,0
2025-02-11 08:00:00,AWS_002,24.42210363077318,1006.0922975161852,92.97989660008741,none,0
2025-02-11 09:00:00,AWS_002,25.329491968882515,1006.1731305525678,90.30909642007367,none,0
2025-02-11 10:00:00,AWS_002,27.020492238214004,1006.1953006549792,90.26073337183885,none,0
2025-02-11 11:00:00,AWS_002,27.388220373788542,1007.3857928528728,86.46934427921929,none,0
2025-02-11 12:00:00,AWS_002,27.087604030083025,1007.2427700609791,95.50377643857493,none,0
2025-02-11 13:00:00,AWS_002,27.52831557474157,1006.7314804864202,91.28895440129563,none,0
2025-02-11 14:00:00,AWS_002,26.586162428354925,1007.0269716505101,87.70475063210048,none,0
2025-02-11 15:00:00,AWS_002,26.035575641475816,1006.0104492889938,84.81597613739115,none,0
2025-02-11 16:00:00,AWS_002,24.978007816828963,1006.752988403617,91.32254751013862,none,0
2025-02-11 17:00:00,AWS_002,23.683129882005804,1006.1153097843418,91.865340809153,none,0
2025-02-11 18:00:00,AWS_002,21.834155103811675,1006.281487979628,96.54409090705911,none,0
2025-02-11 19:00:00,AWS_002,19.729391339793537,1005.6023466455919,95.9235285486233,none,0
2025-02-11 20:00:00,AWS_002,18.608210862601343,1004.9211249212849,91.71724440844201,none,0
2025-02-11 21:00:00,AWS_002,17.303807828169774,1004.3928496744135,95.08263067267987,none,0
2025-02-11 22:00:00,AWS_002,16.91765446450638,1005.0559798595259,100.0,none,0
2025-02-11 23:00:00,AWS_002,15.620335559936173,1004.2271271222818,97.83599091342846,none,0
2025-02-12 00:00:00,AWS_002,16.322337883805186,1004.8185026522606,97.74218091732838,none,0
2025-02-12 01:00:00,AWS_002,15.899306071228494,1004.9281309145056,98.45340330560968,none,0
2025-02-12 02:00:00,AWS_002,16.784284930327264,1004.4112900371339,95.33987834448367,none,0
2025-02-12 03:00:00,AWS_002,17.28832882467712,1005.1072462665177,95.69472140283473,none,0
2025-02-12 04:00:00,AWS_002,19.2137764892392,1005.5081711203965,100.0,none,0
2025-02-12 05:00:00,AWS_002,19.92555683149978,1005.5134416266565,96.02212617909085,none,0
2025-02-12 06:00:00,AWS_002,22.386943772148253,1005.5441071557401,92.74244204223822,none,0
2025-02-12 07:00:00,AWS_002,23.44982656508745,1005.4787857506606,94.02053227724724,none,0
2025-02-12 08:00:00,AWS_002,25.047961799534033,1006.53421568833,93.289950857073,none,0
2025-02-12 09:00:00,AWS_002,26.205159968735504,1006.5114551760676,90.61577579475366,none,0
2025-02-12 10:00:00,AWS_002,26.603567611555885,1006.5241216059414,90.12772099548425,none,0
2025-02-12 11:00:00,AWS_002,28.10034147910442,1006.7245903629063,91.66867441158767,none,0
2025-02-12 12:00:00,AWS_002,27.114130260992365,1006.8873715251211,91.95542545229964,none,0
2025-02-12 13:00:00,AWS_002,27.577514380929397,1007.641288788894,96.7213947916706,none,0
2025-02-12 14:00:00,AWS_002,27.25942849299831,1006.7850436442643,90.63012268536775,none,0
2025-02-12 15:00:00,AWS_002,26.406313827212077,1006.9524559668332,94.04471166080761,none,0
2025-02-12 16:00:00,AWS_002,24.49105565820275,1006.1020108631669,90.47022608743713,none,0
2025-02-12 17:00:00,AWS_002,23.10488682238656,1006.5693905033496,89.61551100403076,none,0
2025-02-12 18:00:00,AWS_002,21.659730584543954,1005.7798399832672,100.0,none,0
2025-02-12 19:00:00,AWS_002,19.78849684812708,1005.5943638270369,95.08555193534566,none,0
2025-02-12 20:00:00,AWS_002,18.654382868254093,1004.9898948983741,98.75520555045998,none,0
2025-02-12 21:00:00,AWS_002,17.149464289269982,1004.7701568338803,97.153633420571,none,0
2025-02-12 22:00:00,AWS_002,16.75566500996438,1004.3958809250396,99.91149676776254,none,0
2025-02-12 23:00:00,AWS_002,15.882429328067044,1004.8790404423826,99.80140385004933,none,0
2025-02-13 00:00:00,AWS_002,15.430016595903094,1004.9294874207786,100.0,none,0
2025-02-13 01:00:00,AWS_002,15.664206699020585,1004.8693556625761,98.40054480351459,none,0
2025-02-13 02:00:00,AWS_002,16.625718446320864,1004.7565843261381,100.0,none,0
2025-02-13 03:00:00,AWS_002,17.18980016585247,1005.0103067594799,99.64887889823994,none,0
2025-02-13 04:00:00,AWS_002,18.205648254871317,1005.5897548142995,95.39200804832382,none,0
2025-02-13 05:00:00,AWS_002,19.772242224712993,1005.483566435663,100.0,none,0
2025-02-13 06:00:00,AWS_002,21.86368417114033,1005.6701168304962,98.46278890520402,none,0
2025-02-13 07:00:00,AWS_002,22.599012154739693,1006.1807405505713,93.01028892424992,none,0
2025-02-13 08:00:00,AWS_002,24.80985374417486,1006.2913324880458,82.41819667315559,none,0
2025-02-13 09:00:00,AWS_002,26.35279068415275,1006.900127301703,91.39312819823606,none,0
2025-02-13 10:00:00,AWS_002,26.7215681198264,1006.7973366569594,86.86732708886808,none,0
2025-02-13 11:00:00,AWS_002,27.450607133822217,1006.5958247407394,92.4468029706302,none,0
2025-02-13 12:00:00,AWS_002,27.17958286700231,1006.5653200274384,90.00402495918597,none,0
2025-02-13 13:00:00,AWS_002,27.179016020447804,1006.4912687901717,94.97517447680539,none,0
2025-02-13 14:00:00,AWS_002,26.74684749342931,1007.3054131087272,86.96845917716836,none,0
2025-02-13 15:00:00,AWS_002,26.162382617355153,1006.6615017884114,83.71137560012566,none,0
2025-02-13 16:00:00,AWS_002,24.62926564067651,1006.812837809779,95.03494927477702,none,0
2025-02-13 17:00:00,AWS_002,22.884748596883007,1006.5713222715287,97.67771363920106,none,0
2025-02-13 18:00:00,AWS_002,21.569606653638353,1005.726958102843,97.73976020231159,none,0
2025-02-13 19:00:00,AWS_002,19.74812056470091,1006.2547860812459,98.54759375061664,none,0
2025-02-13 20:00:00,AWS_002,19.494091345430903,1005.1737816987151,151.99243471355277,spike,1
2025-02-13 21:00:00,AWS_002,17.300238821752554,1005.1112948063047,100.0,none,0
2025-02-13 22:00:00,AWS_002,17.222800839195838,1004.5504711842773,95.19946536458279,none,0
2025-02-13 23:00:00,AWS_002,15.366477870485644,1004.7955339553765,100.0,none,0
2025-02-14 00:00:00,AWS_002,15.414670397828724,1004.4998505939928,40.0,spike,1
2025-02-14 01:00:00,AWS_002,16.59588966890244,1004.853725330246,97.06720378520781,none,0
2025-02-14 02:00:00,AWS_002,16.506266383298858,1005.3535436022869,99.81026778728909,none,0
2025-02-14 03:00:00,AWS_002,18.44082216564265,1005.1853927359712,98.27380447410287,none,0
2025-02-14 04:00:00,AWS_002,23.62996521173835,1006.2384621271503,98.0,thermo_inconsistent,1
2025-02-14 05:00:00,AWS_002,20.836658480441955,1005.0743313308532,94.60055333725164,none,0
2025-02-14 06:00:00,AWS_002,21.20156788122532,1005.5180491768986,94.20719004465315,none,0
2025-02-14 07:00:00,AWS_002,23.463838756348512,1006.7258119247938,91.42130189649325,none,0
2025-02-14 08:00:00,AWS_002,24.69748913697224,1006.2815302914239,92.57052024683391,none,0
2025-02-14 09:00:00,AWS_002,26.73213354337819,1005.9906729518812,93.0276666722339,none,0
2025-02-14 10:00:00,AWS_002,26.857592642096016,1006.6615873275574,93.05882066980679,none,0
2025-02-14 11:00:00,AWS_002,27.645477859508457,1007.1002006569811,85.47313215542967,none,0
2025-02-14 12:00:00,AWS_002,27.51815460051175,1006.8360792844513,87.58979720208512,none,0
2025-02-14 13:00:00,AWS_002,26.972055043578745,1007.3143822879038,89.52368891136885,none,0
2025-02-14 14:00:00,AWS_002,27.284103218924855,1007.2782359356519,86.72755851133307,none,0
2025-02-14 15:00:00,AWS_002,25.941842688899346,1006.4846757253468,93.42656327250795,none,0
2025-02-14 16:00:00,AWS_002,24.98462777388055,1006.8547937072417,87.42540936576039,none,0
2025-02-14 17:00:00,AWS_002,23.00143401209702,1005.9208090968024,87.27379411267982,none,0
2025-02-14 18:00:00,AWS_002,21.819934848407883,1006.400175126083,94.49330966516817,none,0
2025-02-14 19:00:00,AWS_002,19.9482545104139,1005.3880178238358,99.69052543273817,none,0
2025-02-14 20:00:00,AWS_002,18.636547341139824,1005.7134726108748,96.20964320975152,none,0
2025-02-14 21:00:00,AWS_002,17.67098204363383,1004.9910260289691,95.768686808853,none,0
2025-02-14 22:00:00,AWS_002,16.435365255020344,1004.5791692762242,92.58578401323219,drift,1
2025-02-14 23:00:00,AWS_002,16.922468299621695,1004.6812441844581,100.0,drift,1
2025-02-15 00:00:00,AWS_002,16.671365771646578,1004.7098942206735,97.69774430161938,drift,1
2025-02-15 01:00:00,AWS_002,17.820946473122003,1004.3908530060665,100.0,drift,1
2025-02-15 02:00:00,AWS_002,19.763173850273887,1004.9830413120818,100.0,drift,1
2025-02-15 03:00:00,AWS_002,20.535889144831387,1004.6609843458092,99.0212276633194,drift,1
2025-02-15 04:00:00,AWS_002,21.998022374896035,1004.910806909974,94.14534563711278,drift,1
2025-02-15 05:00:00,AWS_002,25.316291568106863,1005.5711481004573,95.31907513122749,drift,1
2025-02-15 06:00:00,AWS_002,26.951856667000733,1006.0655838446798,92.8768396454064,drift,1
2025-02-15 07:00:00,AWS_002,28.789736202793513,1005.8632635408202,96.0115280508466,drift,1
2025-02-15 08:00:00,AWS_002,30.827892209118147,1006.5657092439328,98.01137288951074,drift,1
2025-02-15 09:00:00,AWS_002,33.41198991927832,1007.1343522079717,95.9505012400469,drift,1
2025-02-15 10:00:00,AWS_002,34.32082931567938,1006.9383747697063,90.97800929892794,drift,1
2025-02-15 11:00:00,AWS_002,35.33795520568785,1006.8691107543145,88.9320958460911,drift,1
2025-02-15 12:00:00,AWS_002,37.130402447501176,1007.4332015169167,91.20826356108023,drift,1
2025-02-15 13:00:00,AWS_002,37.40934273386104,1007.5458899880098,84.86831059737632,drift,1
2025-02-15 14:00:00,AWS_002,37.60496610813912,1006.8498408176434,85.10366977603725,drift,1
2025-02-15 15:00:00,AWS_002,36.83435266675612,1006.8131427830165,86.5245170330078,drift,1
2025-02-15 16:00:00,AWS_002,36.61847093515882,1006.385688095706,88.61447530482647,drift,1
2025-02-15 17:00:00,AWS_002,25.04678082605531,1006.385688095706,88.61447530482647,frozen,1
2025-02-15 18:00:00,AWS_002,25.04678082605531,1006.385688095706,88.61447530482647,frozen,1
2025-02-15 19:00:00,AWS_002,25.04678082605531,1006.385688095706,88.61447530482647,frozen,1
2025-02-15 20:00:00,AWS_002,25.04678082605531,1006.385688095706,88.61447530482647,frozen,1
2025-02-15 21:00:00,AWS_002,25.04678082605531,1006.385688095706,88.61447530482647,frozen,1
2025-02-15 22:00:00,AWS_002,25.04678082605531,1006.385688095706,88.61447530482647,frozen,1
2025-02-15 23:00:00,AWS_002,15.765370814732995,1004.8885760946237,100.0,none,0
2025-02-16 00:00:00,AWS_002,15.71154317950465,1004.7450913478561,100.0,none,0
2025-02-16 01:00:00,AWS_002,16.442739269191193,1004.7890656516538,97.5155167164902,none,0
2025-02-16 02:00:00,AWS_002,17.280052820411544,1004.1238193352584,95.65082919062627,none,0
2025-02-16 03:00:00,AWS_002,17.929778620799024,1005.6742758771295,99.09280458941544,none,0
2025-02-16 04:00:00,AWS_002,18.81587134596203,1005.4615625945819,91.69406331041127,none,0
2025-02-16 05:00:00,AWS_002,20.52943507786063,1005.6208660925687,96.17803465597603,none,0
2025-02-16 06:00:00,AWS_002,22.458267345572732,1006.2628460567078,94.18599223797908,none,0
2025-02-16 07:00:00,AWS_002,24.09665406573962,1006.1618909545024,89.22505700738067,none,0
2025-02-16 08:00:00,AWS_002,24.77270721547665,1006.4351792872344,95.36593584367299,none,0
2025-02-16 09:00:00,AWS_002,25.857102226608266,1007.1718589783417,86.60074481263801,none,0
2025-02-16 10:00:00,AWS_002,27.22522013137847,1006.7228701884582,90.28652195783096,none,0
2025-02-16 11:00:00,AWS_002,27.560852709887527,1007.0636605545188,84.60738752795882,none,0
2025-02-16 12:00:00,AWS_002,28.013056185834223,1007.4105811903195,90.53253385773202,none,0
2025-02-16 13:00:00,AWS_002,27.457274730936213,1007.1409679040655,90.64982823115962,none,0
2025-02-16 14:00:00,AWS_002,27.34455196551844,1007.1291789732811,87.19747500184175,none,0
2025-02-16 15:00:00,AWS_002,26.470268037702233,1006.4127419043633,91.10560559375806,none,0
2025-02-16 16:00:00,AWS_002,25.614334346053408,1005.9454892226423,91.97151078831665,none,0
2025-02-16 17:00:00,AWS_002,24.086836747690278,1006.4804944587198,91.16040409215782,none,0
2025-02-16 18:00:00,AWS_002,22.120202446697938,1006.1643567241258,92.32073847096844,none,0
2025-02-16 19:00:00,AWS_002,20.123406956093017,1006.0368300934485,97.62124482457178,none,0
2025-02-16 20:00:00,AWS_002,19.37698538440661,1005.8942788390524,96.10390968024062,none,0
2025-02-16 21:00:00,AWS_002,,,,dropout,1
2025-02-16 22:00:00,AWS_002,,,,dropout,1
2025-02-16 23:00:00,AWS_002,,,,dropout,1
2025-02-17 00:00:00,AWS_002,,,,dropout,1
2025-02-17 01:00:00,AWS_002,,,,dropout,1
2025-02-17 02:00:00,AWS_002,17.264696818020184,1004.780482109588,99.36001176149936,none,0
2025-02-17 03:00:00,AWS_002,18.324179018882447,1005.1983277961381,97.36651864396843,none,0
2025-02-17 04:00:00,AWS_002,18.846815094960846,1005.819302885475,95.57017843054481,none,0
2025-02-17 05:00:00,AWS_002,20.41548258845634,1005.6193554511058,97.48513450135714,none,0
2025-02-17 06:00:00,AWS_002,22.09949282225092,1005.7344283707778,92.55890534697754,none,0
2025-02-17 07:00:00,AWS_002,23.407399446814015,1005.9764340764028,90.96097513838716,none,0
2025-02-17 08:00:00,AWS_002,25.032642813005243,1006.2326749615548,88.20844236593518,none,0
2025-02-17 09:00:00,AWS_002,26.434993599958517,1006.7990856478848,90.49323470175479,none,0
2025-02-17 10:00:00,AWS_002,26.937837344326322,1006.2515381508558,88.30466002123053,none,0
2025-02-17 11:00:00,AWS_002,27.802593720732286,1007.3993023110258,87.1142592789587,none,0
2025-02-17 12:00:00,AWS_002,28.536811741250567,1007.1627107793181,88.86314654060412,none,0
2025-02-17 13:00:00,AWS_002,27.893897485251653,1007.0227401699265,88.52654617923928,none,0
2025-02-17 14:00:00,AWS_002,26.528645252185232,1006.9879833975964,90.47734502799953,none,0
2025-02-17 15:00:00,AWS_002,25.9137341431012,1006.705015386889,99.37910632880403,none,0
2025-02-17 16:00:00,AWS_002,24.767164992230686,1006.9740967817512,92.5508445253603,none,0
2025-02-17 17:00:00,AWS_002,23.417223837024487,1005.815724154072,94.73427529322446,none,0
2025-02-17 18:00:00,AWS_002,22.12831779746389,1005.3911251805973,94.03754198888782,none,0
2025-02-17 19:00:00,AWS_002,20.14318058351515,1005.7767011566236,92.51761043212804,none,0
2025-02-17 20:00:00,AWS_002,19.67981861686679,1004.9359285121598,92.57073629587077,none,0
2025-02-17 21:00:00,AWS_002,17.73266624076006,1005.1954301572581,96.35911802646483,none,0
2025-02-17 22:00:00,AWS_002,17.064412070215955,1005.0724532666958,99.19557946813312,none,0
2025-02-17 23:00:00,AWS_002,15.921991830369986,1004.2317088321206,95.9417924382922,none,0
2025-02-18 00:00:00,AWS_002,15.242550478070033,1004.7471710927182,100.0,none,0
2025-02-18 01:00:00,AWS_002,16.465976085784675,1005.0262305622275,100.0,none,0
2025-02-18 02:00:00,AWS_002,17.1994275001121,1004.7592538521295,93.63747049538755,none,0
2025-02-18 03:00:00,AWS_002,18.232972670381827,1004.8125195787833,96.17443500457071,none,0
2025-02-18 04:00:00,AWS_002,19.040489125196913,1005.7679535431091,98.22495703314382,none,0
2025-02-18 05:00:00,AWS_002,20.607396922263245,1005.3286163156432,94.56803631182574,none,0
2025-02-18 06:00:00,AWS_002,21.756581442997373,1006.0096891636134,92.05185765119876,none,0
2025-02-18 07:00:00,AWS_002,23.007826016913466,1006.5191084779949,98.37461808546193,none,0
2025-02-18 08:00:00,AWS_002,25.12432609121736,1006.2580766272105,88.21811776245666,none,0
2025-02-18 09:00:00,AWS_002,26.541289696555918,1007.0085483613095,94.9690012454233,none,0
2025-02-18 10:00:00,AWS_002,27.484593142155365,1006.7657690530982,84.38802854007278,none,0
2025-02-18 11:00:00,AWS_002,28.24092773116177,1007.2628824655517,91.24123775258265,none,0
2025-02-18 12:00:00,AWS_002,28.498305357300868,1007.1783701976987,85.3564107181013,none,0
2025-02-18 13:00:00,AWS_002,28.225731788504127,1007.5168730809211,86.86194280441737,none,0
2025-02-18 14:00:00,AWS_002,27.614726393248947,1007.3369032356165,89.92467630352063,none,0
2025-02-18 15:00:00,AWS_002,26.46233050217186,1007.1617454950381,93.91513719330062,none,0
2025-02-18 16:00:00,AWS_002,24.89583894334914,1006.3118263630998,91.26128189816038,none,0
2025-02-18 17:00:00,AWS_002,22.886120825715658,1006.3662119148762,93.06088878022017,none,0
2025-02-18 18:00:00,AWS_002,22.212404003442362,1005.786071076983,96.62389970050903,none,0
2025-02-18 19:00:00,AWS_002,21.131902879352356,1006.3985099968004,93.08947046046013,none,0
2025-02-18 20:00:00,AWS_002,19.332737003762084,1005.3336444362554,96.87439663380833,none,0
2025-02-18 21:00:00,AWS_002,18.6845068282593,1005.118953296622,100.0,none,0
2025-02-18 22:00:00,AWS_002,17.242434389859504,1004.7004188768283,97.04484405032616,none,0
2025-02-18 23:00:00,AWS_002,15.57643934104856,1004.8049581788962,96.68191398382923,none,0
2025-02-19 00:00:00,AWS_002,16.61774806419613,1004.4836783349325,100.0,none,0
2025-02-19 01:00:00,AWS_002,16.044021369050554,1004.9619374589887,96.49700502443422,none,0
2025-02-19 02:00:00,AWS_002,16.980681794859052,1005.1531361395096,100.0,none,0
2025-02-19 03:00:00,AWS_002,17.814486748851255,1004.8314245471573,99.5626042003313,none,0
2025-02-19 04:00:00,AWS_002,19.210280330940243,1005.1548993491726,95.27086424872195,none,0
2025-02-19 05:00:00,AWS_002,21.331693218136454,1005.9024380546283,90.51150837763778,none,0
2025-02-19 06:00:00,AWS_002,22.718687382941635,1005.8527231800356,93.34744264622648,none,0
2025-02-19 07:00:00,AWS_002,23.254610002065558,1006.4561817493276,87.63929940684208,none,0
2025-02-19 08:00:00,AWS_002,25.425052401469316,1006.2814009111265,93.28246296804855,none,0
2025-02-19 09:00:00,AWS_002,26.22107448005591,1007.7104718735374,86.56885199742533,none,0
2025-02-19 10:00:00,AWS_002,27.972411991149972,1006.2407659480468,91.46348665851363,none,0
2025-02-19 11:00:00,AWS_002,28.70561800281252,1007.2042083312289,89.30814533026599,none,0
2025-02-19 12:00:00,AWS_002,28.13366925301822,1007.2961593021593,92.80348353272058,none,0
2025-02-19 13:00:00,AWS_002,28.491161873327517,1007.4063391596594,86.7159180328637,none,0
2025-02-19 14:00:00,AWS_002,27.93983178040008,1006.7189520841605,92.23229746485585,none,0
2025-02-19 15:00:00,AWS_002,26.871258765784905,1006.7789228682134,91.35983208467376,none,0
2025-02-19 16:00:00,AWS_002,25.782745683838883,1006.6149359165183,89.26628531448772,none,0
2025-02-19 17:00:00,AWS_002,23.850731387724327,1006.1931495086445,90.97156197834596,none,0
2025-02-19 18:00:00,AWS_002,22.498621115324184,1006.2071731646323,95.16869678182071,none,0
2025-02-19 19:00:00,AWS_002,20.79137423896129,1005.6108441989198,97.43822456647109,none,0
2025-02-19 20:00:00,AWS_002,19.39767812690969,1005.8107871725464,97.6745528906528,none,0
2025-02-19 21:00:00,AWS_002,18.121389073186066,1004.997605478669,98.05094674356049,none,0
2025-02-19 22:00:00,AWS_002,16.331830868784206,1004.5352330044295,94.41435666038568,none,0
2025-02-19 23:00:00,AWS_002,16.499180405852826,1005.1401489437851,100.0,none,0
2025-02-20 00:00:00,AWS_002,16.790396924313143,1004.7777079075626,100.0,none,0
2025-02-20 01:00:00,AWS_002,16.04773932058502,1004.6451024748817,100.0,none,0
2025-02-20 02:00:00,AWS_002,16.961285725760646,1005.1775242667757,99.0140395315353,none,0
2025-02-20 03:00:00,AWS_002,16.918463623113368,1005.2248870823097,97.58116732761424,none,0
2025-02-20 04:00:00,AWS_002,19.47501917134475,1005.6147800646135,100.0,none,0
2025-02-20 05:00:00,AWS_002,20.816008411797323,1005.2846256707289,90.88795494519081,none,0
2025-02-20 06:00:00,AWS_002,22.68165319505857,1006.1578319473855,96.65231626410412,none,0
2025-02-20 07:00:00,AWS_002,24.486597224393236,1006.6341839995047,91.16895253253126,none,0
2025-02-20 08:00:00,AWS_002,24.99460400938111,1006.7180115447169,89.30444845383415,none,0
2025-02-20 09:00:00,AWS_002,26.29133754922311,1006.5997723090941,89.49652513529266,none,0
2025-02-20 10:00:00,AWS_002,27.739083205561055,1007.3926087133093,87.29991401304036,none,0
2025-02-20 11:00:00,AWS_002,27.92863082476028,1007.5027748653204,91.52183031564161,none,0
2025-02-20 12:00:00,AWS_002,28.584967186972502,1006.8755503792227,83.99350552029878,none,0
2025-02-20 13:00:00,AWS_002,27.45788078224943,1006.8094639794197,88.61996906068852,none,0
2025-02-20 14:00:00,AWS_002,27.410912674979706,1006.8740926492978,85.27861131360198,none,0
2025-02-20 15:00:00,AWS_002,26.135523450177622,1006.9776683633464,89.59701316181865,none,0
2025-02-20 16:00:00,AWS_002,24.706089863802184,1006.4931046429357,90.3169532715091,none,0
2025-02-20 17:00:00,AWS_002,23.926162072191488,1006.1725010486007,95.46021878724635,none,0
2025-02-20 18:00:00,AWS_002,21.874768732939167,965.6095985736749,91.19602496328422,spike,1
2025-02-20 19:00:00,AWS_002,20.523718454551233,1005.848663007661,95.92416900933198,none,0
2025-02-20 20:00:00,AWS_002,19.107767010305945,1005.8882281921556,94.28750973909158,none,0
2025-02-20 21:00:00,AWS_002,16.92447297423044,1005.1683460690529,96.98199874624696,none,0
2025-02-20 22:00:00,AWS_002,17.37226269493341,1005.4774936263066,95.10437756181881,none,0
2025-02-20 23:00:00,AWS_002,16.630613682136506,1004.7655269573855,96.72019752887509,none,0
2025-02-21 00:00:00,AWS_002,16.376324804560504,1005.6217921031964,100.0,none,0
2025-02-21 01:00:00,AWS_002,16.372731718655217,1004.4393524686998,100.0,none,0
2025-02-21 02:00:00,AWS_002,17.660145405541417,1005.2236863654823,100.0,none,0
2025-02-21 03:00:00,AWS_002,18.19136549782756,1005.0671457122048,97.83556930797643,none,0
2025-02-21 04:00:00,AWS_002,18.884858026796344,1005.6629205499513,100.0,none,0
2025-02-21 05:00:00,AWS_002,20.916568898597202,1005.1276340621281,91.78310631960339,none,0
2025-02-21 06:00:00,AWS_002,22.77674327415492,1005.9920484564308,90.65569187598362,none,0
2025-02-21 07:00:00,AWS_002,23.83071384985116,1006.735707094739,90.625203705346,none,0
2025-02-21 08:00:00,AWS_002,25.300660902761326,1006.9433331511092,92.03317566325491,none,0
2025-02-21 09:00:00,AWS_002,26.7541754377964,1007.1830164793129,88.98788477609915,none,0
2025-02-21 10:00:00,AWS_002,27.831971029045395,1007.379735846065,89.99355373789412,none,0
2025-02-21 11:00:00,AWS_002,28.312474655209076,1007.0178782480805,86.56230575670945,none,0
2025-02-21 12:00:00,AWS_002,28.202242049888792,1007.2932093437239,85.5036233776486,none,0
2025-02-21 13:00:00,AWS_002,28.400690578318372,1007.6305135095392,89.28947866824704,none,0
2025-02-21 14:00:00,AWS_002,27.455184288919043,1006.5256779859701,91.24293951404879,none,0
2025-02-21 15:00:00,AWS_002,26.482540141827418,1007.353256203989,87.61868696065449,none,0
2025-02-21 16:00:00,AWS_002,25.834784829919244,1007.0915904244381,86.99287254788577,drift,1
2025-02-21 17:00:00,AWS_002,23.776608646609485,1006.7789650124812,99.68258085328867,drift,1
2025-02-21 18:00:00,AWS_002,22.025051811669034,1007.0652860264654,90.28662275327868,drift,1
2025-02-21 19:00:00,AWS_002,21.017960784953292,1007.2941591144685,94.0246058955131,drift,1
2025-02-21 20:00:00,AWS_002,18.98868843576875,1007.1624050663049,93.29984114837748,drift,1
2025-02-21 21:00:00,AWS_002,18.573642395364576,1007.2843205160333,99.0380203968575,drift,1
2025-02-21 22:00:00,AWS_002,17.204722056075777,1007.8078039513877,95.82687086105642,drift,1
2025-02-21 23:00:00,AWS_002,16.979033638960214,1008.692124969292,98.0482595865321,drift,1
2025-02-22 00:00:00,AWS_002,16.372495774701193,1008.0176497289395,96.15339395095978,drift,1
2025-02-22 01:00:00,AWS_002,16.169664341347854,1009.3385661401975,100.0,drift,1
2025-02-22 02:00:00,AWS_002,16.044221803343554,1010.4592868198831,93.31436857317497,drift,1
2025-02-22 03:00:00,AWS_002,17.762361130514048,1010.4378876846409,100.0,drift,1
2025-02-22 04:00:00,AWS_002,19.826992672472713,1011.1093034865233,98.41822900428178,drift,1
2025-02-22 05:00:00,AWS_002,20.62921787916413,1011.5821310698203,96.26184567251386,drift,1
2025-02-22 06:00:00,AWS_002,22.72845627163951,1012.2725121070354,93.2469937031228,drift,1
2025-02-22 07:00:00,AWS_002,24.36581102032859,1006.195979132711,91.12992934804869,none,0
2025-02-22 08:00:00,AWS_002,24.715494999015114,1006.88058945589,93.48699641996062,none,0
2025-02-22 09:00:00,AWS_002,26.455316896560326,1006.6664150654377,90.70761665277429,none,0
2025-02-22 10:00:00,AWS_002,27.525326704395876,1007.399358105115,90.00310858073335,none,0
2025-02-22 11:00:00,AWS_002,28.760252894632565,1007.0303835934562,84.42593982587633,none,0
2025-02-22 12:00:00,AWS_002,29.02152306390325,1007.3762195209569,88.09868469253601,none,0
2025-02-22 13:00:00,AWS_002,27.89607564541418,1007.5447754219829,83.5854144336599,drift,1
2025-02-22 14:00:00,AWS_002,28.5207610518495,1007.027119641327,87.8386362680844,drift,1
2025-02-22 15:00:00,AWS_002,28.104887307114797,1007.1509505977006,87.58764146724909,drift,1
2025-02-22 16:00:00,AWS_002,26.953316747467277,1006.4484022582085,95.93196003664015,drift,1
2025-02-22 17:00:00,AWS_002,27.056510646749913,1006.231724426841,94.64044561542043,drift,1
2025-02-22 18:00:00,AWS_002,26.411723554808578,1006.2507364134398,94.94406553212112,drift,1
2025-02-22 19:00:00,AWS_002,24.424405373531442,1006.3002381375447,100.0,drift,1
2025-02-22 20:00:00,AWS_002,24.327816596441522,1005.0389571593597,94.79779817369213,drift,1
2025-02-22 21:00:00,AWS_002,23.213280492469345,1005.4800237293983,97.97127267219496,drift,1
2025-02-22 22:00:00,AWS_002,23.630975380601956,1004.3581962298886,97.24327884293848,drift,1
2025-02-22 23:00:00,AWS_002,23.713174189602306,1004.7976238486955,97.3272517046804,drift,1
2025-02-23 00:00:00,AWS_002,23.59564063488451,1004.56158071229,100.0,drift,1
2025-02-23 01:00:00,AWS_002,24.53438342419838,1004.80193207222,100.0,drift,1
2025-02-23 02:00:00,AWS_002,26.518892978884974,1004.9282909778672,95.76021179248603,drift,1
2025-02-23 03:00:00,AWS_002,27.415958865537256,1004.770898850332,100.0,drift,1
2025-02-23 04:00:00,AWS_002,29.832554059179344,1005.9097278245791,94.3979041949058,drift,1
2025-02-23 05:00:00,AWS_002,30.818919042472146,1005.986818134581,100.0,drift,1
2025-02-23 06:00:00,AWS_002,33.144902561536355,1005.9764442605139,96.54023466494033,drift,1
2025-02-23 07:00:00,AWS_002,36.383183108509854,1006.9686531143435,88.0067014196019,drift,1
2025-02-23 08:00:00,AWS_002,38.16660286986624,1007.0347173411513,93.77124427477881,drift,1
2025-02-23 09:00:00,AWS_002,39.8558519815082,1007.1184147287031,87.31602791076654,drift,1
2025-02-23 10:00:00,AWS_002,41.15203157861113,1007.3321865067347,84.81160917024536,drift,1
2025-02-23 11:00:00,AWS_002,42.94477781088655,1007.156845575846,89.72186869290736,drift,1
2025-02-23 12:00:00,AWS_002,43.19126376398677,1007.461603682039,90.79668092947149,drift,1
2025-02-23 13:00:00,AWS_002,44.122001651431795,1006.774705290846,87.87749648142307,drift,1
2025-02-23 14:00:00,AWS_002,27.898715791139193,1007.2549954120932,91.10680061334423,none,0
2025-02-23 15:00:00,AWS_002,26.56737871944586,1007.0665119881505,90.46806226401596,none,0
2025-02-23 16:00:00,AWS_002,24.80475465676469,1006.882137334193,90.02617131536452,none,0
2025-02-23 17:00:00,AWS_002,23.318930670702624,1006.381843773249,97.75336922066197,none,0
2025-02-23 18:00:00,AWS_002,22.254304395884805,1005.9969707335372,94.09578545625597,none,0
2025-02-23 19:00:00,AWS_002,19.98538830259814,1005.6875104845544,100.0,none,0
2025-02-23 20:00:00,AWS_002,19.756258467334607,1006.4772983619574,98.84670378482066,none,0
2025-02-23 21:00:00,AWS_002,17.91367975815202,1005.7086827183749,94.33691784246287,none,0
2025-02-23 22:00:00,AWS_002,16.994274686243156,1005.419765835209,100.0,none,0
2025-02-23 23:00:00,AWS_002,16.50369133050987,1004.829307650671,99.39437097776703,none,0
2025-02-24 00:00:00,AWS_002,16.136964418457556,1005.180642727244,100.0,none,0
2025-02-24 01:00:00,AWS_002,17.18850520771303,1004.9866230750574,97.57349001197649,none,0
2025-02-24 02:00:00,AWS_002,16.98984109528213,1004.6876549510033,96.60062117043239,none,0
2025-02-24 03:00:00,AWS_002,17.72429090102223,1005.6685828836443,96.58571969795177,none,0
2025-02-24 04:00:00,AWS_002,19.88555778141743,1005.2428792583421,98.79006398426985,none,0
2025-02-24 05:00:00,AWS_002,20.62541866286248,1005.6926715035981,89.93898076912475,none,0
2025-02-24 06:00:00,AWS_002,23.064114890255507,1006.3821292735263,97.63670702518382,none,0
2025-02-24 07:00:00,AWS_002,24.312524967041718,1006.5177418640262,89.1950146716421,none,0
2025-02-24 08:00:00,AWS_002,25.299714895786686,1005.9044923062595,91.41756829941775,none,0
2025-02-24 09:00:00,AWS_002,26.76059730299616,1006.5543454172442,86.26938789313053,none,0
2025-02-24 10:00:00,AWS_002,27.266800876751397,1006.6613757324254,90.31717507651177,none,0
2025-02-24 11:00:00,AWS_002,27.827886020043938,1007.9677677896397,93.40789444130112,none,0
2025-02-24 12:00:00,AWS_002,28.93721983560179,1007.3434681724799,87.28678734287918,none,0
2025-02-24 13:00:00,AWS_002,28.146389525988184,1007.2154131511218,90.41528298086048,none,0
2025-02-24 14:00:00,AWS_002,27.625026928657924,1007.440527433448,87.00582176908753,none,0
2025-02-24 15:00:00,AWS_002,26.550932101621452,1007.1037778977666,84.86460655109538,none,0
2025-02-24 16:00:00,AWS_002,25.55752971645588,1006.5677266850307,92.78328159489311,none,0
2025-02-24 17:00:00,AWS_002,23.948220985727538,1007.0746858761531,93.09448405145989,none,0
2025-02-24 18:00:00,AWS_002,22.54128900051225,1006.8724360066169,88.38359749494882,none,0
2025-02-24 19:00:00,AWS_002,20.992688052248454,1006.0613394700557,92.85332852384475,none,0
2025-02-24 20:00:00,AWS_002,20.064095261872325,1005.3215461945483,100.0,none,0
2025-02-24 21:00:00,AWS_002,18.10194357440601,1005.6186112312107,93.66870261616273,none,0
2025-02-24 22:00:00,AWS_002,17.30672586640428,1005.3315597039567,99.96694659968101,none,0
2025-02-24 23:00:00,AWS_002,16.80383458611269,1005.336638475842,100.0,none,0
2025-02-25 00:00:00,AWS_002,16.18021619566583,1005.5075654705097,97.51103155817945,none,0
2025-02-25 01:00:00,AWS_002,16.958920164222267,1005.2367903722936,96.28320818078925,none,0
2025-02-25 02:00:00,AWS_002,17.319435948196542,1005.4969569028841,100.0,none,0
2025-02-25 03:00:00,AWS_002,18.09226507818257,1005.570926042662,92.41284422154162,none,0
2025-02-25 04:00:00,AWS_002,19.256792709176278,1005.4147091746145,96.71701494978662,none,0
2025-02-25 05:00:00,AWS_002,20.981422365793545,1005.7155587083845,88.42748478849643,none,0
2025-02-25 06:00:00,AWS_002,22.65890650245924,1005.98610255758,93.43928322065294,none,0
2025-02-25 07:00:00,AWS_002,24.294846792369523,1006.4488492045274,92.11874382977147,none,0
2025-02-25 08:00:00,AWS_002,25.865753141262662,1006.4610176617327,92.8361086870144,none,0
2025-02-25 09:00:00,AWS_002,26.70021430988419,1007.1072144640582,93.42383376693488,none,0
2025-02-25 10:00:00,AWS_002,28.316875622327633,1007.762594117048,90.16202816082294,none,0
2025-02-25 11:00:00,AWS_002,28.433235036367257,1007.3073918112472,85.24594269514742,none,0
2025-02-25 12:00:00,AWS_002,29.03247053376746,1007.6140704030291,88.9449747278382,none,0
2025-02-25 13:00:00,AWS_002,28.26988943455096,1007.279291902949,94.08997336324995,none,0
2025-02-25 14:00:00,AWS_002,28.2488357146078,1007.1038837251704,88.34461197856288,none,0
2025-02-25 15:00:00,AWS_002,26.879074967097754,1007.1253368399036,88.44137618500316,none,0
2025-02-25 16:00:00,AWS_002,25.32877748575486,1006.844920930601,93.66128265249347,none,0
2025-02-25 17:00:00,AWS_002,24.010915429227417,1006.0691112260547,95.25627418667624,none,0
2025-02-25 18:00:00,AWS_002,22.714653128667248,1006.1236854042638,90.59888901999788,none,0
2025-02-25 19:00:00,AWS_002,20.420448091660084,1005.8247615249618,94.73668364135803,none,0
2025-02-25 20:00:00,AWS_002,19.718483859081747,1005.77335259734,92.86338442037668,none,0
2025-02-25 21:00:00,AWS_002,17.606051605211544,1005.3056769923211,94.91888971521313,none,0
2025-02-25 22:00:00,AWS_002,17.51345097431678,1004.7206166034334,92.83518096626085,none,0
2025-02-25 23:00:00,AWS_002,16.513210444984523,1004.8852997191829,95.26007359046388,none,0
2025-02-26 00:00:00,AWS_002,16.152791191717792,1004.7112197580389,96.67049636349307,none,0
2025-02-26 01:00:00,AWS_002,16.62090472815404,1004.9476733660227,95.78172631653692,none,0
2025-02-26 02:00:00,AWS_002,17.9563329927673,1005.2704960418732,96.23484910820723,none,0
2025-02-26 03:00:00,AWS_002,19.07942207120385,1005.0704981422065,100.0,none,0
2025-02-26 04:00:00,AWS_002,19.509999603914157,1005.7567328787052,100.0,none,0
2025-02-26 05:00:00,AWS_002,21.674253038844043,1006.4836799484938,91.80280262176849,none,0
2025-02-26 06:00:00,AWS_002,22.783540088939052,1006.2559583852905,90.18603172527173,none,0
2025-02-26 07:00:00,AWS_002,24.905903855604798,1006.5432795897163,89.42043411672456,none,0
2025-02-26 08:00:00,AWS_002,25.70979854086678,1006.6801062037506,94.92204919387522,none,0
2025-02-26 09:00:00,AWS_002,27.20723998187272,1007.2419164100565,83.78006959818265,none,0
2025-02-26 10:00:00,AWS_002,27.471104596308468,1007.6206399912923,85.82652936794797,none,0
2025-02-26 11:00:00,AWS_002,28.97718177753848,1007.5905446688162,93.56214166164075,none,0
2025-02-26 12:00:00,AWS_002,29.034910866771327,1007.4081985274971,89.6318405684567,none,0
2025-02-26 13:00:00,AWS_002,28.963091755676725,1008.126352131561,91.91355819553844,none,0
2025-02-26 14:00:00,AWS_002,28.538477111344427,1007.6152040490448,84.94463591614335,none,0
2025-02-26 15:00:00,AWS_002,26.82559498707688,1007.1814914964427,94.17734539522552,none,0
2025-02-26 16:00:00,AWS_002,25.89379719526382,1006.4097001713286,90.06371272471364,none,0
2025-02-26 17:00:00,AWS_002,23.53100736762216,1006.8322309426744,93.72960935700156,none,0
2025-02-26 18:00:00,AWS_002,22.368445456413838,1006.3602686500093,96.0809300669652,none,0
2025-02-26 19:00:00,AWS_002,20.68283572457636,1005.6862639094131,97.75381116720524,none,0
2025-02-26 20:00:00,AWS_002,20.053921608561193,1005.8130731484889,98.37815526671959,none,0
2025-02-26 21:00:00,AWS_002,18.724155362530198,1005.734689900925,92.16224375335928,none,0
2025-02-26 22:00:00,AWS_002,17.70355022538478,1005.9554483503101,98.3798413637029,none,0
2025-02-26 23:00:00,AWS_002,17.020212460715086,1005.6853519310098,94.10507508961874,none,0
2025-02-27 00:00:00,AWS_002,17.563788636884063,1004.8122249413462,95.14981985816739,none,0
2025-02-27 01:00:00,AWS_002,17.309015561740424,1005.2060139788422,99.4435833511698,none,0
2025-02-27 02:00:00,AWS_002,17.35581170558721,1005.6838754071321,97.5588282023487,none,0
2025-02-27 03:00:00,AWS_002,19.21550198472715,1005.7490285003927,93.2906468488619,none,0
2025-02-27 04:00:00,AWS_002,20.45887842957736,1005.6303566829265,98.14520292360741,none,0
2025-02-27 05:00:00,AWS_002,21.571022442435318,1005.2372178105835,93.58907793626058,none,0
2025-02-27 06:00:00,AWS_002,21.880845889017024,1006.2537099309307,88.0713039188181,none,0
2025-02-27 07:00:00,AWS_002,23.966460355053975,1006.5051416621528,95.79152956736665,none,0
2025-02-27 08:00:00,AWS_002,25.96938237752219,1006.6205341729727,92.11527183593019,none,0
2025-02-27 09:00:00,AWS_002,26.896488749521904,1007.4016530703568,92.96047359447934,none,0
2025-02-27 10:00:00,AWS_002,27.334364603017182,1007.7073074416151,91.41640210344595,none,0
2025-02-27 11:00:00,AWS_002,28.638858820185835,1007.3073033383497,85.5892201060958,none,0
2025-02-27 12:00:00,AWS_002,28.49952418650656,1007.5286259764756,87.53239769920452,none,0
2025-02-27 13:00:00,AWS_002,28.703132609336908,1007.3580841212164,85.29202489671333,none,0
2025-02-27 14:00:00,AWS_002,28.11028565187602,1007.6882255959464,85.19465085424015,none,0
2025-02-27 15:00:00,AWS_002,27.6426519665742,1007.7482445067034,91.64897748703714,none,0
2025-02-27 16:00:00,AWS_002,25.451807800679944,1006.8734974597679,91.87078813531463,none,0
2025-02-27 17:00:00,AWS_002,24.798547050298627,1006.9819108269598,91.19837976732077,none,0
2025-02-27 18:00:00,AWS_002,22.43439230833736,1006.539103890087,91.27667087495992,none,0
2025-02-27 19:00:00,AWS_002,21.68760609341128,1005.719676358878,92.40134465881496,none,0
2025-02-27 20:00:00,AWS_002,20.023895387196962,1005.4749324904458,93.11393143288394,none,0
2025-02-27 21:00:00,AWS_002,18.752063864997652,1005.677561783271,97.59816074220123,none,0
2025-02-27 22:00:00,AWS_002,17.687533271038372,1004.7119509792365,99.63720080866824,none,0
2025-02-27 23:00:00,AWS_002,16.758168064928373,1005.0960906095673,98.06344132314254,none,0
2025-02-28 00:00:00,AWS_002,16.988784808153536,1005.4079615797092,95.89268740634851,none,0
2025-02-28 01:00:00,AWS_002,17.255414269406174,1004.7460040966992,100.0,none,0
2025-02-28 02:00:00,AWS_002,18.12662581263205,1005.2998355587032,98.18433305006673,none,0
2025-02-28 03:00:00,AWS_002,18.74332525952449,1005.0902586822139,94.14176400530248,none,0
2025-02-28 04:00:00,AWS_002,20.024785683174454,1005.8680365118897,96.63396191308115,none,0
2025-02-28 05:00:00,AWS_002,20.846408047772645,1005.8725868669902,96.04101838602072,none,0
2025-02-28 06:00:00,AWS_002,22.13571632916318,1006.6204158466024,90.18322130531824,none,0
2025-02-28 07:00:00,AWS_002,24.453832257930323,1006.4936264606878,91.23587460146163,none,0
2025-02-28 08:00:00,AWS_002,26.77576960014529,1007.0782106936682,88.41304442371458,none,0
2025-02-28 09:00:00,AWS_002,27.018228066389007,1007.0159795991744,94.1032228169041,none,0
2025-02-28 10:00:00,AWS_002,27.660752442483123,1007.4270248015589,89.01893270285464,none,0
2025-02-28 11:00:00,AWS_002,27.56962385257349,1007.3609561023961,88.71650487768545,none,0
2025-02-28 12:00:00,AWS_002,29.067496022059444,1007.8967541698321,88.42068985797398,none,0
2025-02-28 13:00:00,AWS_002,28.230196163659603,1007.8088664093021,90.02862559855241,none,0
2025-02-28 14:00:00,AWS_002,27.774290483063147,1007.5100867416872,89.54209814569728,none,0
2025-02-28 15:00:00,AWS_002,27.187124143644006,1006.9674985365698,91.59879423376022,none,0
2025-02-28 16:00:00,AWS_002,26.100945105581804,1007.4838214356112,91.87865331662047,none,0
2025-02-28 17:00:00,AWS_002,25.157248020058898,1007.0936805147812,95.09411957702764,none,0
2025-02-28 18:00:00,AWS_002,23.34561790913655,1006.4979410234607,93.95265116038415,none,0
2025-02-28 19:00:00,AWS_002,21.579114447451648,1006.0904342642127,94.31196054728399,none,0
2025-02-28 20:00:00,AWS_002,19.840889602675134,1005.2856995552704,97.79429553869313,none,0
2025-02-28 21:00:00,AWS_002,18.12509286948999,1005.7103983310583,100.0,none,0
2025-02-28 22:00:00,AWS_002,17.552973903869486,1005.5300718756057,95.63742114079284,none,0
2025-02-28 23:00:00,AWS_002,17.44721503317605,1005.060104958659,95.79311460624818,none,0
2025-03-01 00:00:00,AWS_002,15.951127234280905,1005.0970225175711,97.4775269543202,none,0
2025-03-01 01:00:00,AWS_002,17.03233367040338,1005.3042070327302,98.85757096913566,none,0
2025-03-01 02:00:00,AWS_002,18.28560296498992,1005.5212240882454,91.37895418960008,none,0
2025-03-01 03:00:00,AWS_002,18.99391786287641,1005.2794513059449,94.31332573896792,none,0
2025-03-01 04:00:00,AWS_002,19.759215317615098,1005.4750842890187,91.81048570577212,none,0
2025-03-01 05:00:00,AWS_002,21.18156127398986,1006.3780546703183,96.22087822200449,none,0
2025-03-01 06:00:00,AWS_002,23.13113732531254,1006.9487699558033,98.58723738574271,none,0
2025-03-01 07:00:00,AWS_002,24.334037231736428,1007.356220266,92.69956772405335,none,0
2025-03-01 08:00:00,AWS_002,26.104757781815064,1006.6539207427842,86.58488959101263,none,0
2025-03-01 09:00:00,AWS_002,27.82050359317842,1007.4236109945608,91.26020261989417,none,0
2025-03-01 10:00:00,AWS_002,27.975815423359727,1007.226138850458,86.29936503148832,none,0
2025-03-01 11:00:00,AWS_002,28.450141830812775,1007.7553146289291,84.9021245204384,none,0
2025-03-01 12:00:00,AWS_002,29.325470386351565,1008.0034454769011,82.53545374830622,none,0
2025-03-01 13:00:00,AWS_002,,,,dropout,1
2025-03-01 14:00:00,AWS_002,,,,dropout,1
2025-03-01 15:00:00,AWS_002,,,,dropout,1
2025-03-01 16:00:00,AWS_002,26.619132909389513,1006.9170690196291,89.94536678472855,none,0
2025-03-01 17:00:00,AWS_002,25.234716829748663,1006.9300914662906,89.47057073152003,none,0
2025-03-01 18:00:00,AWS_002,22.864902829455858,1005.9632061254199,92.63230402781767,none,0
2025-03-01 19:00:00,AWS_002,21.577632343466032,1006.4344017510844,94.93979457800032,none,0
2025-03-01 20:00:00,AWS_002,20.022479283358305,1005.6302213835504,100.0,none,0
2025-03-01 21:00:00,AWS_002,18.887110096484193,1005.8205035133076,93.61372987135468,none,0
2025-03-01 22:00:00,AWS_002,18.43384173492254,1004.8515705307605,98.83692874832974,none,0
2025-03-01 23:00:00,AWS_002,17.3503039923546,1006.1787291779284,95.48739850356003,none,0
2025-03-02 00:00:00,AWS_002,16.915273724773925,1005.324566621733,93.32779891565428,none,0
2025-03-02 01:00:00,AWS_002,17.30635161802526,1005.2253490016228,97.62306139892236,drift,1
2025-03-02 02:00:00,AWS_002,18.462415823726456,1005.3019665643782,95.24071335286692,drift,1
2025-03-02 03:00:00,AWS_002,20.262460977681087,1005.8145048843442,90.76231359532662,drift,1
2025-03-02 04:00:00,AWS_002,21.735612642151455,1005.6584190724833,100.0,drift,1
2025-03-02 05:00:00,AWS_002,23.645866332996704,1006.0688014417766,99.90202186536962,drift,1
2025-03-02 06:00:00,AWS_002,26.842342377074623,1006.4844542846121,91.16511513557134,drift,1
2025-03-02 07:00:00,AWS_002,28.56006592619682,1007.1544527322671,90.15627748702616,drift,1
2025-03-02 08:00:00,AWS_002,30.673148305532905,1006.8474032927288,88.63537180171339,drift,1
2025-03-02 09:00:00,AWS_002,33.083052998770654,1007.0876092292634,93.88014262503667,drift,1
2025-03-02 10:00:00,AWS_002,33.77824996976519,1007.1849310540221,89.16843823878912,drift,1
2025-03-02 11:00:00,AWS_002,34.909019747498476,1007.3191415762645,87.35525290443803,drift,1
2025-03-02 12:00:00,AWS_002,35.96685218899453,1007.3364652577062,88.66465538300801,drift,1
2025-03-02 13:00:00,AWS_002,35.8256450772792,1007.6644119610678,86.97403425660781,drift,1
2025-03-02 14:00:00,AWS_002,27.83106631548801,1007.6267871562812,88.23277199898246,none,0
2025-03-02 15:00:00,AWS_002,26.836983256285595,1006.921221543998,86.4345718655991,none,0
2025-03-02 16:00:00,AWS_002,26.26401967682983,1007.5318532482943,93.43754973728602,none,0
2025-03-02 17:00:00,AWS_002,23.933268089951493,1007.0519163874901,98.40048513087328,none,0
2025-03-02 18:00:00,AWS_002,23.041465593812415,1006.4368070135506,93.7878138038362,none,0
2025-03-02 19:00:00,AWS_002,21.414380480224164,1006.0103879369834,92.17346071479932,none,0
2025-03-02 20:00:00,AWS_002,20.628978788794146,1005.8113995014116,92.64328133180054,none,0
2025-03-02 21:00:00,AWS_002,18.629848054192507,1005.4981233789613,97.57028887563528,none,0
2025-03-02 22:00:00,AWS_002,18.209583572458065,1004.8775314320862,100.0,none,0
2025-03-02 23:00:00,AWS_002,17.572520314085057,1005.4644735259377,100.0,none,0
2025-03-03 00:00:00,AWS_002,17.335888065326902,1005.1191055159023,93.87639278055644,none,0
2025-03-03 01:00:00,AWS_002,17.839407580534818,1005.5032208661293,97.21267538803619,none,0
2025-03-03 02:00:00,AWS_002,17.127620148386487,1005.7786637507126,96.91170583721376,none,0
2025-03-03 03:00:00,AWS_002,18.979125447154026,1005.5585332581874,94.47773023475523,none,0
2025-03-03 04:00:00,AWS_002,19.906556437280635,1005.916630959374,95.02625400392681,none,0
2025-03-03 05:00:00,AWS_002,21.35520458023514,1006.3568524667122,91.21989756780772,none,0
2025-03-03 06:00:00,AWS_002,23.590898782202068,1006.4879135388361,95.22345092908542,none,0
2025-03-03 07:00:00,AWS_002,24.38447491151315,1006.7922511019062,91.6783135284489,none,0
2025-03-03 08:00:00,AWS_002,25.791645042684106,1007.0870848028621,90.4664109737298,none,0
2025-03-03 09:00:00,AWS_002,27.803978737915454,1007.7371026282866,85.54503751956784,none,0
2025-03-03 10:00:00,AWS_002,27.466829792750822,1007.6138066702497,86.81134727745899,none,0
2025-03-03 11:00:00,AWS_002,29.41155324255287,1007.5667626635153,91.85874830023792,none,0
2025-03-03 12:00:00,AWS_002,28.64682753282135,1008.122656578384,80.23668335033233,none,0
2025-03-03 13:00:00,AWS_002,29.630798776299564,1007.5549323517802,85.48573796541899,none,0
2025-03-03 14:00:00,AWS_002,27.97071984568234,1007.6156611857094,85.74761502890235,none,0
2025-03-03 15:00:00,AWS_002,27.566973082362367,1007.4580449337325,92.21362326214256,none,0
2025-03-03 16:00:00,AWS_002,31.983474088916363,1007.6958872942595,98.0,thermo_inconsistent,1
2025-03-03 17:00:00,AWS_002,24.69623021901798,1007.0623636629141,89.67804439276308,none,0
2025-03-03 18:00:00,AWS_002,23.319662994569853,1006.3426844147303,96.214330944038,none,0
2025-03-03 19:00:00,AWS_002,21.550702076896577,1006.3916380840807,88.92214599393081,none,0
2025-03-03 20:00:00,AWS_002,20.562850006587354,1005.3305670958282,96.03200651720829,none,0
2025-03-03 21:00:00,AWS_002,19.129967448259826,1005.839136394784,94.53845615516792,none,0
2025-03-03 22:00:00,AWS_002,17.205657992566252,1005.3741790784701,99.5152167858459,none,0
2025-03-03 23:00:00,AWS_002,16.239967076897802,1005.2952302438442,94.93494332107427,none,0
2025-03-04 00:00:00,AWS_002,18.054305622551446,1005.6074200901824,100.0,none,0
2025-03-04 01:00:00,AWS_002,16.393759461838258,1005.659808972166,100.0,none,0
2025-03-04 02:00:00,AWS_002,17.9556560129829,1004.9974596089173,100.0,none,0
2025-03-04 03:00:00,AWS_002,18.63450634296965,1005.6013551737857,100.0,none,0
2025-03-04 04:00:00,AWS_002,19.863519486758918,1006.1071097374488,97.00465125440886,none,0
2025-03-04 05:00:00,AWS_002,21.207423489610317,1005.8103987513034,90.86748277462134,none,0
2025-03-04 06:00:00,AWS_002,23.987285542892103,1006.2325997785346,92.94986775824624,none,0
2025-03-04 07:00:00,AWS_002,25.08001197926635,1006.5806775190376,92.0882583465761,none,0
2025-03-04 08:00:00,AWS_002,25.687523328512594,1007.2537434629337,88.55596921515506,none,0
2025-03-04 09:00:00,AWS_002,27.660941848335955,1007.483975722711,87.59472862518223,none,0
2025-03-04 10:00:00,AWS_002,28.41878881756814,1007.4531346231322,87.01139570942439,none,0
2025-03-04 11:00:00,AWS_002,29.751290062007897,1007.7293469550125,87.05789717221431,none,0
2025-03-04 12:00:00,AWS_002,29.183830997271034,1007.8688190007815,83.71462615901969,none,0
2025-03-04 13:00:00,AWS_002,28.246017257203704,1007.7934878954773,90.29295373767229,none,0
2025-03-04 14:00:00,AWS_002,29.052663767882322,1007.3922916366537,89.04872077684117,none,0
2025-03-04 15:00:00,AWS_002,28.140922619088688,1007.8391273560306,83.49946301904889,none,0
2025-03-04 16:00:00,AWS_002,26.933505973880496,1007.4806795458599,91.67459054439286,none,0
2025-03-04 17:00:00,AWS_002,25.028418998827018,1007.1151119480909,92.07307837769046,none,0
2025-03-04 18:00:00,AWS_002,22.374631573379116,1006.1640326829963,95.428243226852,none,0
2025-03-04 19:00:00,AWS_002,21.147636277899828,1006.2562040740389,94.91314302873194,none,0
2025-03-04 20:00:00,AWS_002,20.011887980148312,1005.6810832893559,94.56325861172033,none,0
2025-03-04 21:00:00,AWS_002,18.961835840431693,1005.4965287957353,98.20076459353031,none,0
2025-03-04 22:00:00,AWS_002,17.76324097554778,1005.2747429159521,100.0,none,0
2025-03-04 23:00:00,AWS_002,17.567756257816615,1005.6770677395277,91.6933389369441,none,0
2025-03-05 00:00:00,AWS_002,16.661692777893315,1005.7728462653932,96.92700499584095,none,0
2025-03-05 01:00:00,AWS_002,17.092621179618906,1005.8389531349848,95.5268950439127,none,0
2025-03-05 02:00:00,AWS_002,17.59627959900457,1005.8371730424291,99.04504568841179,none,0
2025-03-05 03:00:00,AWS_002,18.794784047675886,1005.9308093091104,93.31924119775262,none,0
2025-03-05 04:00:00,AWS_002,24.067528616991844,1007.1793232582656,98.0,thermo_inconsistent,1
2025-03-05 05:00:00,AWS_002,22.39698203063754,1006.2154772076234,99.17125973001855,none,0
2025-03-05 06:00:00,AWS_002,22.694511968808005,1006.5475220127869,98.64104427109864,none,0
2025-03-05 07:00:00,AWS_002,24.401783723950786,1006.3661320957652,100.0,none,0
2025-03-05 08:00:00,AWS_002,26.315209560282927,1007.5086678938374,89.51107290044074,none,0
2025-03-05 09:00:00,AWS_002,27.038541134172295,1007.2549120564552,86.74988188167794,none,0
2025-03-05 10:00:00,AWS_002,28.72749499841442,1007.5478897130417,88.59330098200583,none,0
2025-03-05 11:00:00,AWS_002,29.31761469265643,1007.5736229762023,84.70461352683087,none,0
2025-03-05 12:00:00,AWS_002,29.568103532905884,1007.6146528817598,90.31508495367946,none,0
2025-03-05 13:00:00,AWS_002,28.626828487975892,1007.9914042259553,88.2660163988419,none,0
2025-03-05 14:00:00,AWS_002,27.991979217742625,1007.8286578189724,89.49697760928555,none,0
2025-03-05 15:00:00,AWS_002,27.235031053087877,1007.143086200439,82.62666678690373,none,0
2025-03-05 16:00:00,AWS_002,25.947499337274486,1007.6724073337989,94.98242506464378,none,0
2025-03-05 17:00:00,AWS_002,24.699285849785966,1006.8981450888588,90.59438510035723,none,0
2025-03-05 18:00:00,AWS_002,23.26062585222522,1006.4487430615985,97.00091809623731,none,0
2025-03-05 19:00:00,AWS_002,,,,dropout,1
2025-03-05 20:00:00,AWS_002,,,,dropout,1
2025-03-05 21:00:00,AWS_002,,,,dropout,1
2025-03-05 22:00:00,AWS_002,,,,dropout,1
2025-03-05 23:00:00,AWS_002,17.742538791370656,1004.9197761869435,97.3203188581341,none,0
2025-03-06 00:00:00,AWS_002,17.43675708700009,1005.407025040105,94.8820767779608,none,0
2025-03-06 01:00:00,AWS_002,17.591605443018572,1005.1331144229133,99.69525090310147,none,0
2025-03-06 02:00:00,AWS_002,18.685386568783656,1005.8930234788779,93.48212401363429,none,0
2025-03-06 03:00:00,AWS_002,18.7356202238971,1006.203648622425,98.01604597657159,none,0
2025-03-06 04:00:00,AWS_002,19.70165899368933,1005.7917699226891,92.38879400216315,none,0
2025-03-06 05:00:00,AWS_002,21.59063433352065,1005.8016842941819,95.6367633066015,none,0
2025-03-06 06:00:00,AWS_002,23.205450038982136,1006.6232549667839,97.13728432749224,none,0
2025-03-06 07:00:00,AWS_002,24.644862141079336,1007.2016711402947,91.48346992536408,none,0
2025-03-06 08:00:00,AWS_002,26.11800647732123,1007.1521471183802,89.02352127644915,none,0
2025-03-06 09:00:00,AWS_002,27.375391240085154,1006.9247290309297,90.89888434354651,none,0
2025-03-06 10:00:00,AWS_002,28.558016881495295,1007.9166371745949,94.92312641704771,none,0
2025-03-06 11:00:00,AWS_002,28.747565524234634,1007.6479286090082,91.38044843076113,none,0
2025-03-06 12:00:00,AWS_002,28.82554270844334,1008.3200351189208,87.48989896023471,none,0
2025-03-06 13:00:00,AWS_002,29.009271937845142,1008.3723231789902,88.53829990922057,none,0
2025-03-06 14:00:00,AWS_002,28.657136305862824,1007.2412368214965,87.79821281613927,none,0
2025-03-06 15:00:00,AWS_002,27.427407596271856,1007.8408710935913,92.02226576581054,none,0
2025-03-06 16:00:00,AWS_002,25.740241392126208,1007.0980978258578,90.39236075477616,none,0
2025-03-06 17:00:00,AWS_002,24.808390960750177,1006.9604729491591,96.07325628475674,none,0
2025-03-06 18:00:00,AWS_002,23.04284533088247,1006.980569130172,92.84513207180471,none,0
2025-03-06 19:00:00,AWS_002,21.91991464743807,1006.3242568878771,90.70002206986503,none,0
2025-03-06 20:00:00,AWS_002,20.091421639640757,1006.1290428389821,100.0,none,0
2025-03-06 21:00:00,AWS_002,19.03144302382567,1005.4850157795572,99.46821570654508,none,0
2025-03-06 22:00:00,AWS_002,18.479419564645106,1006.0728709646241,96.24729975128685,none,0
2025-03-06 23:00:00,AWS_002,17.56123910258505,1006.0692551538109,96.41174974493222,none,0
2025-03-07 00:00:00,AWS_002,17.27336811816801,1006.1173003721277,100.0,none,0
2025-03-07 01:00:00,AWS_002,17.406555694662664,1005.8249775031784,96.37412355862905,none,0
2025-03-07 02:00:00,AWS_002,17.788220239035354,1005.5056009514637,100.0,none,0
2025-03-07 03:00:00,AWS_002,19.304326209709334,1005.9904614960432,98.14147913846509,none,0
2025-03-07 04:00:00,AWS_002,19.75083338738122,1005.7262415597511,100.0,none,0
2025-03-07 05:00:00,AWS_002,21.510374593682844,1006.0612667989959,90.27150664273994,none,0
2025-03-07 06:00:00,AWS_002,22.915649616598127,1006.6209965331457,97.72060599862185,none,0
2025-03-07 07:00:00,AWS_002,25.082374983573843,1007.0704491468285,89.35315216052076,none,0
2025-03-07 08:00:00,AWS_002,27.268207639701508,1007.2982960197895,88.96128303534455,none,0
2025-03-07 09:00:00,AWS_002,39.64516299789581,994.9302747459386,98.0,multivariate_inconsistent,1
2025-03-07 10:00:00,AWS_002,28.822333314612948,1007.6139683554826,87.87819218537444,none,0
2025-03-07 11:00:00,AWS_002,29.127105689646793,1007.9766419664192,86.03340157557555,none,0
2025-03-07 12:00:00,AWS_002,30.192731679859033,1007.4571356861536,86.70883741628901,none,0
2025-03-07 13:00:00,AWS_002,28.13629286543894,1008.0523437131349,84.73035877851302,none,0
2025-03-07 14:00:00,AWS_002,28.196842465848007,1007.5611242246049,90.64035903742881,none,0
2025-03-07 15:00:00,AWS_002,27.85472477342593,1007.4722904186796,87.60611167594665,none,0
2025-03-07 16:00:00,AWS_002,26.38974495614272,1007.450219853213,92.53211386992295,none,0
2025-03-07 17:00:00,AWS_002,25.11745104326029,1007.0192675086645,90.32544110979295,none,0
2025-03-07 18:00:00,AWS_002,22.651345102775544,1006.3027938462507,90.38291257873014,none,0
2025-03-07 19:00:00,AWS_002,21.718328603528036,1006.6451045345759,92.0829631147164,none,0
2025-03-07 20:00:00,AWS_002,20.13041766441117,1005.675137592182,95.6955529443882,none,0
2025-03-07 21:00:00,AWS_002,20.036807358668817,1005.7692658337788,92.18826219484401,none,0
2025-03-07 22:00:00,AWS_002,18.370004737221052,1005.6929569717117,94.49219191283085,none,0
2025-03-07 23:00:00,AWS_002,21.73212179552556,1005.911268341704,98.0,thermo_inconsistent,1
2025-03-08 00:00:00,AWS_002,17.3092583057684,1005.5240699996788,100.0,none,0
2025-03-08 01:00:00,AWS_002,18.237600103830736,1005.6773016992726,96.62273682069991,none,0
2025-03-08 02:00:00,AWS_002,18.28220293409953,1006.1840465831716,100.0,none,0
2025-03-08 03:00:00,AWS_002,19.34170640675468,1005.6520363832786,94.70127304123405,none,0
2025-03-08 04:00:00,AWS_002,20.038477654211825,1006.4395324903544,95.94622487968135,none,0
2025-03-08 05:00:00,AWS_002,22.2845342505981,1006.0889641071387,93.35151080866339,none,0
2025-03-08 06:00:00,AWS_002,23.820309159086207,1006.5791953117446,95.0703736090853,none,0
2025-03-08 07:00:00,AWS_002,24.540514911305973,1006.7487954890661,92.27241291620663,none,0
2025-03-08 08:00:00,AWS_002,26.103455334592713,1006.837027070304,93.05400195679437,none,0
2025-03-08 09:00:00,AWS_002,27.82738454744071,1008.0654381768666,84.6945965692209,none,0
2025-03-08 10:00:00,AWS_002,28.550013275506387,1007.8353987948927,88.78711333073477,none,0
2025-03-08 11:00:00,AWS_002,28.850863070659088,1008.1537490527667,94.3138439108102,none,0
2025-03-08 12:00:00,AWS_002,29.50045030560297,1007.7687182904666,86.1718580410963,none,0
2025-03-08 13:00:00,AWS_002,29.519706231262493,1007.9116808724785,91.05411397746532,none,0
2025-03-08 14:00:00,AWS_002,28.631585897564044,1008.1531674271132,86.91675329723093,none,0
2025-03-08 15:00:00,AWS_002,27.500017734148127,1007.6847037035902,91.02951562854791,none,0
2025-03-08 16:00:00,AWS_002,26.60890909154612,1007.1321072929198,90.52205350752601,none,0
2025-03-08 17:00:00,AWS_002,24.91497841065903,1006.8330157161795,89.49389450471593,none,0
2025-03-08 18:00:00,AWS_002,23.32692288038343,1006.6640138038541,97.14192223162762,none,0
2025-03-08 19:00:00,AWS_002,22.078417566342207,1007.1155844479712,91.76309868956702,none,0
2025-03-08 20:00:00,AWS_002,21.036970792005764,1006.6837538395216,100.0,none,0
2025-03-08 21:00:00,AWS_002,19.775397732798744,1005.5898674251512,92.632962342556,none,0
2025-03-08 22:00:00,AWS_002,18.366436309541836,1005.7237349519171,94.81989491189289,none,0
2025-03-08 23:00:00,AWS_002,17.57032541710879,1005.6946408551042,95.38132809503072,none,0
2025-03-09 00:00:00,AWS_002,17.504262803619795,1005.7104095801136,95.06780195639351,none,0
2025-03-09 01:00:00,AWS_002,17.81335949723201,1005.0283537943709,96.7386778077456,none,0
2025-03-09 02:00:00,AWS_002,18.578321704666248,1005.827026694081,99.86423327782497,none,0
2025-03-09 03:00:00,AWS_002,19.17445545557159,1006.1113078141852,97.89135252583671,none,0
2025-03-09 04:00:00,AWS_002,20.487988551230863,1005.9883231926012,96.17686879724764,none,0
2025-03-09 05:00:00,AWS_002,22.086207809242136,1006.6097581180427,94.1284943898697,none,0
2025-03-09 06:00:00,AWS_002,23.0974049997965,1007.2129345828058,94.20842806630532,none,0
2025-03-09 07:00:00,AWS_002,25.047869273732314,1007.0601906482033,84.87671104366092,none,0
2025-03-09 08:00:00,AWS_002,26.62653471632031,1007.4974378066737,91.84846074103373,none,0
2025-03-09 09:00:00,AWS_002,28.07576252941227,1007.9563562216475,84.26056702736875,none,0
2025-03-09 10:00:00,AWS_002,28.825061964589217,1007.7881249001334,86.2965165303504,none,0
2025-03-09 11:00:00,AWS_002,29.072417576144403,1007.9277326998306,89.51227221931303,none,0
2025-03-09 12:00:00,AWS_002,29.013146466347774,1008.1274545904645,85.69330830769528,none,0
2025-03-09 13:00:00,AWS_002,28.976098717917317,1007.5277641029097,90.41460020769017,none,0
2025-03-09 14:00:00,AWS_002,28.139682736761863,1007.2133092238172,89.86374692465768,none,0
2025-03-09 15:00:00,AWS_002,27.279897354177194,1007.8046760408109,89.65735294349365,none,0
2025-03-09 16:00:00,AWS_002,26.19243610004973,1007.4034883712882,89.54394715626071,none,0
2025-03-09 17:00:00,AWS_002,24.824496383375383,1007.1602499919047,100.0,none,0
2025-03-09 18:00:00,AWS_002,23.722483641201705,1006.7994629444435,91.36797042417945,none,0
2025-03-09 19:00:00,AWS_002,21.84877802108117,1006.9110588518199,97.74369927083981,none,0
2025-03-09 20:00:00,AWS_002,20.43224207331182,1006.5218647857453,98.26451792580274,none,0
2025-03-09 21:00:00,AWS_002,19.328208961244908,1006.1236675014393,100.0,none,0
2025-03-09 22:00:00,AWS_002,17.983026747208136,1006.1336494330861,100.0,none,0
2025-03-09 23:00:00,AWS_002,17.190801192847797,1005.4869778534365,95.0803520106654,none,0
2025-03-10 00:00:00,AWS_002,17.246293579364988,1005.2459425819494,99.04936732701536,none,0
2025-03-10 01:00:00,AWS_002,17.29203842515142,1005.8933436654767,98.5771535652713,none,0
2025-03-10 02:00:00,AWS_002,18.94049526041767,1005.2005714589861,100.0,none,0
2025-03-10 03:00:00,AWS_002,19.89650285541583,1005.6848920870981,88.895485149511,drift,1
2025-03-10 04:00:00,AWS_002,20.507113443331296,1005.934930042191,94.64057636663118,drift,1
2025-03-10 05:00:00,AWS_002,22.140869968716444,1007.0046555821386,91.00209303283346,drift,1
2025-03-10 06:00:00,AWS_002,24.160041262954234,1007.9777174582819,90.13568039621524,drift,1
2025-03-10 07:00:00,AWS_002,25.699739849852772,1008.3298406508565,90.21363864881798,drift,1
2025-03-10 08:00:00,AWS_002,26.994268113172538,1008.7126110077837,93.56170972319583,drift,1
2025-03-10 09:00:00,AWS_002,28.123555611689905,1009.4933202027376,89.2570876451883,drift,1
2025-03-10 10:00:00,AWS_002,34.875740076837005,1009.983316108367,98.0,thermo_inconsistent,1
2025-03-10 11:00:00,AWS_002,28.93594703873647,1011.0853458600036,86.46798153775477,drift,1
2025-03-10 12:00:00,AWS_002,28.7490238668697,1011.2552350420789,89.83888904033209,drift,1
2025-03-10 13:00:00,AWS_002,29.049416291930644,1011.176455056836,86.20128664323617,drift,1
2025-03-10 14:00:00,AWS_002,28.967958756004688,1011.8181082502448,91.18545479626496,drift,1
2025-03-10 15:00:00,AWS_002,27.459441244331057,1011.7941148978523,92.76521861471177,drift,1
2025-03-10 16:00:00,AWS_002,26.41192632065631,1007.5761407675209,90.54795418152035,none,0
2025-03-10 17:00:00,AWS_002,25.14471929462099,1007.0061998958029,92.90989940174859,none,0
2025-03-10 18:00:00,AWS_002,23.56992886334922,1007.1429585781466,100.0,none,0
2025-03-10 19:00:00,AWS_002,21.606924284504434,1006.6266025819065,89.64889034403745,none,0
2025-03-10 20:00:00,AWS_002,20.51485601544783,1006.1646655066361,92.78792209746231,none,0
2025-03-10 21:00:00,AWS_002,19.731605833536218,1005.9755193323467,95.82495736586135,none,0
2025-03-10 22:00:00,AWS_002,18.66118997705456,1005.6138286399727,90.9726985204569,none,0
2025-03-10 23:00:00,AWS_002,17.81569956050364,1005.2529595786033,96.18997203704177,none,0
2025-03-11 00:00:00,AWS_002,17.537835133220533,1005.4168164214012,99.18678501888277,none,0
2025-03-11 01:00:00,AWS_002,18.413553264843117,1005.8544870425272,95.15122633066123,none,0
2025-03-11 02:00:00,AWS_002,19.100877774126403,1005.785661844861,100.0,none,0
2025-03-11 03:00:00,AWS_002,18.981920652944137,1006.497404511198,94.13674756180497,none,0
2025-03-11 04:00:00,AWS_002,20.379023624273312,1006.2225018283515,91.80188199550271,none,0
2025-03-11 05:00:00,AWS_002,21.87549782215261,1006.3019648299011,94.85857440378291,none,0
2025-03-11 06:00:00,AWS_002,23.877823969654596,1007.1048156523211,93.50132864777287,none,0
2025-03-11 07:00:00,AWS_002,25.185735138194456,1007.2343855764218,90.74432912775185,none,0
2025-03-11 08:00:00,AWS_002,26.509597771309817,1007.3697366201071,92.42233867440525,none,0
2025-03-11 09:00:00,AWS_002,28.547783429481658,1007.571097692888,89.80492945897419,none,0
2025-03-11 10:00:00,AWS_002,29.033633738005285,1007.8794147559594,85.85234285081951,none,0
2025-03-11 11:00:00,AWS_002,29.11100105172361,1007.917998735106,92.45163763363969,none,0
2025-03-11 12:00:00,AWS_002,29.66193469111588,1008.517750245207,87.54377200257316,none,0
2025-03-11 13:00:00,AWS_002,29.405305476634283,1008.2142717386752,88.74373689318607,none,0
2025-03-11 14:00:00,AWS_002,29.463064000079648,1007.8481047401749,86.63732554002733,none,0
2025-03-11 15:00:00,AWS_002,27.14184394420039,1007.6561251371172,92.01258811629472,none,0
2025-03-11 16:00:00,AWS_002,26.649256664147686,1007.3679311042516,87.98795681224222,none,0
2025-03-11 17:00:00,AWS_002,25.300809912001856,1007.5290035904052,96.7580702366685,none,0
2025-03-11 18:00:00,AWS_002,24.166647206050268,1007.0172920622126,90.99926956076382,none,0
2025-03-11 19:00:00,AWS_002,22.128874776319595,1006.283380403709,100.0,none,0
2025-03-11 20:00:00,AWS_002,20.992428737455583,1006.1616345337598,93.57851468256433,none,0
2025-03-11 21:00:00,AWS_002,19.76309966244587,1005.6888865906163,96.96933521575627,none,0
2025-03-11 22:00:00,AWS_002,17.800298126505986,1006.0126451470732,98.00326470011885,none,0
2025-03-11 23:00:00,AWS_002,17.661228130787475,1005.7684377063268,98.63510710830013,none,0
2025-03-12 00:00:00,AWS_002,17.433820983202857,1006.4052318031148,95.79770585932258,none,0
2025-03-12 01:00:00,AWS_002,17.929529774071653,1005.7350871180319,91.74192866071972,none,0
2025-03-12 02:00:00,AWS_002,17.969336143574797,1005.7632237235692,94.84870562074954,none,0
2025-03-12 03:00:00,AWS_002,19.605287273242354,1006.0010530945762,95.64618018367398,none,0
2025-03-12 04:00:00,AWS_002,20.558286821516642,1005.8797337857108,93.62746675823057,none,0
2025-03-12 05:00:00,AWS_002,22.226130443286465,1006.681538529395,92.45027552774249,none,0
2025-03-12 06:00:00,AWS_002,22.782067752410278,1006.6561980394588,92.35995045806052,none,0
2025-03-12 07:00:00,AWS_002,25.378522125761695,1007.1184055735777,90.21130670518086,none,0
2025-03-12 08:00:00,AWS_002,26.810379781988594,1007.7724555921285,90.91304438949157,none,0
2025-03-12 09:00:00,AWS_002,27.373282182328897,1007.860689273012,85.15533270424112,none,0
2025-03-12 10:00:00,AWS_002,28.800441505557078,1007.916996058776,86.26451412546848,none,0
2025-03-12 11:00:00,AWS_002,29.711826490673623,1008.2337363655624,82.48603309525676,none,0
2025-03-12 12:00:00,AWS_002,30.53600745558996,1007.734888165303,84.22322182034982,none,0
2025-03-12 13:00:00,AWS_002,29.24228495157238,1007.9243334709741,89.49787753521596,none,0
2025-03-12 14:00:00,AWS_002,28.9240958259945,1008.182790971215,87.98500819422507,none,0
2025-03-12 15:00:00,AWS_002,27.614350624903775,1007.6934171449301,85.67139739037441,none,0
2025-03-12 16:00:00,AWS_002,26.92605378395113,1007.692369046294,86.8178873623105,none,0
2025-03-12 17:00:00,AWS_002,24.70372926437337,1007.4557948549716,88.77971343423518,none,0
2025-03-12 18:00:00,AWS_002,23.4615359124343,1007.3715863505963,88.80421888230353,none,0
2025-03-12 19:00:00,AWS_002,22.206104273773594,1006.9727024286199,95.36804780092024,none,0
2025-03-12 20:00:00,AWS_002,20.714053138827737,1006.8257310790194,97.78293735972136,none,0
2025-03-12 21:00:00,AWS_002,19.32261075120664,1006.3164306984817,93.39755069207537,none,0
2025-03-12 22:00:00,AWS_002,18.36602531925204,1005.5682690762796,99.57574495113968,none,0
2025-03-12 23:00:00,AWS_002,17.65277456394796,1005.9021007285588,97.72293837615955,none,0
2025-03-13 00:00:00,AWS_002,18.087885348960466,1005.2909810518614,96.66855684129204,none,0
2025-03-13 01:00:00,AWS_002,17.932547963228327,1005.5808627201975,100.0,none,0
2025-03-13 02:00:00,AWS_002,17.98909426949895,1005.8820164238246,100.0,none,0
2025-03-13 03:00:00,AWS_002,19.681378178424726,1006.1718186845284,88.8709830541066,none,0
2025-03-13 04:00:00,AWS_002,20.953130226341177,1006.3632483597643,99.35392622014365,none,0
2025-03-13 05:00:00,AWS_002,22.722509934458856,1006.5875714177205,93.20263420175833,none,0
2025-03-13 06:00:00,AWS_002,24.464277395014935,1006.6562478476956,88.67988399974996,none,0
2025-03-13 07:00:00,AWS_002,25.329208053911426,1006.5576612141851,94.88613125877447,none,0
2025-03-13 08:00:00,AWS_002,27.337769839138556,1007.6182043648688,89.02436186659772,none,0
2025-03-13 09:00:00,AWS_002,28.147653248393407,1007.833814540854,89.0604548489731,none,0
2025-03-13 10:00:00,AWS_002,29.234418512972738,1008.4102044167116,87.81484869191198,none,0
2025-03-13 11:00:00,AWS_002,29.412664179804363,1008.1727544087273,87.88890634242273,none,0
2025-03-13 12:00:00,AWS_002,29.797582562788016,1007.2304292277526,86.03381176365144,none,0
2025-03-13 13:00:00,AWS_002,29.46409128705657,1008.0271485296302,88.54866922131178,none,0
2025-03-13 14:00:00,AWS_002,28.19688759389986,1008.5850731648352,89.96020335200866,none,0
2025-03-13 15:00:00,AWS_002,27.93654115473272,1007.9694663790098,93.40731821293669,none,0
2025-03-13 16:00:00,AWS_002,,,,dropout,1
2025-03-13 17:00:00,AWS_002,,,,dropout,1
2025-03-13 18:00:00,AWS_002,,,,dropout,1
2025-03-13 19:00:00,AWS_002,,,,dropout,1
2025-03-13 20:00:00,AWS_002,,,,dropout,1
2025-03-13 21:00:00,AWS_002,19.225712498771543,1006.4526801973427,98.81117343145745,none,0
2025-03-13 22:00:00,AWS_002,18.529147934287696,1006.3892308669041,91.61453131366225,none,0
2025-03-13 23:00:00,AWS_002,18.188884132102874,1005.8533698906825,97.15116652181263,none,0
2025-03-14 00:00:00,AWS_002,17.42075433378748,1005.9335894677404,100.0,none,0
2025-03-14 01:00:00,AWS_002,18.000558374673425,1005.8833308981855,100.0,none,0
2025-03-14 02:00:00,AWS_002,19.052776826994105,1005.93040933598,99.33499877762998,none,0
2025-03-14 03:00:00,AWS_002,19.56027779712019,1006.0171093554853,96.53377874661223,none,0
2025-03-14 04:00:00,AWS_002,21.058576487284697,1006.6626030476431,97.27517175246315,none,0
2025-03-14 05:00:00,AWS_002,22.28241020430546,1006.9685661954014,91.61531428363759,none,0
2025-03-14 06:00:00,AWS_002,24.32850802960185,1006.9925846209442,87.08326027527399,none,0
2025-03-14 07:00:00,AWS_002,25.73940730799978,1007.547507330733,92.27411590135641,none,0
2025-03-14 08:00:00,AWS_002,27.36342265473158,1007.3970080724349,88.52214463074829,none,0
2025-03-14 09:00:00,AWS_002,28.081022793154123,1008.0412936321611,88.4788124073912,none,0
2025-03-14 10:00:00,AWS_002,28.984790707007264,1008.1323822323195,87.30579348072318,none,0
2025-03-14 11:00:00,AWS_002,28.500689742887293,1008.8344136971302,89.71127997479935,none,0
2025-03-14 12:00:00,AWS_002,29.420490664579784,1007.8777814107511,91.57410031647275,none,0
2025-03-14 13:00:00,AWS_002,29.24629891020876,1008.0627885900269,89.7603481796261,none,0
2025-03-14 14:00:00,AWS_002,29.443827354964302,1008.087501835971,92.00571967807831,none,0
2025-03-14 15:00:00,AWS_002,27.945194101504516,1007.7483725367847,88.76953535358507,none,0
2025-03-14 16:00:00,AWS_002,,,,dropout,1
2025-03-14 17:00:00,AWS_002,,,,dropout,1
2025-03-14 18:00:00,AWS_002,,,,dropout,1
2025-03-14 19:00:00,AWS_002,,,,dropout,1
2025-03-14 20:00:00,AWS_002,20.390277486612234,1006.5209339093371,96.13456984013426,none,0
2025-03-14 21:00:00,AWS_002,20.040906675805168,1006.0084754781461,94.76474126939608,none,0
2025-03-14 22:00:00,AWS_002,19.305574708355266,1005.9124203339745,98.42472342702408,none,0
2025-03-14 23:00:00,AWS_002,18.060643383856153,1005.7777877602397,94.97418012855158,none,0
2025-03-15 00:00:00,AWS_002,18.028997236009737,1005.6527216406658,100.0,none,0
2025-03-15 01:00:00,AWS_002,18.46482206006456,1005.80556698784,98.32525831099801,none,0
2025-03-15 02:00:00,AWS_002,18.54476172970824,1006.572369674859,97.40208505932573,none,0
2025-03-15 03:00:00,AWS_002,19.800909082254286,1006.4241733495996,93.98968690453093,none,0
2025-03-15 04:00:00,AWS_002,20.406251507019036,1006.0292659970551,100.0,none,0
2025-03-15 05:00:00,AWS_002,21.565358205120976,1007.2188157857521,94.68619841816057,none,0
2025-03-15 06:00:00,AWS_002,23.605081055834255,1006.9104190623508,92.11474709797204,none,0
2025-03-15 07:00:00,AWS_002,25.91832739378587,1007.742997270468,96.99048933985269,none,0
2025-03-15 08:00:00,AWS_002,26.879713545576468,1007.6366000956419,91.34170409836126,none,0
2025-03-15 09:00:00,AWS_002,27.658343184734537,1007.7980172245608,94.27335053804828,none,0
2025-03-15 10:00:00,AWS_002,29.29785391775776,1007.6060554787284,88.8189687175802,none,0
2025-03-15 11:00:00,AWS_002,30.222385769523104,1008.0603527169374,80.66446649313536,none,0
2025-03-15 12:00:00,AWS_002,29.57522712567171,1008.3876398122529,87.58076258317978,none,0
2025-03-15 13:00:00,AWS_002,29.987486538393163,1008.6764000132478,84.89000113209912,none,0
2025-03-15 14:00:00,AWS_002,30.023647564473233,1008.2075409779079,86.76737893484507,none,0
2025-03-15 15:00:00,AWS_002,28.0621121492146,1008.1793886303753,87.74679672989355,none,0
2025-03-15 16:00:00,AWS_002,27.019216716821102,1007.5572485383517,89.27504947075516,none,0
2025-03-15 17:00:00,AWS_002,25.23418017979641,1007.7712425746871,96.93580369205802,none,0
2025-03-15 18:00:00,AWS_002,23.397016157398177,1006.9465303545995,95.03464077816028,frozen,1
2025-03-15 19:00:00,AWS_002,23.397016157398177,1006.9465303545995,95.03464077816028,frozen,1
2025-03-15 20:00:00,AWS_002,23.397016157398177,1006.9465303545995,95.03464077816028,frozen,1
2025-03-15 21:00:00,AWS_002,23.397016157398177,1006.9465303545995,95.03464077816028,frozen,1
2025-03-15 22:00:00,AWS_002,23.397016157398177,1006.9465303545995,95.03464077816028,frozen,1
2025-03-15 23:00:00,AWS_002,19.003456114157174,1006.0269764156482,95.60894108646491,none,0
2025-03-16 00:00:00,AWS_002,17.866039239728536,1005.5282598209869,97.43653758224178,none,0
2025-03-16 01:00:00,AWS_002,18.271686870368622,1005.9601117333826,96.16130150189859,none,0
2025-03-16 02:00:00,AWS_002,19.136136215586212,1005.5786878272191,91.34643897450503,none,0
2025-03-16 03:00:00,AWS_002,19.521777417527147,1006.574332172826,95.34139131608478,none,0
2025-03-16 04:00:00,AWS_002,20.622976889492115,1006.5909808055883,90.55350313107101,none,0
2025-03-16 05:00:00,AWS_002,22.267761074594794,1006.99143935083,94.40631047746383,none,0
2025-03-16 06:00:00,AWS_002,23.595434723312323,1007.1851466061096,95.05644174299358,none,0
2025-03-16 07:00:00,AWS_002,25.644144183238325,1007.5993839193036,93.81927831514254,none,0
2025-03-16 08:00:00,AWS_002,27.12986735395024,1007.8138041799583,89.91075183602642,none,0
2025-03-16 09:00:00,AWS_002,28.044171173693503,1007.8875495457027,86.9665992471301,none,0
2025-03-16 10:00:00,AWS_002,28.387762376591194,1008.2266761642205,88.73510068976447,none,0
2025-03-16 11:00:00,AWS_002,29.610423231219947,1008.6238876525459,85.42166720249595,none,0
2025-03-16 12:00:00,AWS_002,29.50861333064733,1008.2433912956336,95.98610107565554,none,0
2025-03-16 13:00:00,AWS_002,29.65753923243339,1008.5387261511794,85.24616667711793,none,0
2025-03-16 14:00:00,AWS_002,29.36863710869147,1008.5004144105507,86.7036832214535,none,0
2025-03-16 15:00:00,AWS_002,28.90154462792658,1007.5011182325713,89.54281376072731,none,0
2025-03-16 16:00:00,AWS_002,27.603434756028427,1007.5657751192598,88.225244514963,none,0
2025-03-16 17:00:00,AWS_002,25.07783396392605,1007.4040311551038,91.7661672568829,none,0
2025-03-16 18:00:00,AWS_002,24.128602843644423,1007.4434559054974,92.34058431270407,none,0
2025-03-16 19:00:00,AWS_002,22.290929438000653,1006.9204297231319,94.8022351377311,none,0
2025-03-16 20:00:00,AWS_002,21.159368786733822,1006.8677743398217,97.13013890547207,none,0
2025-03-16 21:00:00,AWS_002,20.556915429967958,1006.6264548894976,95.54136907234968,none,0
2025-03-16 22:00:00,AWS_002,19.170676468733713,1005.466658025805,93.6857196946047,none,0
2025-03-16 23:00:00,AWS_002,18.473844831695523,1005.8306129738558,94.18408485857877,none,0
2025-03-17 00:00:00,AWS_002,17.930595629004046,1005.7043394263793,95.92813556180003,none,0
2025-03-17 01:00:00,AWS_002,18.044619125818535,1005.9708077663487,97.16221296887294,none,0
2025-03-17 02:00:00,AWS_002,18.8038140873707,1006.1955456341954,92.97840923542208,none,0
2025-03-17 03:00:00,AWS_002,20.128598832906498,1006.4075151639368,94.50471122693695,none,0
2025-03-17 04:00:00,AWS_002,21.764019167917294,1006.5730196731884,89.29370869397795,none,0
2025-03-17 05:00:00,AWS_002,22.82371897504399,1006.8043227014231,91.31037751226837,none,0
2025-03-17 06:00:00,AWS_002,24.073867840983354,1007.3396864647935,93.39465841697137,none,0
2025-03-17 07:00:00,AWS_002,25.674997562563618,1007.9635968154523,94.74929188284158,none,0
2025-03-17 08:00:00,AWS_002,27.456235411825862,1007.4732118061812,84.59789955489013,none,0
2025-03-17 09:00:00,AWS_002,29.087596893672178,1008.2206496086044,87.22724179328068,none,0
2025-03-17 10:00:00,AWS_002,30.172893043337503,1008.5820407952144,82.68758613671594,none,0
2025-03-17 11:00:00,AWS_002,29.58157111905187,1008.2752797379919,86.72206416043498,none,0
2025-03-17 12:00:00,AWS_002,29.594062879981955,1008.6073420048647,93.63420431296552,none,0
2025-03-17 13:00:00,AWS_002,30.34179731961902,1008.1956108783858,85.29869415461562,none,0
2025-03-17 14:00:00,AWS_002,29.71474469259562,1008.1863213196661,86.83183430979916,none,0
2025-03-17 15:00:00,AWS_002,28.851578469794624,1008.0546842819213,89.69229964923868,none,0
2025-03-17 16:00:00,AWS_002,27.874024041227287,1008.0411163635115,87.22075762529201,none,0
2025-03-17 17:00:00,AWS_002,25.663307531253512,1007.76751272852,89.77354246834076,none,0
2025-03-17 18:00:00,AWS_002,24.524672820938168,1006.9479220731631,94.22730174291557,none,0
2025-03-17 19:00:00,AWS_002,22.209477802425642,1006.8895723189868,91.17223168113493,none,0
2025-03-17 20:00:00,AWS_002,21.70500768998695,1006.6752388335149,97.90592836882351,none,0
2025-03-17 21:00:00,AWS_002,19.906853553433358,1006.3801420938485,98.65996327813157,none,0
2025-03-17 22:00:00,AWS_002,18.943944760678722,1006.2061359503856,93.08607982381334,none,0
2025-03-17 23:00:00,AWS_002,17.953068779588534,1005.8699510974865,99.25320373051589,none,0
2025-03-18 00:00:00,AWS_002,18.767976245913445,1005.787066106714,100.0,none,0
2025-03-18 01:00:00,AWS_002,18.79463705595791,1006.0936933014314,100.0,none,0
2025-03-18 02:00:00,AWS_002,19.27598046204989,1005.5714126669923,97.64621086177466,none,0
2025-03-18 03:00:00,AWS_002,19.42486110252906,1006.3421139973062,89.91707033627485,none,0
2025-03-18 04:00:00,AWS_002,20.9065604925673,1006.5060047294711,97.54216873591433,none,0
2025-03-18 05:00:00,AWS_002,23.09666905656597,1007.1818263868311,90.9087475775768,none,0
2025-03-18 06:00:00,AWS_002,24.15980310030395,1007.3872116500524,89.78858271930976,none,0
2025-03-18 07:00:00,AWS_002,25.846572999559726,1007.3458182196812,85.57669165632755,none,0
2025-03-18 08:00:00,AWS_002,27.359528926188382,1007.7621708479007,91.47903559359517,none,0
2025-03-18 09:00:00,AWS_002,28.295077647031995,1008.0032823183442,85.44913220281998,none,0
2025-03-18 10:00:00,AWS_002,29.863640744083696,1008.0073905081715,92.12938056070723,none,0
2025-03-18 11:00:00,AWS_002,29.2152429268167,1007.9190212213841,86.58640146993909,none,0
2025-03-18 12:00:00,AWS_002,30.892066339265853,1008.6447136256643,82.20134368776654,none,0
2025-03-18 13:00:00,AWS_002,30.666817411728328,1008.6221017443288,89.7215269336625,none,0
2025-03-18 14:00:00,AWS_002,29.6243007704286,1007.8986132486307,88.52227286905404,none,0
2025-03-18 15:00:00,AWS_002,28.79622166428744,1007.609595082379,89.90352282574965,none,0
2025-03-18 16:00:00,AWS_002,27.198101268059144,1007.7967272320017,86.09612628184826,none,0
2025-03-18 17:00:00,AWS_002,26.548037495198752,1007.777916063863,93.00685163053024,none,0
2025-03-18 18:00:00,AWS_002,24.015108556885913,1006.9443084263007,97.0612688104499,frozen,1
2025-03-18 19:00:00,AWS_002,24.015108556885913,1006.9443084263007,97.0612688104499,frozen,1
2025-03-18 20:00:00,AWS_002,24.015108556885913,1006.9443084263007,97.0612688104499,frozen,1
2025-03-18 21:00:00,AWS_002,24.015108556885913,1006.9443084263007,97.0612688104499,frozen,1
2025-03-18 22:00:00,AWS_002,24.015108556885913,1006.9443084263007,97.0612688104499,frozen,1
2025-03-18 23:00:00,AWS_002,24.015108556885913,1046.9443084263007,97.0612688104499,spike,1
2025-03-19 00:00:00,AWS_002,24.015108556885913,1006.9443084263007,97.0612688104499,frozen,1
2025-03-19 01:00:00,AWS_002,24.015108556885913,1006.9443084263007,97.0612688104499,frozen,1
2025-03-19 02:00:00,AWS_002,18.64953316679046,1006.1391835243046,100.0,none,0
2025-03-19 03:00:00,AWS_002,20.107820256843745,1006.8821384640652,95.8347064072939,none,0
2025-03-19 04:00:00,AWS_002,21.478889615956206,1006.7294618585386,95.3068053311338,none,0
2025-03-19 05:00:00,AWS_002,22.86320474728202,1006.7898898894425,90.88676998837609,none,0
2025-03-19 06:00:00,AWS_002,23.663005361399044,1007.6748774272363,93.95646981990176,none,0
2025-03-19 07:00:00,AWS_002,25.869013063939946,1008.1335528071986,88.76430200020933,none,0
2025-03-19 08:00:00,AWS_002,27.53548115644576,1007.5207531561564,93.22776879622772,none,0
2025-03-19 09:00:00,AWS_002,29.333652612721366,1008.0198632208757,88.31405755408855,none,0
2025-03-19 10:00:00,AWS_002,29.6311692624733,1008.5128485779283,87.5315175750059,none,0
2025-03-19 11:00:00,AWS_002,29.61455468887664,1008.4961711539223,89.36420740460645,none,0
2025-03-19 12:00:00,AWS_002,29.986543809161496,1008.2291766838234,91.28708589554309,none,0
2025-03-19 13:00:00,AWS_002,29.730840895768782,1008.6332543647741,83.61569162035906,none,0
2025-03-19 14:00:00,AWS_002,30.034630754215467,1008.3639506134366,84.14121237345223,none,0
2025-03-19 15:00:00,AWS_002,28.895160535379354,1008.4735237697089,88.5071889250892,none,0
2025-03-19 16:00:00,AWS_002,26.662233514292733,1008.6168901492391,96.14910074981867,none,0
2025-03-19 17:00:00,AWS_002,25.656739332864426,1007.9975236421559,88.31393150181962,none,0
2025-03-19 18:00:00,AWS_002,24.879049154074984,1007.2948834006706,89.69189369819874,none,0
2025-03-19 19:00:00,AWS_002,22.425423160986103,1006.8450933733717,94.5820245120793,none,0
2025-03-19 20:00:00,AWS_002,21.560111645634805,1006.6783843008772,93.97959185283061,none,0
2025-03-19 21:00:00,AWS_002,19.968599441149255,1005.9757177903491,93.5375173921221,none,0
2025-03-19 22:00:00,AWS_002,19.24367474920644,1005.9012781631845,95.44431410879776,none,0
2025-03-19 23:00:00,AWS_002,18.360376423615868,1005.8787920697974,98.6730874431298,none,0
2025-03-20 00:00:00,AWS_002,17.794149334285347,1006.8710681637723,91.72243147674708,none,0
2025-03-20 01:00:00,AWS_002,18.165393426528297,1006.1022301101679,96.54407854184197,frozen,1
2025-03-20 02:00:00,AWS_002,18.165393426528297,1006.1022301101679,96.54407854184197,frozen,1
2025-03-20 03:00:00,AWS_002,18.165393426528297,1006.1022301101679,96.54407854184197,frozen,1
2025-03-20 04:00:00,AWS_002,18.165393426528297,1006.1022301101679,96.54407854184197,frozen,1
2025-03-20 05:00:00,AWS_002,18.165393426528297,1006.1022301101679,96.54407854184197,frozen,1
2025-03-20 06:00:00,AWS_002,18.165393426528297,1006.1022301101679,96.54407854184197,frozen,1
2025-03-20 07:00:00,AWS_002,18.165393426528297,1006.1022301101679,96.54407854184197,frozen,1
2025-03-20 08:00:00,AWS_002,18.165393426528297,1006.1022301101679,96.54407854184197,frozen,1
2025-03-20 09:00:00,AWS_002,28.89204981253658,1007.8410221067352,91.10769960587744,none,0
2025-03-20 10:00:00,AWS_002,29.770740585346633,1008.3317274655157,84.18320362337849,none,0
2025-03-20 11:00:00,AWS_002,29.862794315214572,1008.5622422774102,88.74652233904926,none,0
2025-03-20 12:00:00,AWS_002,29.64296988405663,1008.0645737077876,87.55040225349407,none,0
2025-03-20 13:00:00,AWS_002,29.925049176951024,1008.6183406636623,87.92776682024528,none,0
2025-03-20 14:00:00,AWS_002,29.345621969512525,1007.9361370430595,89.18264195147523,none,0
2025-03-20 15:00:00,AWS_002,28.81291737684918,1007.801364230118,84.95817157810544,none,0
2025-03-20 16:00:00,AWS_002,27.2317481694381,1008.2896728960317,94.32052927677842,none,0
2025-03-20 17:00:00,AWS_002,25.9072156262008,1008.2521748889677,91.812145351726,none,0
2025-03-20 18:00:00,AWS_002,24.7672089585794,1006.8391255574492,88.02269086499908,none,0
2025-03-20 19:00:00,AWS_002,23.0499789178169,1006.7978066061027,93.39338315831372,none,0
2025-03-20 20:00:00,AWS_002,21.224442786224955,1006.2534444383109,97.23316026153076,none,0
2025-03-20 21:00:00,AWS_002,20.604509392267026,1006.5652880760244,92.01983419357182,none,0
2025-03-20 22:00:00,AWS_002,19.417892543008684,1006.5664713502368,95.53258385384764,none,0
2025-03-20 23:00:00,AWS_002,19.31622709005017,1006.2508266065012,94.60000090405786,none,0
2025-03-21 00:00:00,AWS_002,18.169411097187393,1006.9244442170251,98.2432693711827,none,0
2025-03-21 01:00:00,AWS_002,18.70011184237858,1005.9155980443485,100.0,none,0
2025-03-21 02:00:00,AWS_002,19.07455890569677,1005.9431903139673,97.00880046872003,none,0
2025-03-21 03:00:00,AWS_002,19.735538547160193,1006.5583886681633,92.65341913281638,none,0
2025-03-21 04:00:00,AWS_002,21.029745438855876,1007.0818295784652,95.37919281456298,none,0
2025-03-21 05:00:00,AWS_002,22.96049241862517,1006.620073285639,92.63023180287578,none,0
2025-03-21 06:00:00,AWS_002,24.699567665416826,1006.987272308911,100.0,none,0
2025-03-21 07:00:00,AWS_002,25.82469129300279,1007.7627506073903,89.41913698252291,none,0
2025-03-21 08:00:00,AWS_002,27.388614494078034,1008.1167371395057,88.70953552117756,none,0
2025-03-21 09:00:00,AWS_002,29.21891882191151,1008.1381313897585,89.23185549786534,none,0
2025-03-21 10:00:00,AWS_002,29.613490285320168,1008.4555056262973,91.09191279407412,none,0
2025-03-21 11:00:00,AWS_002,30.090906813811614,1008.750314828347,92.13136886876082,none,0
2025-03-21 12:00:00,AWS_002,30.843095818562347,1007.8802729892082,87.00499248825324,none,0
2025-03-21 13:00:00,AWS_002,30.0758093226742,1009.1398198928691,92.39993123671692,none,0
2025-03-21 14:00:00,AWS_002,29.912899150892578,1008.7478325274305,86.61140788691472,none,0
2025-03-21 15:00:00,AWS_002,28.55225671466183,1008.31088889206,86.08869477491929,none,0
2025-03-21 16:00:00,AWS_002,27.511204584334312,1008.1823739909429,90.33778354657483,none,0
2025-03-21 17:00:00,AWS_002,25.940078227677912,1007.5242344641921,91.8504695915347,none,0
2025-03-21 18:00:00,AWS_002,24.28333389656094,1007.325061033964,99.24375561800548,none,0
2025-03-21 19:00:00,AWS_002,23.002162007134604,1006.8927187429641,94.9369373183083,none,0
2025-03-21 20:00:00,AWS_002,22.230538325495477,1006.7558139514589,93.13466445399504,none,0
2025-03-21 21:00:00,AWS_002,20.548343967299214,1006.4608327756619,90.06520316140703,none,0
2025-03-21 22:00:00,AWS_002,19.311590054817337,1006.3928533377276,97.41709012355666,none,0
2025-03-21 23:00:00,AWS_002,19.247417009260268,1006.6405879977094,100.0,none,0
2025-03-22 00:00:00,AWS_002,17.788499194300925,1006.4561529463773,94.73520033110256,none,0
2025-03-22 01:00:00,AWS_002,18.791539462085396,1006.5303947871488,96.67305191230015,none,0
2025-03-22 02:00:00,AWS_002,19.036274459838936,1006.3745496500253,98.36697675490821,none,0
2025-03-22 03:00:00,AWS_002,19.818915054664227,1006.135417785403,100.0,none,0
2025-03-22 04:00:00,AWS_002,21.317402169061033,1007.3740939467581,93.02202446600141,none,0
2025-03-22 05:00:00,AWS_002,22.925601703738756,1007.087527052359,95.10735190597094,none,0
2025-03-22 06:00:00,AWS_002,24.115692784138908,1007.701367023782,92.68547721675858,none,0
2025-03-22 07:00:00,AWS_002,26.149499838414084,1007.8402078578521,91.69817263123336,none,0
2025-03-22 08:00:00,AWS_002,26.903409111276602,1008.0351008428347,87.05423767261269,none,0
2025-03-22 09:00:00,AWS_002,29.00559631080374,1008.3439888825592,83.94795017662297,none,0
2025-03-22 10:00:00,AWS_002,29.965590488885287,1008.6446494062354,84.8983917086073,none,0
2025-03-22 11:00:00,AWS_002,31.171638433703716,1008.5800855412816,80.58609577334512,none,0
2025-03-22 12:00:00,AWS_002,30.828532726949714,1008.2594832100018,84.00891331413186,none,0
2025-03-22 13:00:00,AWS_002,30.211615501955574,1008.384646195474,90.52920599343042,none,0
2025-03-22 14:00:00,AWS_002,29.547576974992737,1008.778374025425,90.58192959371041,none,0
2025-03-22 15:00:00,AWS_002,28.988803607045618,1008.4130857048759,88.78083794849773,none,0
2025-03-22 16:00:00,AWS_002,27.749751716164596,1008.0938264208895,91.67267181759334,none,0
2025-03-22 17:00:00,AWS_002,25.575273219816044,1008.2570047103039,86.60314748352812,none,0
2025-03-22 18:00:00,AWS_002,23.896969592160744,1007.7800563396506,93.32728469805197,none,0
2025-03-22 19:00:00,AWS_002,23.330277400914937,1006.8920531010505,94.54852886865696,none,0
2025-03-22 20:00:00,AWS_002,21.750944187451847,1006.8870662394788,86.08924528579053,none,0
2025-03-22 21:00:00,AWS_002,19.88290076165348,1006.4112598428264,93.16754547727962,none,0
2025-03-22 22:00:00,AWS_002,19.95359601272615,1006.1215151258847,94.39842638565287,none,0
2025-03-22 23:00:00,AWS_002,18.906820574365216,1006.4161671533421,93.71430869072171,none,0
2025-03-23 00:00:00,AWS_002,18.459081619508602,1005.7838905190482,89.58271396547734,none,0
2025-03-23 01:00:00,AWS_002,18.71719017807457,1006.6695072345775,99.21857436476408,none,0
2025-03-23 02:00:00,AWS_002,19.627535927325294,1006.9364600250339,95.57426259364581,none,0
2025-03-23 03:00:00,AWS_002,20.315282084390372,1006.4798108527672,93.59448847812116,none,0
2025-03-23 04:00:00,AWS_002,21.539787492867365,1006.7198576210648,100.0,none,0
2025-03-23 05:00:00,AWS_002,23.417221208832782,1007.1947786939337,91.6955634722819,none,0
2025-03-23 06:00:00,AWS_002,24.222613927576102,1007.1921855982081,88.4774088239517,none,0
2025-03-23 07:00:00,AWS_002,26.293003844345606,1008.0925073132606,87.35522546415226,none,0
2025-03-23 08:00:00,AWS_002,27.746349060099543,1007.9230165902287,92.24396075918798,none,0
2025-03-23 09:00:00,AWS_002,29.350433032737563,1008.5054674968009,88.10804406134983,none,0
2025-03-23 10:00:00,AWS_002,30.002743659374815,1008.6312238259111,83.42670500965177,none,0
2025-03-23 11:00:00,AWS_002,30.794538851074833,1008.8128230808803,87.5501717371891,none,0
2025-03-23 12:00:00,AWS_002,31.048154811600995,1008.4766665247123,83.6313436985014,none,0
2025-03-23 13:00:00,AWS_002,30.947736533178464,1008.1338500458752,88.22505634654885,none,0
2025-03-23 14:00:00,AWS_002,29.57503160961784,1008.7376232945256,90.40293656819549,none,0
2025-03-23 15:00:00,AWS_002,28.828019710434766,1008.4099757140847,87.0903944284842,none,0
2025-03-23 16:00:00,AWS_002,27.630252459782728,1008.1365171586649,90.79725713555653,none,0
2025-03-23 17:00:00,AWS_002,27.026189350439928,1008.1254715408032,92.4321911501715,none,0
2025-03-23 18:00:00,AWS_002,25.144744033455833,1007.1410065148352,85.92496290763216,none,0
2025-03-23 19:00:00,AWS_002,23.35389334379312,1006.962342731832,95.6986554557361,none,0
2025-03-23 20:00:00,AWS_002,21.94569973308647,1006.5122988793053,93.6891732957487,drift,1
2025-03-23 21:00:00,AWS_002,20.496048123705574,1007.8565870773292,98.3731781022538,drift,1
2025-03-23 22:00:00,AWS_002,20.06187843805681,1007.852321310689,96.69030797331709,drift,1
2025-03-23 23:00:00,AWS_002,18.872223691842326,1008.6035425234386,100.0,drift,1
2025-03-24 00:00:00,AWS_002,19.034346944469945,1008.7099006904776,100.0,drift,1
2025-03-24 01:00:00,AWS_002,19.084545154144646,1009.3784215087578,92.67624816358554,drift,1
2025-03-24 02:00:00,AWS_002,19.19777634906796,1010.5945243306722,92.65720190501361,drift,1
2025-03-24 03:00:00,AWS_002,20.972122867730253,1011.6210899020982,93.19969210825082,drift,1
2025-03-24 04:00:00,AWS_002,21.99530913334456,1012.42663387464,96.73200194766643,drift,1
2025-03-24 05:00:00,AWS_002,23.221443512579835,1013.3270093664244,92.43232526054584,drift,1
2025-03-24 06:00:00,AWS_002,24.379967961327164,1014.7811402871748,91.92072577953901,drift,1
2025-03-24 07:00:00,AWS_002,26.59987584003572,1015.0761803907307,83.42451997845356,drift,1
2025-03-24 08:00:00,AWS_002,27.51151841857854,1016.8955338703947,93.99931318826103,drift,1
2025-03-24 09:00:00,AWS_002,33.87534763584105,1017.3951692746442,98.0,thermo_inconsistent,1
2025-03-24 10:00:00,AWS_002,30.438441989587016,1017.7678689060709,87.94051881798919,drift,1
2025-03-24 11:00:00,AWS_002,30.544031899160654,1018.869578336267,93.07343896087752,drift,1
2025-03-24 12:00:00,AWS_002,,,,drift,1
2025-03-24 13:00:00,AWS_002,,,,drift,1
2025-03-24 14:00:00,AWS_002,,,,drift,1
2025-03-24 15:00:00,AWS_002,,,,drift,1
2025-03-24 16:00:00,AWS_002,,,,drift,1
2025-03-24 17:00:00,AWS_002,26.7666994787392,1022.3670453720165,91.9585522532773,drift,1
2025-03-24 18:00:00,AWS_002,24.639763360921837,1022.9708964749823,88.17173708681858,drift,1
2025-03-24 19:00:00,AWS_002,23.324462431123532,1022.6436200862404,91.50104671066748,drift,1
2025-03-24 20:00:00,AWS_002,22.1165149361867,1006.9446604549935,93.8158232920193,none,0
2025-03-24 21:00:00,AWS_002,21.15083803851407,1007.0312353410944,99.80812661729857,none,0
2025-03-24 22:00:00,AWS_002,19.307683480407697,1006.9326497298221,93.07068237581059,none,0
2025-03-24 23:00:00,AWS_002,18.80911252838379,1006.4586548650144,90.75002826877238,none,0
2025-03-25 00:00:00,AWS_002,17.981258735040075,1006.2362173440246,100.0,none,0
2025-03-25 01:00:00,AWS_002,27.84697152024107,995.330617671608,98.0,multivariate_inconsistent,1
2025-03-25 02:00:00,AWS_002,19.60500693325742,1006.9486996683629,93.08421754524689,none,0
2025-03-25 03:00:00,AWS_002,20.589978081911077,1006.2017254897535,99.00033436699054,none,0
2025-03-25 04:00:00,AWS_002,22.528272498937817,1007.16179915682,92.0752132890328,none,0
2025-03-25 05:00:00,AWS_002,22.82054965013652,1007.285665761916,97.11072540152361,none,0
2025-03-25 06:00:00,AWS_002,24.18025578129185,1007.4699823746707,88.37716295868066,none,0
2025-03-25 07:00:00,AWS_002,25.970915241356426,1008.0644544451487,89.10096489413597,none,0
2025-03-25 08:00:00,AWS_002,28.082230883732173,1007.8602401795075,89.29825512521151,none,0
2025-03-25 09:00:00,AWS_002,28.447344331619195,1008.5250109030551,89.55510116743108,none,0
2025-03-25 10:00:00,AWS_002,29.586128514228303,1008.7244892355016,86.86202591303308,none,0
2025-03-25 11:00:00,AWS_002,30.799804688641164,1009.33803489306,82.78191253053916,none,0
2025-03-25 12:00:00,AWS_002,30.36682051940815,1008.9312433603491,84.51492213270527,none,0
2025-03-25 13:00:00,AWS_002,30.32663421431427,1008.8054658669328,83.29269810952843,none,0
2025-03-25 14:00:00,AWS_002,29.568588854818593,1008.5969584295405,89.01578900363909,none,0
2025-03-25 15:00:00,AWS_002,29.298017831125122,1008.7106424272795,86.46495434955266,none,0
2025-03-25 16:00:00,AWS_002,27.522410850791672,1008.2084572760867,86.49062424329047,none,0
2025-03-25 17:00:00,AWS_002,26.678501827804023,1008.0033181260976,95.00481700662179,none,0
2025-03-25 18:00:00,AWS_002,24.58282753421985,1007.9203335067236,87.76684965571388,none,0
2025-03-25 19:00:00,AWS_002,23.374648590274578,1007.0992708971229,88.67739738134075,none,0
2025-03-25 20:00:00,AWS_002,21.492710537506998,1006.7744514247379,93.21198631551185,none,0
2025-03-25 21:00:00,AWS_002,20.903911586695937,1006.3740919868575,94.75100243556324,none,0
2025-03-25 22:00:00,AWS_002,18.634224201578206,1006.9794250629885,97.24754934483494,none,0
2025-03-25 23:00:00,AWS_002,19.901645902961604,1006.82051823331,96.95942076489187,none,0
2025-03-26 00:00:00,AWS_002,18.983506358668606,1006.5357658994985,98.97279439650819,none,0
2025-03-26 01:00:00,AWS_002,18.557573500387683,1006.8969340933631,94.85236254523197,none,0
2025-03-26 02:00:00,AWS_002,19.33561600330796,1006.9851404596434,96.22450928542517,none,0
2025-03-26 03:00:00,AWS_002,20.57403625106437,1006.6718399435189,99.40443492546359,none,0
2025-03-26 04:00:00,AWS_002,21.90748449904824,1007.065652056295,90.17698972605794,none,0
2025-03-26 05:00:00,AWS_002,23.028287532015597,1007.7966148281362,94.58717448834257,none,0
2025-03-26 06:00:00,AWS_002,25.354424657791643,1007.7828998703282,91.47637079417544,none,0
2025-03-26 07:00:00,AWS_002,26.375770133928167,1008.2085721726012,90.81906334762598,none,0
2025-03-26 08:00:00,AWS_002,27.59136110804273,1007.9346151848619,84.5929146697851,none,0
2025-03-26 09:00:00,AWS_002,29.146762647227273,1008.6891648870071,88.13310048123266,none,0
2025-03-26 10:00:00,AWS_002,30.47273457305925,1008.1068713512462,89.57523517641381,none,0
2025-03-26 11:00:00,AWS_002,30.121256064175707,1009.1155886814472,86.50825733123939,none,0
2025-03-26 12:00:00,AWS_002,30.57329633174421,1008.2767081295915,85.37674066802829,none,0
2025-03-26 13:00:00,AWS_002,31.167656052149503,1008.687862297061,87.86947977254975,none,0
2025-03-26 14:00:00,AWS_002,30.264029606767362,1008.8963669345685,86.6914534099579,none,0
2025-03-26 15:00:00,AWS_002,29.20044637247446,1008.4232352808151,83.7042331360459,none,0
2025-03-26 16:00:00,AWS_002,28.718619774140592,1008.3118519994789,83.16345478917704,none,0
2025-03-26 17:00:00,AWS_002,27.143924406899597,1007.7096332374314,90.71194740201845,none,0
2025-03-26 18:00:00,AWS_002,24.44651158240183,1008.1766355489747,88.50469541729053,none,0
2025-03-26 19:00:00,AWS_002,22.813824306341843,1007.6640911649564,83.0876469458564,none,0
2025-03-26 20:00:00,AWS_002,22.124825897545,1006.976098985048,93.61964925113267,none,0
2025-03-26 21:00:00,AWS_002,21.09216047297414,1007.3260848061221,92.0973886541456,none,0
2025-03-26 22:00:00,AWS_002,19.661843902038676,1006.471213016359,90.34159649941478,none,0
2025-03-26 23:00:00,AWS_002,19.34980899463798,1006.5479582883519,97.45725622394887,none,0
2025-03-27 00:00:00,AWS_002,18.686073212668582,1006.3296538671225,95.72412024154389,none,0
2025-03-27 01:00:00,AWS_002,19.499690892539356,1006.7671565843484,95.97853760930374,none,0
2025-03-27 02:00:00,AWS_002,19.276849750706987,1007.0262522810517,99.77361443352807,none,0
2025-03-27 03:00:00,AWS_002,20.835844969510266,1006.5841630312458,95.08926922282102,none,0
2025-03-27 04:00:00,AWS_002,22.235537705623457,1006.6032021160653,93.13859759079787,none,0
2025-03-27 05:00:00,AWS_002,23.34816695500869,1007.515125555313,88.68248514983996,none,0
2025-03-27 06:00:00,AWS_002,24.996110740152425,1007.7672900413714,91.02713315392148,none,0
2025-03-27 07:00:00,AWS_002,26.566710401984185,1008.1498160984269,86.42960465190406,none,0
2025-03-27 08:00:00,AWS_002,28.36351372432103,1008.2063384406629,93.24311211797277,none,0
2025-03-27 09:00:00,AWS_002,28.941666519246485,1008.9179063953974,83.56411860219153,none,0
2025-03-27 10:00:00,AWS_002,30.68580140328815,1008.7228668622384,86.14418229332715,none,0
2025-03-27 11:00:00,AWS_002,30.159701098134363,1008.7850362042853,86.32057515127013,none,0
2025-03-27 12:00:00,AWS_002,31.51891192422371,1008.5063775962137,83.60298270878657,none,0
2025-03-27 13:00:00,AWS_002,30.949525249705445,1008.8113426089811,82.60382106634542,none,0
2025-03-27 14:00:00,AWS_002,30.56269773753415,1008.5796434966991,87.97547215375843,none,0
2025-03-27 15:00:00,AWS_002,29.745776948026222,1048.483329703816,87.49803558941358,spike,1
2025-03-27 16:00:00,AWS_002,28.20489486908094,1008.2535729570515,93.13488407733102,none,0
2025-03-27 17:00:00,AWS_002,27.119716119827668,1008.4838473692516,89.4299395121061,none,0
2025-03-27 18:00:00,AWS_002,25.30058712997114,1008.0892457001306,93.56336576798665,none,0
2025-03-27 19:00:00,AWS_002,23.512531312105676,1007.3955501254592,92.6459572947912,none,0
2025-03-27 20:00:00,AWS_002,22.456017720082897,1007.6765518813896,94.30117224271281,none,0
2025-03-27 21:00:00,AWS_002,21.356431996951095,1006.7810892502544,98.65764730132136,none,0
2025-03-27 22:00:00,AWS_002,32.900807012329736,991.953690836458,98.0,multivariate_inconsistent,1
2025-03-27 23:00:00,AWS_002,22.64400435119451,1007.5757841755374,98.0,thermo_inconsistent,1
2025-03-28 00:00:00,AWS_002,18.21582606050989,1006.3257425294842,94.90435368987032,none,0
2025-03-28 01:00:00,AWS_002,19.301627702599657,1007.5469189643926,98.78595498808141,none,0
2025-03-28 02:00:00,AWS_002,19.888543071954732,1006.2627659385093,91.99570580366391,none,0
2025-03-28 03:00:00,AWS_002,20.808804609995757,1006.6549630482442,96.73982097220153,none,0
2025-03-28 04:00:00,AWS_002,22.55844697039247,1007.1554790049934,98.47045031994605,none,0
2025-03-28 05:00:00,AWS_002,23.9862527476939,1006.7967874381958,90.18965859888868,none,0
2025-03-28 06:00:00,AWS_002,25.422144411581627,1007.9946568010154,92.11234589171035,none,0
2025-03-28 07:00:00,AWS_002,25.547466227209604,1008.3069457327787,89.94786420291493,none,0
2025-03-28 08:00:00,AWS_002,28.680409530198695,1008.4715382024895,84.18387316034763,none,0
2025-03-28 09:00:00,AWS_002,29.085362709613904,1008.1741759563913,91.70582521198735,none,0
2025-03-28 10:00:00,AWS_002,29.191124712585676,1008.5048202981935,94.20455140488541,none,0
2025-03-28 11:00:00,AWS_002,30.96508397287202,1008.7377298399929,86.28266673926532,none,0
2025-03-28 12:00:00,AWS_002,31.01830493220026,1009.1382818703883,85.37343231024785,none,0
2025-03-28 13:00:00,AWS_002,30.756142332248864,1009.5887632987904,89.15508840562461,none,0
2025-03-28 14:00:00,AWS_002,30.906070775759172,1008.5695432281052,85.51356809999238,none,0
2025-03-28 15:00:00,AWS_002,29.249614962290153,1008.4685239990545,94.49213398275967,none,0
2025-03-28 16:00:00,AWS_002,27.746091307648573,1008.116754437749,87.68737364438815,none,0
2025-03-28 17:00:00,AWS_002,27.05773972589441,1008.2006873771215,92.78933229838815,none,0
2025-03-28 18:00:00,AWS_002,24.722742111367978,1007.3834136405011,91.02091708583266,none,0
2025-03-28 19:00:00,AWS_002,23.98696119925251,1007.557566915323,89.8861082627589,none,0
2025-03-28 20:00:00,AWS_002,21.73553445745872,1007.6195216316376,94.17949598929616,none,0
2025-03-28 21:00:00,AWS_002,21.17846089167849,1006.7192351226714,95.55173973155937,none,0
2025-03-28 22:00:00,AWS_002,20.724122964774097,1006.7901077355864,100.0,none,0
2025-03-28 23:00:00,AWS_002,19.748102480881805,1006.5852988642675,96.96906647945222,none,0
2025-03-29 00:00:00,AWS_002,18.87092874254276,1006.2063182060476,96.53389018402163,none,0
2025-03-29 01:00:00,AWS_002,18.698859717907464,1006.3891063193851,100.0,none,0
2025-03-29 02:00:00,AWS_002,19.780707055254627,1006.5882883582925,98.35475647156905,none,0
2025-03-29 03:00:00,AWS_002,20.279746629493076,1006.4342274644418,98.12150377962672,none,0
2025-03-29 04:00:00,AWS_002,22.742689517695002,1006.8022003874231,92.73366757631291,none,0
2025-03-29 05:00:00,AWS_002,24.029574412276187,1007.748259000218,89.14136345863787,none,0
2025-03-29 06:00:00,AWS_002,24.27431281606446,967.7168545184659,95.19608299866395,spike,1
2025-03-29 07:00:00,AWS_002,26.554473030305402,1007.8467288882971,92.743573753791,none,0
2025-03-29 08:00:00,AWS_002,28.38305311489131,1008.5548953173009,90.42028879860223,none,0
2025-03-29 09:00:00,AWS_002,29.810937119851868,1008.7530600898921,88.79260071239823,none,0
2025-03-29 10:00:00,AWS_002,29.909306109872904,1008.5032413661924,84.81128413129518,none,0
2025-03-29 11:00:00,AWS_002,31.00477209632637,1008.8940855105337,84.63816657354536,none,0
2025-03-29 12:00:00,AWS_002,30.731906044415936,1008.1916268586671,87.6886282376079,none,0
2025-03-29 13:00:00,AWS_002,30.844530782157126,1008.9010452794987,85.3916576680794,none,0
2025-03-29 14:00:00,AWS_002,30.716600991725358,1009.2562324791919,93.41841038125112,none,0
2025-03-29 15:00:00,AWS_002,28.63133271312826,1008.69834203849,89.94974604212229,none,0
2025-03-29 16:00:00,AWS_002,28.205496637143,1008.3095323236179,94.07961436265295,none,0
2025-03-29 17:00:00,AWS_002,27.097097827215535,1008.3356011639672,93.38545597783309,none,0
2025-03-29 18:00:00,AWS_002,24.53218872569178,1007.2736244797692,90.43594078544017,none,0
2025-03-29 19:00:00,AWS_002,,,,dropout,1
2025-03-29 20:00:00,AWS_002,,,,dropout,1
2025-03-29 21:00:00,AWS_002,,,,dropout,1
2025-03-29 22:00:00,AWS_002,,,,dropout,1
2025-03-29 23:00:00,AWS_002,,,,dropout,1
2025-03-30 00:00:00,AWS_002,,,,dropout,1
2025-03-30 01:00:00,AWS_002,19.838097363867337,1006.1475616168836,97.95960824546225,none,0
2025-03-30 02:00:00,AWS_002,20.070904583902852,1007.0231454924907,91.9597479416491,none,0
2025-03-30 03:00:00,AWS_002,20.7376663232617,1006.8492789517466,96.0995553493521,none,0
2025-03-30 04:00:00,AWS_002,22.545305195491927,1006.6629525734546,92.53424229562799,none,0
2025-03-30 05:00:00,AWS_002,23.315545264651096,1007.6309282411304,94.98835398114596,none,0
2025-03-30 06:00:00,AWS_002,24.99962640829675,1007.8424272943345,92.11562950808376,none,0
2025-03-30 07:00:00,AWS_002,26.634621251438148,1008.0763198463327,91.10821124131849,none,0
2025-03-30 08:00:00,AWS_002,28.135074132589917,1008.1211833516325,85.9861910637,none,0
2025-03-30 09:00:00,AWS_002,29.042699531039485,1008.6886972501254,89.14085790564702,none,0
2025-03-30 10:00:00,AWS_002,30.425374203915773,1008.8405375630924,89.04322180794361,none,0
2025-03-30 11:00:00,AWS_002,31.386731668942392,1008.6798666262033,78.69776624402189,none,0
2025-03-30 12:00:00,AWS_002,30.595231606349138,1009.3067610695074,89.3738195633306,none,0
2025-03-30 13:00:00,AWS_002,30.22636630796581,1008.9135021406594,87.45642214345511,none,0
2025-03-30 14:00:00,AWS_002,30.223056309482562,1008.8888072915422,88.12376821526742,none,0
2025-03-30 15:00:00,AWS_002,29.54763746892379,1008.6577193488738,87.59160231298485,none,0
2025-03-30 16:00:00,AWS_002,28.452869466858253,1008.3294438685119,86.9595569693586,none,0
2025-03-30 17:00:00,AWS_002,26.957212910184396,1007.8995795580348,88.37285949747056,none,0
2025-03-30 18:00:00,AWS_002,25.251524840867663,1007.7895631000337,92.63133194055888,none,0
2025-03-30 19:00:00,AWS_002,24.55742802896964,1007.1071319720385,96.1217111955641,none,0
2025-03-30 20:00:00,AWS_002,22.581653732906833,1007.3925743026057,88.63354894483876,none,0
2025-03-30 21:00:00,AWS_002,21.10147914281173,1006.8931376463063,94.37119334692284,none,0
2025-03-30 22:00:00,AWS_002,20.373643733654777,1006.8158328627807,96.56940465551942,none,0
2025-03-30 23:00:00,AWS_002,19.64108229608636,1006.8407509132218,97.82625732335556,none,0
2025-03-31 00:00:00,AWS_002,19.242606701606718,1006.6998271906074,96.91655397122499,none,0
2025-03-31 01:00:00,AWS_002,19.645610799790116,1006.669367349553,93.06594307793313,none,0
2025-03-31 02:00:00,AWS_002,19.972756414360738,1006.3880865502699,94.03131578002682,none,0
2025-03-31 03:00:00,AWS_002,20.91622293799635,1007.4674247412925,96.12710202292253,none,0
2025-03-31 04:00:00,AWS_002,22.853475064839397,1006.961511503287,91.92616865017155,none,0
2025-03-31 05:00:00,AWS_002,23.095954722721594,1006.9921689814787,90.52781636226021,none,0
2025-03-31 06:00:00,AWS_002,25.107132570840278,1007.9366089988063,87.7140138528644,none,0
2025-03-31 07:00:00,AWS_002,26.616748707347334,1007.9975524785293,86.41763294038877,none,0
2025-03-31 08:00:00,AWS_002,28.58622469714229,1008.0603830010778,87.60683145656024,none,0
2025-03-31 09:00:00,AWS_002,29.143689065781494,1008.4964960084143,89.23954902984042,none,0
2025-03-31 10:00:00,AWS_002,30.63183184729792,1008.3332678575961,82.47335168114908,none,0
2025-03-31 11:00:00,AWS_002,31.280881903097452,1008.7997606538223,92.59016408400399,none,0
2025-03-31 12:00:00,AWS_002,31.6237365101494,1009.0725257836879,84.96042742991334,none,0
2025-03-31 13:00:00,AWS_002,31.499679365391238,1009.6318531490765,84.94915544597932,none,0
2025-03-31 14:00:00,AWS_002,30.583239705317247,1009.2177659171398,82.00494218371334,none,0
2025-03-31 15:00:00,AWS_002,29.367476971525964,1009.1508566482448,85.50879950418759,none,0
2025-03-31 16:00:00,AWS_002,28.368469379367287,1008.4780524200295,83.44830128403586,none,0
2025-03-31 17:00:00,AWS_002,26.294553883536732,1008.2552112986972,93.61444720011468,none,0
2025-03-31 18:00:00,AWS_002,25.796895925461566,1008.0461784353308,91.06452902887747,none,0
2025-03-31 19:00:00,AWS_002,23.448980545456013,1007.3229028432937,95.02000043475206,none,0
2025-03-31 20:00:00,AWS_002,22.274788842460435,1007.1920799895646,97.16043368961182,none,0
2025-03-31 21:00:00,AWS_002,20.976603655163583,1007.35818039443,95.44011196459378,drift,1
2025-03-31 22:00:00,AWS_002,21.478700470469487,1006.8885551091684,96.71147546160748,drift,1
2025-03-31 23:00:00,AWS_002,20.385489345838394,1006.201287059191,98.31710115058165,drift,1
2025-01-01 00:00:00,AWS_003,15.431727860679219,1003.5704481784857,94.75285122147227,none,0
2025-01-01 01:00:00,AWS_003,16.251612573372697,1003.9573267912727,97.56309202873378,none,0
2025-01-01 02:00:00,AWS_003,16.367505046746075,1004.1258514284893,98.54319272262096,none,0
2025-01-01 03:00:00,AWS_003,16.50671402039038,1003.9945606354,100.0,none,0
2025-01-01 04:00:00,AWS_003,17.943986628807775,1004.4534732768205,99.92457216956171,none,0
2025-01-01 05:00:00,AWS_003,19.973041606737812,1004.7129144185112,97.28573805353717,none,0
2025-01-01 06:00:00,AWS_003,21.163908633331953,1004.6271251110845,91.53421626854816,none,0
2025-01-01 07:00:00,AWS_003,23.211407981629034,1005.1294793096592,91.49098359158461,none,0
2025-01-01 08:00:00,AWS_003,23.404625270985115,1005.7056724438021,92.16389747962495,none,0
2025-01-01 09:00:00,AWS_003,26.269349030015796,1006.2861873722701,90.97688560049544,none,0
2025-01-01 10:00:00,AWS_003,27.131710181388467,1005.9002250035584,88.87796997857357,none,0
2025-01-01 11:00:00,AWS_003,,,,dropout,1
2025-01-01 12:00:00,AWS_003,,,,dropout,1
2025-01-01 13:00:00,AWS_003,,,,dropout,1
2025-01-01 14:00:00,AWS_003,,,,dropout,1
2025-01-01 15:00:00,AWS_003,,,,dropout,1
2025-01-01 16:00:00,AWS_003,23.98722372132357,1006.0461570697287,88.04994064886978,none,0
2025-01-01 17:00:00,AWS_003,22.37910474009529,1005.566287212454,91.43881646272509,none,0
2025-01-01 18:00:00,AWS_003,21.484663436225095,1004.7888012844635,92.78655614800473,none,0
2025-01-01 19:00:00,AWS_003,20.191475689947058,1004.9041975299083,94.63591283042936,none,0
2025-01-01 20:00:00,AWS_003,18.026690840878185,1004.4718429535478,99.43539808008181,none,0
2025-01-01 21:00:00,AWS_003,17.083478638670456,1004.2297972156174,97.9804532541784,none,0
2025-01-01 22:00:00,AWS_003,15.430171309103889,1004.4006621920333,99.04489917673088,none,0
2025-01-01 23:00:00,AWS_003,15.818292078268023,1003.2167003871363,100.0,none,0
2025-01-02 00:00:00,AWS_003,16.138446110999503,1003.4331715597575,100.0,none,0
2025-01-02 01:00:00,AWS_003,,,,dropout,1
2025-01-02 02:00:00,AWS_003,,,,dropout,1
2025-01-02 03:00:00,AWS_003,,,,dropout,1
2025-01-02 04:00:00,AWS_003,18.085434608143697,1004.1158693951529,96.15099217178896,none,0
2025-01-02 05:00:00,AWS_003,18.820702459822616,1004.9852934214435,96.74283325215875,none,0
2025-01-02 06:00:00,AWS_003,21.533208759785044,1004.5975230603193,92.82889269319887,none,0
2025-01-02 07:00:00,AWS_003,26.739488619626524,1006.1119210957729,98.0,thermo_inconsistent,1
2025-01-02 08:00:00,AWS_003,24.787160195877657,1005.8287819103621,90.84737460479819,none,0
2025-01-02 09:00:00,AWS_003,25.525949695404385,1005.9070165144843,90.04394489804473,none,0
2025-01-02 10:00:00,AWS_003,26.613456671626402,1006.4613981539418,91.10265503533647,none,0
2025-01-02 11:00:00,AWS_003,26.73210007328465,1005.9415136528726,85.69184833178433,none,0
2025-01-02 12:00:00,AWS_003,27.308466897260477,1005.9615135080472,89.43543867801385,none,0
2025-01-02 13:00:00,AWS_003,27.1037802195976,1006.1417627690558,90.69601114221025,none,0
2025-01-02 14:00:00,AWS_003,26.403624067845186,1005.6074867574251,91.6256843224035,none,0
2025-01-02 15:00:00,AWS_003,24.353886228373856,1006.5467166487923,87.82158111095042,none,0
2025-01-02 16:00:00,AWS_003,24.316612594996464,1005.4544587268739,96.79960740378023,none,0
2025-01-02 17:00:00,AWS_003,22.94512070480214,1005.2809215938073,95.34941666196335,none,0
2025-01-02 18:00:00,AWS_003,20.892113717102788,1004.6799831684095,91.05324673838663,none,0
2025-01-02 19:00:00,AWS_003,19.824866619059776,1004.1917697829572,96.09673997994352,none,0
2025-01-02 20:00:00,AWS_003,18.532653749571427,1004.6719995642837,93.30828143983315,none,0
2025-01-02 21:00:00,AWS_003,16.065400975503216,1004.0923374204896,96.1834943983601,none,0
2025-01-02 22:00:00,AWS_003,16.37003193990768,1003.7722534971035,96.19292485247827,none,0
2025-01-02 23:00:00,AWS_003,15.18108657604632,1004.4161992076308,100.0,none,0
2025-01-03 00:00:00,AWS_003,14.703230743303791,1003.9360070070563,99.56570825269627,none,0
2025-01-03 01:00:00,AWS_003,15.441580046241954,1004.1589918003925,100.0,none,0
2025-01-03 02:00:00,AWS_003,20.093912174081904,1004.9108781613041,98.0,thermo_inconsistent,1
2025-01-03 03:00:00,AWS_003,16.726136275648805,1004.754766752876,100.0,none,0
2025-01-03 04:00:00,AWS_003,17.74344758481714,1004.3463491975845,100.0,none,0
2025-01-03 05:00:00,AWS_003,19.32780717561389,1004.7752228026359,96.26017354849085,none,0
2025-01-03 06:00:00,AWS_003,20.65737277926037,1005.1642328678229,97.803032162903,none,0
2025-01-03 07:00:00,AWS_003,22.467695124782495,1005.0734641946775,95.38664009172477,none,0
2025-01-03 08:00:00,AWS_003,23.70853383555024,1005.5933736792427,90.8412198352928,none,0
2025-01-03 09:00:00,AWS_003,24.84488521467334,1006.050834333813,93.67077355596622,none,0
2025-01-03 10:00:00,AWS_003,26.800700772787902,1005.8507165728652,97.02597339345473,none,0
2025-01-03 11:00:00,AWS_003,26.972877264352224,1006.4327386757618,83.62374691782415,none,0
2025-01-03 12:00:00,AWS_003,27.343465474300714,1006.6651242483937,89.8957294627218,none,0
2025-01-03 13:00:00,AWS_003,27.68020195138172,1005.739474111918,32.59601819067272,spike,1
2025-01-03 14:00:00,AWS_003,26.644440255224495,1006.1838676144561,87.05336237225242,none,0
2025-01-03 15:00:00,AWS_003,25.422122730287576,1005.4497096822781,86.176051467133,none,0
2025-01-03 16:00:00,AWS_003,23.720646190007717,1005.6800588232798,98.22072939932349,none,0
2025-01-03 17:00:00,AWS_003,23.056886640631568,1005.3456373611488,97.22682722934564,none,0
2025-01-03 18:00:00,AWS_003,21.372954197130394,1005.4965381916626,88.64019164518469,none,0
2025-01-03 19:00:00,AWS_003,20.052059998280484,1004.8776291150505,93.07762855838965,none,0
2025-01-03 20:00:00,AWS_003,18.124458216279596,1004.6882423221534,93.46014268173232,none,0
2025-01-03 21:00:00,AWS_003,16.782207021311272,1004.5955599889459,99.78806297068584,none,0
2025-01-03 22:00:00,AWS_003,15.11592819408403,1004.1190335574329,99.28673851133169,none,0
2025-01-03 23:00:00,AWS_003,15.610395825287162,1003.7972192824334,100.0,none,0
2025-01-04 00:00:00,AWS_003,14.536684969749746,1004.2438829086304,100.0,none,0
2025-01-04 01:00:00,AWS_003,15.171985284663371,1003.1822389237839,94.91189307683607,none,0
2025-01-04 02:00:00,AWS_003,16.177670263565027,1003.701472554589,100.0,none,0
2025-01-04 03:00:00,AWS_003,16.95410781087706,1004.1249775830184,92.45558727698887,none,0
2025-01-04 04:00:00,AWS_003,18.12800071413232,1005.1386539316342,98.04131840233073,none,0
2025-01-04 05:00:00,AWS_003,29.99834096675379,992.687218229711,98.0,multivariate_inconsistent,1
2025-01-04 06:00:00,AWS_003,20.431847160393655,1004.9758521962917,97.00708301267872,none,0
2025-01-04 07:00:00,AWS_003,22.739083316664818,1005.301657405065,95.4384953329553,none,0
2025-01-04 08:00:00,AWS_003,24.68727445586579,1005.4492102095485,95.7436316609933,none,0
2025-01-04 09:00:00,AWS_003,25.88801493611802,1006.1699479260428,93.3586401106336,none,0
2025-01-04 10:00:00,AWS_003,25.741691751351144,1005.934618810821,90.76167243966987,none,0
2025-01-04 11:00:00,AWS_003,27.35287812279691,1006.2515117845475,88.1640223832743,none,0
2025-01-04 12:00:00,AWS_003,27.346456026526543,1006.1239679654509,86.40524147448002,none,0
2025-01-04 13:00:00,AWS_003,26.5533249108611,1006.1469989394601,90.62435331908398,none,0
2025-01-04 14:00:00,AWS_003,25.798633068299193,1005.6449524203314,90.7568761178509,none,0
2025-01-04 15:00:00,AWS_003,25.347031120078256,1006.1225543668304,91.3543345996865,none,0
2025-01-04 16:00:00,AWS_003,24.74017681599415,1005.4473654948048,90.040312898354,none,0
2025-01-04 17:00:00,AWS_003,22.918105889053322,1005.7727480007284,90.70670123044758,none,0
2025-01-04 18:00:00,AWS_003,20.77406442244438,1005.2842481849931,94.98562719403267,none,0
2025-01-04 19:00:00,AWS_003,29.890359021291346,990.4832187114345,98.0,multivariate_inconsistent,1
2025-01-04 20:00:00,AWS_003,18.601121068932944,1004.691023020482,96.38150371611734,none,0
2025-01-04 21:00:00,AWS_003,-8.11282711593731,1004.0966617089641,98.18087965839803,spike,1
2025-01-04 22:00:00,AWS_003,15.779259107458886,1003.7452899346014,96.6933509298134,none,0
2025-01-04 23:00:00,AWS_003,15.56326137590731,1003.385438560364,97.96189429333526,none,0
2025-01-05 00:00:00,AWS_003,14.303241726603147,1003.6782010792268,98.06064239310408,none,0
2025-01-05 01:00:00,AWS_003,15.553358809272446,1004.0076319666598,91.33668147701769,none,0
2025-01-05 02:00:00,AWS_003,15.40561380170863,1004.2628231625584,99.32126819453433,none,0
2025-01-05 03:00:00,AWS_003,16.88901095912076,1004.2986673097357,99.60964705675076,none,0
2025-01-05 04:00:00,AWS_003,18.316504915557335,1004.588952972895,98.79912406058378,none,0
2025-01-05 05:00:00,AWS_003,19.555848870131676,1004.2602772913649,92.68482103147491,none,0
2025-01-05 06:00:00,AWS_003,20.857462243674558,1004.702013892651,94.02574373129373,none,0
2025-01-05 07:00:00,AWS_003,22.56187271457151,1005.2551225419354,97.16189769447654,none,0
2025-01-05 08:00:00,AWS_003,24.50605813893601,1005.5960812261878,90.52501439952157,none,0
2025-01-05 09:00:00,AWS_003,24.851151397589245,1005.96832010935,88.47077683658554,none,0
2025-01-05 10:00:00,AWS_003,25.994473418397778,1006.1952749680943,85.53516554829308,none,0
2025-01-05 11:00:00,AWS_003,27.096944260605706,1006.2760620553898,87.98299843480048,none,0
2025-01-05 12:00:00,AWS_003,27.500480257162994,1006.2417161383892,90.24943266314035,none,0
2025-01-05 13:00:00,AWS_003,26.95968427543405,1006.5636010120446,90.64498424825307,none,0
2025-01-05 14:00:00,AWS_003,26.147507275341543,1006.3287712346247,90.20127412898714,none,0
2025-01-05 15:00:00,AWS_003,30.21951548361071,1006.4177375823344,98.0,thermo_inconsistent,1
2025-01-05 16:00:00,AWS_003,24.010543657944396,1004.9531480826352,97.24147201371007,none,0
2025-01-05 17:00:00,AWS_003,23.574955885274772,1005.5685299059646,94.32712648872307,none,0
2025-01-05 18:00:00,AWS_003,21.72487762383921,1004.3608792471821,93.73361254445841,none,0
2025-01-05 19:00:00,AWS_003,20.402923131913678,1004.8921485567897,93.9317847410763,none,0
2025-01-05 20:00:00,AWS_003,17.779601675207616,1004.8660244021136,92.9185556126271,none,0
2025-01-05 21:00:00,AWS_003,16.734933160446857,1004.3382766164827,97.41798663540658,none,0
2025-01-05 22:00:00,AWS_003,15.867535806307634,1003.8592184196228,100.0,none,0
2025-01-05 23:00:00,AWS_003,14.865921942472568,1003.9039644730425,100.0,none,0
2025-01-06 00:00:00,AWS_003,14.959715061624946,1004.075674976533,99.65703382783384,none,0
2025-01-06 01:00:00,AWS_003,15.776982168090491,1003.7261157467099,98.60534629121601,none,0
2025-01-06 02:00:00,AWS_003,15.564080899011175,1004.2919623089622,100.0,none,0
2025-01-06 03:00:00,AWS_003,28.623723718572677,990.7927369026025,98.0,multivariate_inconsistent,1
2025-01-06 04:00:00,AWS_003,18.801664865866623,1004.1344579131292,98.20632555509053,none,0
2025-01-06 05:00:00,AWS_003,19.756508727863825,1004.2806105047698,100.0,none,0
2025-01-06 06:00:00,AWS_003,21.391294154688293,1004.8125852830995,97.77852089490845,none,0
2025-01-06 07:00:00,AWS_003,22.74260154790523,1005.7383426838477,93.3454749595912,none,0
2025-01-06 08:00:00,AWS_003,23.92232006864157,1005.5211741275257,94.60173007738884,none,0
2025-01-06 09:00:00,AWS_003,25.27453614706338,1006.0711942326247,93.32183696922178,none,0
2025-01-06 10:00:00,AWS_003,26.48927603568061,1006.626083508884,87.41366869356361,none,0
2025-01-06 11:00:00,AWS_003,26.737579384994987,1005.7061613950115,90.47038373466273,none,0
2025-01-06 12:00:00,AWS_003,27.204449719507,1006.0219275966975,91.5870155264405,none,0
2025-01-06 13:00:00,AWS_003,26.794402859145077,1006.0930304071887,88.8914083401279,none,0
2025-01-06 14:00:00,AWS_003,26.3462243390991,1006.1742362581921,92.47181575661205,none,0
2025-01-06 15:00:00,AWS_003,26.07681197267839,1006.112525935478,97.61094221871976,none,0
2025-01-06 16:00:00,AWS_003,24.4425496676609,1005.187599977941,94.5291650402763,none,0
2025-01-06 17:00:00,AWS_003,22.20136652058648,1005.4415090156288,100.0,none,0
2025-01-06 18:00:00,AWS_003,21.1100976015628,1004.6965956179503,99.77308562197423,none,0
2025-01-06 19:00:00,AWS_003,20.39810608515734,1004.7956658033055,96.2411826700627,none,0
2025-01-06 20:00:00,AWS_003,18.94308142460632,1003.917358648614,94.150864277663,none,0
2025-01-06 21:00:00,AWS_003,16.464926419116463,1003.8812694782112,99.90487953092551,none,0
2025-01-06 22:00:00,AWS_003,16.17753189945272,1004.2426883535762,100.0,none,0
2025-01-06 23:00:00,AWS_003,15.399229390905475,1003.8206212191185,100.0,none,0
2025-01-07 00:00:00,AWS_003,14.149599563237,1003.8611446701411,100.0,none,0
2025-01-07 01:00:00,AWS_003,15.520220600562201,1003.6169290076865,99.94662641610675,none,0
2025-01-07 02:00:00,AWS_003,16.823154674440683,1004.4565107541428,100.0,none,0
2025-01-07 03:00:00,AWS_003,16.655173711885062,1004.0068570285409,97.71599441929426,none,0
2025-01-07 04:00:00,AWS_003,18.069340032357502,1004.1102779730971,99.71139443498691,none,0
2025-01-07 05:00:00,AWS_003,20.037127407718103,1004.7874770619627,88.92301578241992,none,0
2025-01-07 06:00:00,AWS_003,21.01026762632,1005.5916375720352,93.22871067010972,none,0
2025-01-07 07:00:00,AWS_003,22.563978712184834,1005.1779546123737,93.98448792223621,none,0
2025-01-07 08:00:00,AWS_003,24.31238916847777,1005.5359411097338,93.98879062032331,none,0
2025-01-07 09:00:00,AWS_003,24.842887645753592,1005.3979986603656,93.18035118226692,none,0
2025-01-07 10:00:00,AWS_003,26.59861804093466,1005.9108744169591,91.98076573145586,none,0
2025-01-07 11:00:00,AWS_003,26.44706737116657,1006.4151217530429,95.0563783028643,none,0
2025-01-07 12:00:00,AWS_003,27.220424881314354,1005.7133919947105,85.80322635503325,none,0
2025-01-07 13:00:00,AWS_003,27.333292826159013,1006.8829034630778,89.2736559445133,none,0
2025-01-07 14:00:00,AWS_003,27.080345805239563,1006.4341994525463,88.09415297032521,none,0
2025-01-07 15:00:00,AWS_003,25.12128505425868,1005.5730839045872,93.46987741686577,none,0
2025-01-07 16:00:00,AWS_003,24.297300869807554,1005.5357249646593,93.62940009678033,none,0
2025-01-07 17:00:00,AWS_003,22.85594468802356,1005.5371922513397,91.03855776873733,none,0
2025-01-07 18:00:00,AWS_003,20.454609785301983,1005.0587788168516,97.29675749791195,none,0
2025-01-07 19:00:00,AWS_003,19.6091770700467,1004.9542283888143,94.47882444295145,none,0
2025-01-07 20:00:00,AWS_003,18.2982577326961,1004.403022030194,95.26298753430235,none,0
2025-01-07 21:00:00,AWS_003,17.187045201036227,1003.784205792229,99.39369486647152,none,0
2025-01-07 22:00:00,AWS_003,16.826432902558057,1004.0604052977623,100.0,none,0
2025-01-07 23:00:00,AWS_003,15.4567644961148,1004.057314802322,100.0,none,0
2025-01-08 00:00:00,AWS_003,15.183199123663242,1003.8730412432438,94.79641981015985,none,0
2025-01-08 01:00:00,AWS_003,15.377760397300184,1003.951742097363,96.84877372655589,none,0
2025-01-08 02:00:00,AWS_003,16.005217153838483,1004.4181863116247,99.8225860017963,none,0
2025-01-08 03:00:00,AWS_003,17.164590538475753,1004.309414701059,95.853639288132,none,0
2025-01-08 04:00:00,AWS_003,18.859442508406673,1004.2896881160592,95.85413182147582,none,0
2025-01-08 05:00:00,AWS_003,19.223438822850113,1005.0825082524948,94.9523646399794,none,0
2025-01-08 06:00:00,AWS_003,21.219718002684196,1005.4597238492904,95.84452757192645,none,0
2025-01-08 07:00:00,AWS_003,21.775977208915492,1005.6410613923789,98.49555878848012,none,0
2025-01-08 08:00:00,AWS_003,23.51941751971711,1005.1257397559898,95.07813310328854,none,0
2025-01-08 09:00:00,AWS_003,25.5152860834011,1005.4156819560067,89.13592720538938,none,0
2025-01-08 10:00:00,AWS_003,25.53119501498638,1006.3375400173197,83.85019300046001,none,0
2025-01-08 11:00:00,AWS_003,27.139574180241276,1005.9103815367276,89.45943352427025,none,0
2025-01-08 12:00:00,AWS_003,27.73924443594737,1006.5579232947596,90.38352718373072,none,0
2025-01-08 13:00:00,AWS_003,26.64820525865356,1006.0704453210307,93.3457098345988,none,0
2025-01-08 14:00:00,AWS_003,26.107011031025273,1006.6703355740018,84.15830189296045,none,0
2025-01-08 15:00:00,AWS_003,25.45162421648573,1005.779557853852,87.65732025294501,none,0
2025-01-08 16:00:00,AWS_003,23.99178054391722,1005.5327682113891,96.089843581097,none,0
2025-01-08 17:00:00,AWS_003,22.735714012320418,1005.151233915047,93.81860583539685,none,0
2025-01-08 18:00:00,AWS_003,20.91633241807984,1004.936899693404,94.3571859935428,none,0
2025-01-08 19:00:00,AWS_003,20.00955942293435,1004.5750041371759,94.53756187817329,none,0
2025-01-08 20:00:00,AWS_003,18.332965328682878,1004.5086572972109,94.33745856325113,none,0
2025-01-08 21:00:00,AWS_003,16.936511346951,1004.2491306757152,99.34550524704613,none,0
2025-01-08 22:00:00,AWS_003,15.084339387112932,1003.9619921539016,99.80801472542261,none,0
2025-01-08 23:00:00,AWS_003,15.121662089579532,1004.0834598276622,92.91701877936323,none,0
2025-01-09 00:00:00,AWS_003,15.224329141081231,1004.0422432550472,95.53582155880109,drift,1
2025-01-09 01:00:00,AWS_003,16.254625709344495,1004.2102920915676,100.0,drift,1
2025-01-09 02:00:00,AWS_003,16.850254225344333,1004.2841486844102,96.18841552163455,drift,1
2025-01-09 03:00:00,AWS_003,18.87677213605695,1004.4614519826365,96.100547117315,drift,1
2025-01-09 04:00:00,AWS_003,20.774203122265735,1004.2559963481208,93.80360714659787,drift,1
2025-01-09 05:00:00,AWS_003,22.181655430444135,1004.6879562485003,97.66899820635582,drift,1
2025-01-09 06:00:00,AWS_003,24.834549368140742,1004.507265689091,95.96835413541851,drift,1
2025-01-09 07:00:00,AWS_003,26.569302673032848,1005.3069090861064,96.34766856099918,drift,1
2025-01-09 08:00:00,AWS_003,28.190563665096292,1005.6048600408545,94.62321439317122,drift,1
2025-01-09 09:00:00,AWS_003,30.42361189999415,1006.2080832570408,90.31504873029998,drift,1
2025-01-09 10:00:00,AWS_003,32.48786164871125,1006.0041001114813,83.99283926622282,drift,1
2025-01-09 11:00:00,AWS_003,33.266244943942475,1006.0609558518818,89.84350252495604,drift,1
2025-01-09 12:00:00,AWS_003,33.87287552064895,1006.2004873421023,97.7521560355395,drift,1
2025-01-09 13:00:00,AWS_003,34.55752677878064,1006.0520567294263,89.45424717020096,drift,1
2025-01-09 14:00:00,AWS_003,34.462497698354454,1005.8624556800085,94.98447132510354,drift,1
2025-01-09 15:00:00,AWS_003,33.85342378177161,1005.3450651453658,90.5615694480789,drift,1
2025-01-09 16:00:00,AWS_003,32.330405645821045,1005.5246759129457,91.30010961946755,drift,1
2025-01-09 17:00:00,AWS_003,31.156259887911556,1005.8341332046343,92.50180175786541,drift,1
2025-01-09 18:00:00,AWS_003,30.524169884317992,1005.2054011956149,92.89224708880141,drift,1
2025-01-09 19:00:00,AWS_003,30.862191303261227,1004.3875733517791,96.9994625318541,drift,1
2025-01-09 20:00:00,AWS_003,29.575831774373455,1005.0390454688254,92.44499031365866,drift,1
2025-01-09 21:00:00,AWS_003,27.967700329700733,1004.1031988939809,99.31919520721058,drift,1
2025-01-09 22:00:00,AWS_003,28.519972192399234,1003.9093778478436,98.19142005017684,drift,1
2025-01-09 23:00:00,AWS_003,27.579661121555738,1003.9045828077868,100.0,drift,1
2025-01-10 00:00:00,AWS_003,28.577520449494372,1004.1868788722404,96.39981673159213,drift,1
2025-01-10 01:00:00,AWS_003,29.634461239291976,1003.6509250051389,100.0,drift,1
2025-01-10 02:00:00,AWS_003,30.361453108135322,1004.5652135352466,94.98639236549708,drift,1
2025-01-10 03:00:00,AWS_003,32.24375864061322,1004.6068667103791,97.88615984180424,drift,1
2025-01-10 04:00:00,AWS_003,34.067860317584135,1003.8952339458126,100.0,drift,1
2025-01-10 05:00:00,AWS_003,18.953605860055976,1004.7196633477413,89.79398325966478,none,0
2025-01-10 06:00:00,AWS_003,21.15634113142658,1005.30510232871,90.44650801266481,none,0
2025-01-10 07:00:00,AWS_003,22.937031324265593,1006.053916972527,92.1203115349812,none,0
2025-01-10 08:00:00,AWS_003,23.977429771453444,1005.8703557927606,93.91512097576106,none,0
2025-01-10 09:00:00,AWS_003,34.73941072454518,990.0255063372913,98.0,multivariate_inconsistent,1
2025-01-10 10:00:00,AWS_003,26.969824034135538,1005.5737316267767,93.66538115823589,none,0
2025-01-10 11:00:00,AWS_003,27.080231385790093,1005.636469071302,94.2788544981352,none,0
2025-01-10 12:00:00,AWS_003,26.9444360216779,1006.8394284659774,88.73273736862059,none,0
2025-01-10 13:00:00,AWS_003,26.611802353901766,1005.714068561103,91.53905068186856,none,0
2025-01-10 14:00:00,AWS_003,26.35422552785439,1006.1763362094159,89.95528740426612,none,0
2025-01-10 15:00:00,AWS_003,25.899442465647716,1005.9677375018293,93.20156655649984,none,0
2025-01-10 16:00:00,AWS_003,23.983319563835664,1005.9232779046117,96.18601524292188,none,0
2025-01-10 17:00:00,AWS_003,22.93970362869589,1005.2365518995243,92.41468611606263,drift,1
2025-01-10 18:00:00,AWS_003,21.920166219830573,1005.0491873561798,96.57810862837822,drift,1
2025-01-10 19:00:00,AWS_003,20.773358162978532,1004.4670022532346,99.29303595700405,drift,1
2025-01-10 20:00:00,AWS_003,20.035410038298348,1003.9695897969611,97.69674324840474,drift,1
2025-01-10 21:00:00,AWS_003,19.428893937505595,1003.9845633947943,94.48303699589212,drift,1
2025-01-10 22:00:00,AWS_003,18.682038816067497,1003.6027668042656,97.2573273886104,drift,1
2025-01-10 23:00:00,AWS_003,18.502156320937612,1004.200240994083,100.0,drift,1
2025-01-11 00:00:00,AWS_003,19.7696097975987,1004.0245782536679,97.80983947172005,drift,1
2025-01-11 01:00:00,AWS_003,20.888666991537473,1003.386369962328,96.02282317491589,drift,1
2025-01-11 02:00:00,AWS_003,21.755882359662802,1003.9095512145099,94.37716704561461,drift,1
2025-01-11 03:00:00,AWS_003,22.751261239222167,1004.4801705037942,100.0,drift,1
2025-01-11 04:00:00,AWS_003,24.9625136589066,1004.2299959614469,95.66633007825811,drift,1
2025-01-11 05:00:00,AWS_003,26.79873429248766,1004.1196029952417,94.63901380087829,drift,1
2025-01-11 06:00:00,AWS_003,28.621840430170934,1004.969487502181,100.0,drift,1
2025-01-11 07:00:00,AWS_003,30.9399661838778,1005.3109083644326,96.07979610718385,drift,1
2025-01-11 08:00:00,AWS_003,33.180068757077684,1005.5239779065471,89.40841023159358,drift,1
2025-01-11 09:00:00,AWS_003,35.48178181535697,1006.0441217418144,94.02669924525102,drift,1
2025-01-11 10:00:00,AWS_003,36.378687470816274,1006.0497552103808,90.37120690634424,drift,1
2025-01-11 11:00:00,AWS_003,38.50151461721009,1006.169433993934,91.24375814793778,drift,1
2025-01-11 12:00:00,AWS_003,38.87787453200719,1005.9946660577559,88.51226802389807,drift,1
2025-01-11 13:00:00,AWS_003,39.75510459898734,1006.2905382161535,91.24373133604774,drift,1
2025-01-11 14:00:00,AWS_003,26.81491859473224,1006.3857342665495,86.61807955122808,none,0
2025-01-11 15:00:00,AWS_003,25.54497978429957,1006.0744750292073,93.02927866120369,none,0
2025-01-11 16:00:00,AWS_003,24.274883655734858,1005.9926363427838,89.01289759002005,none,0
2025-01-11 17:00:00,AWS_003,22.90822249153459,1005.3454423445073,93.80804536758221,none,0
2025-01-11 18:00:00,AWS_003,21.352814735883275,1004.9900125950114,95.64473903965443,none,0
2025-01-11 19:00:00,AWS_003,19.96836072420188,1004.410002154531,95.80323491637263,none,0
2025-01-11 20:00:00,AWS_003,18.972529929099068,1004.7154114638156,96.72461791473577,none,0
2025-01-11 21:00:00,AWS_003,17.25218461857727,1004.0773438634526,87.68768578751067,none,0
2025-01-11 22:00:00,AWS_003,16.67895550516058,1004.2329812024074,95.0029360973148,none,0
2025-01-11 23:00:00,AWS_003,15.830630892869454,1003.7207477110799,100.0,none,0
2025-01-12 00:00:00,AWS_003,15.104149623150326,1004.0346836336623,99.55160358594237,none,0
2025-01-12 01:00:00,AWS_003,15.65441341298242,1003.7002332530823,100.0,none,0
2025-01-12 02:00:00,AWS_003,16.311858113551903,1003.9362132679678,98.69835892805914,none,0
2025-01-12 03:00:00,AWS_003,17.358583277436498,1004.0661612363571,94.6640284859976,none,0
2025-01-12 04:00:00,AWS_003,18.099842467370973,1004.1862003195495,100.0,none,0
2025-01-12 05:00:00,AWS_003,20.132300666637633,1004.5889648399277,98.05716188770778,none,0
2025-01-12 06:00:00,AWS_003,21.01504559309026,1004.8793925235243,98.2731175670037,none,0
2025-01-12 07:00:00,AWS_003,22.73523059953543,1005.7233038094357,97.12282924530021,none,0
2025-01-12 08:00:00,AWS_003,24.512970977336902,1005.5242877765359,90.02292604285712,none,0
2025-01-12 09:00:00,AWS_003,25.561182931030114,1005.777918038482,92.74741265010712,none,0
2025-01-12 10:00:00,AWS_003,26.1060616093036,1006.0288044278867,93.20256798814019,none,0
2025-01-12 11:00:00,AWS_003,26.536939500563033,1006.3458653947397,94.13837690697434,none,0
2025-01-12 12:00:00,AWS_003,27.04642167401746,1005.906067167289,91.94237443949102,none,0
2025-01-12 13:00:00,AWS_003,26.77013999210786,1006.333918290581,92.17702985994103,none,0
2025-01-12 14:00:00,AWS_003,27.30254965684646,1006.0068987620363,92.5948426420719,none,0
2025-01-12 15:00:00,AWS_003,25.079476750374333,1006.4520493069112,89.49253605826146,none,0
2025-01-12 16:00:00,AWS_003,23.687399600040234,1005.5666605707092,91.54890645197501,none,0
2025-01-12 17:00:00,AWS_003,23.68593558044493,1005.2630212168137,96.35945371457476,none,0
2025-01-12 18:00:00,AWS_003,20.5879308948468,1004.5992374207275,95.35116386623822,none,0
2025-01-12 19:00:00,AWS_003,19.46638936531896,1004.9361121164266,95.28411031732692,none,0
2025-01-12 20:00:00,AWS_003,18.454647472373065,1004.21288549447,98.20113040420455,none,0
2025-01-12 21:00:00,AWS_003,17.02035985269757,1003.8563239646949,100.0,none,0
2025-01-12 22:00:00,AWS_003,16.18578570503197,1003.483855030716,96.3856731223945,none,0
2025-01-12 23:00:00,AWS_003,16.079973460361106,1003.5479199167299,96.22217624767097,none,0
2025-01-13 00:00:00,AWS_003,16.192310755685217,1003.8894195446798,98.76455049541615,none,0
2025-01-13 01:00:00,AWS_003,15.552012410805313,1003.6531113332172,94.74939413296559,drift,1
2025-01-13 02:00:00,AWS_003,16.209415726485982,1004.9419634613076,98.07645228853664,drift,1
2025-01-13 03:00:00,AWS_003,16.894302438158995,1005.8211945777301,96.02461273802747,drift,1
2025-01-13 04:00:00,AWS_003,18.045156063883518,1006.1024178338046,93.07927760634198,drift,1
2025-01-13 05:00:00,AWS_003,19.52904367067996,1007.0424910214196,96.78566598835226,drift,1
2025-01-13 06:00:00,AWS_003,21.342226756588722,1008.4294982396522,85.98569753590672,drift,1
2025-01-13 07:00:00,AWS_003,22.611773431740065,1009.7920063775774,93.5660475451742,drift,1
2025-01-13 08:00:00,AWS_003,24.3679566214093,1010.272632392559,95.90461993220892,drift,1
2025-01-13 09:00:00,AWS_003,25.305648022062634,1011.2542499686048,89.54363603295575,drift,1
2025-01-13 10:00:00,AWS_003,26.009487389753904,1011.0473714616128,92.82347150857758,drift,1
2025-01-13 11:00:00,AWS_003,26.903070994043507,1012.0332000560771,93.46220650061747,drift,1
2025-01-13 12:00:00,AWS_003,27.13796461139892,1013.0705286476219,90.49587314573661,drift,1
2025-01-13 13:00:00,AWS_003,26.83163335054253,1013.5076656055544,81.2800747375828,drift,1
2025-01-13 14:00:00,AWS_003,26.26217319237454,1014.1041959566597,90.78913175318901,drift,1
2025-01-13 15:00:00,AWS_003,25.69281103104669,1014.7949585000968,91.74468301932188,drift,1
2025-01-13 16:00:00,AWS_003,23.715447950888265,1014.8962991191042,90.6081699620238,drift,1
2025-01-13 17:00:00,AWS_003,,,,drift,1
2025-01-13 18:00:00,AWS_003,,,,drift,1
2025-01-13 19:00:00,AWS_003,,,,drift,1
2025-01-13 20:00:00,AWS_003,,,,drift,1
2025-01-13 21:00:00,AWS_003,,,,drift,1
2025-01-13 22:00:00,AWS_003,,,,drift,1
2025-01-13 23:00:00,AWS_003,15.582546548547043,1017.7689617763426,93.209924560072,drift,1
2025-01-14 00:00:00,AWS_003,15.78116362965484,1018.1898746187633,97.438883811381,drift,1
2025-01-14 01:00:00,AWS_003,15.065714838748042,1019.3243033612453,97.15771460960428,drift,1
2025-01-14 02:00:00,AWS_003,15.864785011914778,1018.9451120472993,97.67170594153578,drift,1
2025-01-14 03:00:00,AWS_003,17.540614013999328,1020.1630772362779,97.2031622640522,drift,1
2025-01-14 04:00:00,AWS_003,17.733841525465667,1021.6851217522689,100.0,drift,1
2025-01-14 05:00:00,AWS_003,20.397955812800582,1004.4130033131379,93.13842908927337,none,0
2025-01-14 06:00:00,AWS_003,20.715081626401187,1004.6595006997715,92.1979023327056,none,0
2025-01-14 07:00:00,AWS_003,22.514594814422395,1005.2370068423302,91.12056534190162,none,0
2025-01-14 08:00:00,AWS_003,24.0298580631376,1005.6920890418999,94.64749716177616,none,0
2025-01-14 09:00:00,AWS_003,25.318816484601957,1005.8659166159617,90.94048480340396,none,0
2025-01-14 10:00:00,AWS_003,26.754690738364946,1005.9932297822744,88.971439377631,none,0
2025-01-14 11:00:00,AWS_003,27.215693480987017,1005.7023090243268,92.47301899237037,none,0
2025-01-14 12:00:00,AWS_003,27.32368737704792,1006.788035371182,88.24783032074153,none,0
2025-01-14 13:00:00,AWS_003,27.137426489123065,1006.6814735966736,89.31487343745779,none,0
2025-01-14 14:00:00,AWS_003,25.804579310475518,1005.7656856157223,94.43471641877886,none,0
2025-01-14 15:00:00,AWS_003,25.243925122742983,1006.0969507340802,92.51215544524675,none,0
2025-01-14 16:00:00,AWS_003,24.68901507131412,1005.641116473075,92.70028708832277,none,0
2025-01-14 17:00:00,AWS_003,22.330653098554592,1005.2255689019465,91.63701473140588,none,0
2025-01-14 18:00:00,AWS_003,21.818049859466655,1005.3457289086707,94.20676879191888,none,0
2025-01-14 19:00:00,AWS_003,19.634041378920294,1004.4949176959495,94.59515727300693,none,0
2025-01-14 20:00:00,AWS_003,17.84654189856742,1004.3633629770314,100.0,none,0
2025-01-14 21:00:00,AWS_003,17.330305277295604,1004.5665778444929,98.57028095747964,none,0
2025-01-14 22:00:00,AWS_003,16.365229909291298,1004.2358339858802,100.0,none,0
2025-01-14 23:00:00,AWS_003,15.198352246374593,1003.7471303955211,40.0,spike,1
2025-01-15 00:00:00,AWS_003,15.032714931584113,1004.0936371445238,99.88848253511783,none,0
2025-01-15 01:00:00,AWS_003,15.12307815004711,1004.6787175251159,97.75158000057104,none,0
2025-01-15 02:00:00,AWS_003,15.816846003306502,1003.909331634119,99.98738528795067,none,0
2025-01-15 03:00:00,AWS_003,16.095238015978527,1004.1653977759205,99.90335750649967,none,0
2025-01-15 04:00:00,AWS_003,17.991530183464004,1004.7175832975196,100.0,none,0
2025-01-15 05:00:00,AWS_003,20.223237052733424,1004.7695736255907,96.55629127675395,none,0
2025-01-15 06:00:00,AWS_003,21.064034641825362,1005.2623849781954,90.79295113651841,none,0
2025-01-15 07:00:00,AWS_003,22.97771623246485,1005.0275085996575,89.81798397246192,none,0
2025-01-15 08:00:00,AWS_003,24.60340235803767,1005.8358194630349,90.20830614625505,none,0
2025-01-15 09:00:00,AWS_003,25.58203163549982,1005.8227413772543,90.21313889384757,none,0
2025-01-15 10:00:00,AWS_003,26.276646495231308,1005.8644583798988,87.58340369237588,none,0
2025-01-15 11:00:00,AWS_003,26.853723683326947,1006.5683280768552,95.12273950443829,none,0
2025-01-15 12:00:00,AWS_003,27.056826977555858,1006.1056247508221,90.9603944541596,none,0
2025-01-15 13:00:00,AWS_003,27.20427671898117,1006.7948479632365,89.2630724988302,none,0
2025-01-15 14:00:00,AWS_003,26.32581768622106,1006.2326679298985,94.33859996677008,none,0
2025-01-15 15:00:00,AWS_003,25.82683383275537,1005.6716029594048,89.91924376324624,none,0
2025-01-15 16:00:00,AWS_003,24.998862568781803,1005.5510983019343,94.62808491749604,none,0
2025-01-15 17:00:00,AWS_003,23.04590214267824,1005.2216674126666,99.87210676973193,none,0
2025-01-15 18:00:00,AWS_003,20.71944225152836,1005.0352848498043,92.65750367136812,none,0
2025-01-15 19:00:00,AWS_003,19.876625579624,1004.9152270707644,96.01796701546945,none,0
2025-01-15 20:00:00,AWS_003,18.21508359228276,1004.553573792491,99.96079148376471,none,0
2025-01-15 21:00:00,AWS_003,16.890342223060912,1004.4967142491003,98.69949503497806,none,0
2025-01-15 22:00:00,AWS_003,15.805066033478653,1003.7988080855279,99.17617633807903,none,0
2025-01-15 23:00:00,AWS_003,15.395914725503381,1004.1483550344884,97.59049680854693,none,0
2025-01-16 00:00:00,AWS_003,16.587946689647005,1003.9623123395983,97.65306265964853,none,0
2025-01-16 01:00:00,AWS_003,16.75758094610478,1004.2850470230793,100.0,none,0
2025-01-16 02:00:00,AWS_003,16.811401999117763,1004.2565354264356,100.0,none,0
2025-01-16 03:00:00,AWS_003,16.699295089608036,1004.8393523693044,98.7935047433818,none,0
2025-01-16 04:00:00,AWS_003,18.375307531117933,1004.3822921027022,97.77150652678264,none,0
2025-01-16 05:00:00,AWS_003,20.18950501296195,1005.2602532346061,97.32564446229517,none,0
2025-01-16 06:00:00,AWS_003,21.17748713025288,1005.0335101685425,94.13609334560185,none,0
2025-01-16 07:00:00,AWS_003,23.114484121060965,1005.7683475984451,88.22483695676394,none,0
2025-01-16 08:00:00,AWS_003,24.760780599821494,1005.9126825304782,90.54578811176005,none,0
2025-01-16 09:00:00,AWS_003,26.183307724937958,1005.5150355327961,92.40415093355274,none,0
2025-01-16 10:00:00,AWS_003,26.69257841834176,1006.7243602893702,92.44267253451471,none,0
2025-01-16 11:00:00,AWS_003,27.248609128757167,1006.5772723689917,87.19593382634864,none,0
2025-01-16 12:00:00,AWS_003,27.22254385215319,1006.0420088848815,94.24329522791014,none,0
2025-01-16 13:00:00,AWS_003,26.979027376530425,1005.9839983687903,92.29959709862688,none,0
2025-01-16 14:00:00,AWS_003,26.569299492502417,1005.457719466924,93.76171427095727,none,0
2025-01-16 15:00:00,AWS_003,25.51346275062021,1006.4401601526476,89.92231260928997,none,0
2025-01-16 16:00:00,AWS_003,24.632280308225212,1005.5585355502029,93.50015639051354,none,0
2025-01-16 17:00:00,AWS_003,22.99981266487799,1005.5021118482607,91.71069461915229,none,0
2025-01-16 18:00:00,AWS_003,21.229261250967554,1004.6766747224805,93.4978053568698,none,0
2025-01-16 19:00:00,AWS_003,20.36046571669898,1004.9440644210731,97.5137922767325,none,0
2025-01-16 20:00:00,AWS_003,18.188410763573334,1004.8614340758107,98.00681259065185,none,0
2025-01-16 21:00:00,AWS_003,17.320709515896365,1004.6332201890491,100.0,none,0
2025-01-16 22:00:00,AWS_003,16.327000038664092,1004.1592055563798,100.0,none,0
2025-01-16 23:00:00,AWS_003,15.292138380418436,1003.8022247388615,100.0,none,0
2025-01-17 00:00:00,AWS_003,15.31972618105498,1003.9487123985946,100.0,none,0
2025-01-17 01:00:00,AWS_003,15.625135761580077,1003.7314200754213,100.0,none,0
2025-01-17 02:00:00,AWS_003,15.902168780939876,1003.5636280254963,96.63190030735421,none,0
2025-01-17 03:00:00,AWS_003,16.555441258375446,1003.6883141578024,100.0,none,0
2025-01-17 04:00:00,AWS_003,19.380358504883553,1004.6046447937177,93.39625033239959,none,0
2025-01-17 05:00:00,AWS_003,19.515436653512623,1005.2526809295663,96.25176816900549,none,0
2025-01-17 06:00:00,AWS_003,21.19688065928204,1005.1874338083363,93.56525162988822,none,0
2025-01-17 07:00:00,AWS_003,22.77540607461705,1005.5799637618373,92.48297403855602,none,0
2025-01-17 08:00:00,AWS_003,24.321561713224913,1005.7644258184758,93.34175663208842,none,0
2025-01-17 09:00:00,AWS_003,25.91496681931416,1005.6084694257208,96.08100564762609,none,0
2025-01-17 10:00:00,AWS_003,26.84656971981084,1006.5810750734273,88.04773300634515,none,0
2025-01-17 11:00:00,AWS_003,26.889828162734613,1006.0230504335622,91.2376520130484,none,0
2025-01-17 12:00:00,AWS_003,27.47324515318309,1006.7915680033212,85.11958962432472,none,0
2025-01-17 13:00:00,AWS_003,27.39622950580371,1006.099950008812,89.01091861076428,none,0
2025-01-17 14:00:00,AWS_003,26.45466829930334,1005.6322835980128,87.6358300466681,none,0
2025-01-17 15:00:00,AWS_003,26.025215283010045,1006.0804647738718,95.82985471068525,none,0
2025-01-17 16:00:00,AWS_003,24.443118312778925,1005.4328396571781,89.51390096772019,none,0
2025-01-17 17:00:00,AWS_003,23.260966049825154,1005.9658004269052,91.4469043493581,none,0
2025-01-17 18:00:00,AWS_003,20.933890977359486,1005.097849113561,94.58351915850841,none,0
2025-01-17 19:00:00,AWS_003,20.50538689413858,1004.6480869434258,89.83202513140873,none,0
2025-01-17 20:00:00,AWS_003,18.290081153017375,1004.6964970475037,97.54122429298913,none,0
2025-01-17 21:00:00,AWS_003,16.719175477537902,1004.6673466094178,97.24946295875517,none,0
2025-01-17 22:00:00,AWS_003,15.815337132556413,1003.8310195683991,97.92719380800094,none,0
2025-01-17 23:00:00,AWS_003,15.266452052227375,1004.1518707937437,99.89778268847977,none,0
2025-01-18 00:00:00,AWS_003,15.503054931016512,1003.7460519972415,100.0,none,0
2025-01-18 01:00:00,AWS_003,14.682751587549259,1004.0352422400011,100.0,none,0
2025-01-18 02:00:00,AWS_003,15.80108237331313,1003.9405134062011,95.01574995379119,none,0
2025-01-18 03:00:00,AWS_003,17.58120727676001,1004.0459667278548,96.15857559721185,none,0
2025-01-18 04:00:00,AWS_003,18.886074586393164,1004.5085069957964,96.95557952264843,none,0
2025-01-18 05:00:00,AWS_003,19.416803459140095,1004.9289806818798,94.45300636486797,none,0
2025-01-18 06:00:00,AWS_003,21.462344296594676,1004.9008165098068,91.97474912051445,none,0
2025-01-18 07:00:00,AWS_003,23.052499352030043,1005.3523818122961,93.48910385321588,none,0
2025-01-18 08:00:00,AWS_003,24.32251793015149,1005.489702922984,95.40181801244523,none,0
2025-01-18 09:00:00,AWS_003,25.436058874158817,1005.6826832001001,96.8073493852562,none,0
2025-01-18 10:00:00,AWS_003,26.945248816487993,1005.4560270890735,92.71191968843483,none,0
2025-01-18 11:00:00,AWS_003,27.116967286159237,1005.9176966625171,90.84555883570965,none,0
2025-01-18 12:00:00,AWS_003,27.512375303255126,1006.7033619884157,92.04582150515203,none,0
2025-01-18 13:00:00,AWS_003,27.544521574617338,1006.5023610709197,93.9418270265113,none,0
2025-01-18 14:00:00,AWS_003,26.25554465908035,1006.7458145141371,92.84924919591774,none,0
2025-01-18 15:00:00,AWS_003,37.16318914734942,994.0651559706973,98.0,multivariate_inconsistent,1
2025-01-18 16:00:00,AWS_003,25.333308013953324,1005.9049210853908,90.64956654042915,none,0
2025-01-18 17:00:00,AWS_003,22.5949906305563,1005.3889768008077,91.98890350774704,none,0
2025-01-18 18:00:00,AWS_003,21.89487028796267,1005.3223036236977,95.77207010606377,none,0
2025-01-18 19:00:00,AWS_003,20.367720134234997,1004.6818443823639,95.98458076451685,none,0
2025-01-18 20:00:00,AWS_003,18.489897291673657,1004.936803240526,99.25044170999733,none,0
2025-01-18 21:00:00,AWS_003,17.08372120466524,1004.6968808439875,96.00466575684094,none,0
2025-01-18 22:00:00,AWS_003,16.223030549944273,1003.3501748242613,100.0,none,0
2025-01-18 23:00:00,AWS_003,15.361223099737328,1004.5657906286141,100.0,none,0
2025-01-19 00:00:00,AWS_003,15.46237581087976,1004.5011489286094,100.0,none,0
2025-01-19 01:00:00,AWS_003,15.573114704185059,1003.5547073509742,96.14866875638292,none,0
2025-01-19 02:00:00,AWS_003,16.048134721350625,1004.1856679351807,96.85188285600847,none,0
2025-01-19 03:00:00,AWS_003,17.06945748037264,1003.9753453095428,100.0,none,0
2025-01-19 04:00:00,AWS_003,18.79060047334797,1004.5087703745165,97.18713794737656,none,0
2025-01-19 05:00:00,AWS_003,19.91021008565971,1005.0659996718566,95.947003072651,none,0
2025-01-19 06:00:00,AWS_003,21.373842481690488,1005.1926340927191,96.6307383364677,none,0
2025-01-19 07:00:00,AWS_003,23.77477863641575,1005.3516161718604,94.10722182557092,none,0
2025-01-19 08:00:00,AWS_003,24.452803321482115,1005.774443579968,93.20077839739669,none,0
2025-01-19 09:00:00,AWS_003,25.95125586890614,1006.5521689017443,86.43322196942846,none,0
2025-01-19 10:00:00,AWS_003,26.310963304304572,1005.8644145171876,88.9705345704405,none,0
2025-01-19 11:00:00,AWS_003,26.841490671198926,1005.9822774743535,92.44566152203686,none,0
2025-01-19 12:00:00,AWS_003,27.655792791249734,1006.5440897663237,86.81265016111865,none,0
2025-01-19 13:00:00,AWS_003,27.643825375547976,1006.4714011671413,93.56921199320006,none,0
2025-01-19 14:00:00,AWS_003,25.474234314486207,1006.2540503785863,95.02377794629464,none,0
2025-01-19 15:00:00,AWS_003,25.977700235439873,1006.35600123113,92.74963638960257,none,0
2025-01-19 16:00:00,AWS_003,24.77551485275537,1005.7241962726284,88.81037145425852,none,0
2025-01-19 17:00:00,AWS_003,23.029589944579723,1005.0721684622863,95.98101231619715,none,0
2025-01-19 18:00:00,AWS_003,21.71982985478276,1004.7108002512853,98.86640775812627,none,0
2025-01-19 19:00:00,AWS_003,19.49293560320071,1005.0055376231026,94.50634360964976,none,0
2025-01-19 20:00:00,AWS_003,18.617780530944174,1004.5919313985572,91.02909290986872,none,0
2025-01-19 21:00:00,AWS_003,16.778305105653864,1004.0454880131174,96.28351398140079,none,0
2025-01-19 22:00:00,AWS_003,16.168940074889413,1004.0935919723879,100.0,none,0
2025-01-19 23:00:00,AWS_003,15.512922393358124,1004.1482668202461,99.6949902774895,none,0
2025-01-20 00:00:00,AWS_003,15.519551796392808,1004.1295529779499,97.25197824871182,none,0
2025-01-20 01:00:00,AWS_003,15.127236970401595,1003.6352571235025,94.50593636776841,none,0
2025-01-20 02:00:00,AWS_003,16.367404137422913,1003.7995661302621,96.61073851986036,none,0
2025-01-20 03:00:00,AWS_003,17.357896211646676,1004.3133190922995,92.53375290817498,none,0
2025-01-20 04:00:00,AWS_003,18.91223656193994,1004.597790375788,99.92597415317397,none,0
2025-01-20 05:00:00,AWS_003,19.672263412197243,1005.2245437591737,91.76139234243048,none,0
2025-01-20 06:00:00,AWS_003,21.652847329178126,1005.1394291359144,96.60100859118408,none,0
2025-01-20 07:00:00,AWS_003,22.746944160117195,1005.3087889109054,91.58827690737478,none,0
2025-01-20 08:00:00,AWS_003,24.657937480592842,1005.7827097125041,92.69201605249513,none,0
2025-01-20 09:00:00,AWS_003,25.44294204231034,1005.9019019395014,88.77866157840356,none,0
2025-01-20 10:00:00,AWS_003,26.226486989384945,1006.5207341717576,96.1341635705339,none,0
2025-01-20 11:00:00,AWS_003,27.016899765043927,1006.2060845627205,92.48664709673596,none,0
2025-01-20 12:00:00,AWS_003,28.076948048023525,1006.5980241443989,87.09615651323354,none,0
2025-01-20 13:00:00,AWS_003,27.834100513799832,1006.6043603401341,84.61829412763575,none,0
2025-01-20 14:00:00,AWS_003,26.69038880260503,1005.8695211398696,92.2244151517652,none,0
2025-01-20 15:00:00,AWS_003,25.753642077663155,1006.2745492222504,89.22375219566653,none,0
2025-01-20 16:00:00,AWS_003,24.617791785523096,1005.8104659155524,97.22813438331997,none,0
2025-01-20 17:00:00,AWS_003,22.431833900430522,1005.4372753387925,91.18848768651888,none,0
2025-01-20 18:00:00,AWS_003,22.257164174110617,1005.726660752076,98.02161789872292,none,0
2025-01-20 19:00:00,AWS_003,19.546957307212555,1004.7714911998328,92.9847699986279,none,0
2025-01-20 20:00:00,AWS_003,17.994737037227484,1004.6085667345626,95.52069562261148,none,0
2025-01-20 21:00:00,AWS_003,17.160994163766965,1003.87582245372,99.72844762543498,none,0
2025-01-20 22:00:00,AWS_003,15.896284989657536,1004.38930857987,100.0,none,0
2025-01-20 23:00:00,AWS_003,15.806397848156518,1003.9601550032102,100.0,none,0
2025-01-21 00:00:00,AWS_003,15.733765532869539,1003.8092222087014,98.61588240948235,none,0
2025-01-21 01:00:00,AWS_003,15.552304699165774,1004.2635457339165,99.93684702311425,none,0
2025-01-21 02:00:00,AWS_003,16.348979027901,1004.6712664988153,99.51786871405989,none,0
2025-01-21 03:00:00,AWS_003,16.998451784071005,1004.3479947541792,97.0267766690324,none,0
2025-01-21 04:00:00,AWS_003,17.812358212689134,1005.2694023218947,94.70717776830782,none,0
2025-01-21 05:00:00,AWS_003,19.433234178812477,1005.0503841649094,97.60875903920123,none,0
2025-01-21 06:00:00,AWS_003,22.270886725819757,1005.0951280711672,91.02409942824237,none,0
2025-01-21 07:00:00,AWS_003,22.993856854390888,1005.8455319290874,90.68744767836965,none,0
2025-01-21 08:00:00,AWS_003,23.75909381759658,1005.6805534436796,90.73628489833445,none,0
2025-01-21 09:00:00,AWS_003,25.283271781763606,1006.4783367123523,94.56577394979537,none,0
2025-01-21 10:00:00,AWS_003,26.344357369583975,1006.3507700783732,90.29161107154115,none,0
2025-01-21 11:00:00,AWS_003,27.578598317710377,1006.2005506525778,87.58650475353014,none,0
2025-01-21 12:00:00,AWS_003,27.534787913813243,1006.3154409085964,99.06621774442631,none,0
2025-01-21 13:00:00,AWS_003,27.85681553959843,1006.3187140392972,86.74510458066156,none,0
2025-01-21 14:00:00,AWS_003,27.441173583599085,1006.4869810651672,89.05971734098225,none,0
2025-01-21 15:00:00,AWS_003,25.978967443180256,1005.8626526465232,85.89590993215396,none,0
2025-01-21 16:00:00,AWS_003,24.711948844699403,1006.0294776572094,92.00940922766462,none,0
2025-01-21 17:00:00,AWS_003,23.54171874134474,1005.6120125722554,92.61460019295932,none,0
2025-01-21 18:00:00,AWS_003,21.338535392547914,1005.1668874259144,90.0659918414315,none,0
2025-01-21 19:00:00,AWS_003,19.842470788678774,1005.2370990262501,97.84414911747382,none,0
2025-01-21 20:00:00,AWS_003,17.84463137879983,1004.549579154562,98.90336792827061,none,0
2025-01-21 21:00:00,AWS_003,17.57128229956604,1004.5718583745529,97.0042696918702,none,0
2025-01-21 22:00:00,AWS_003,15.96390784658378,1004.0871388790453,97.58911405353567,none,0
2025-01-21 23:00:00,AWS_003,15.822205172407735,1004.1563453776641,96.81963145905505,none,0
2025-01-22 00:00:00,AWS_003,16.463830454559048,1003.663448798629,99.828676778758,none,0
2025-01-22 01:00:00,AWS_003,15.180982417392348,1003.9340668486893,100.0,none,0
2025-01-22 02:00:00,AWS_003,16.117072427562903,1004.1986947581357,99.94914523395332,none,0
2025-01-22 03:00:00,AWS_003,16.860660072654593,1004.3262895230199,96.60781136215952,none,0
2025-01-22 04:00:00,AWS_003,18.055670336454646,1004.1500010127713,97.15286315641954,none,0
2025-01-22 05:00:00,AWS_003,20.238905952873598,1004.6666690759879,91.43527265688768,none,0
2025-01-22 06:00:00,AWS_003,20.86695591283574,1005.1972102572171,90.8777360914757,none,0
2025-01-22 07:00:00,AWS_003,23.177620049733438,1005.3072368466691,92.82972604645772,none,0
2025-01-22 08:00:00,AWS_003,24.54091974381602,1005.8770399494229,94.35376251003164,none,0
2025-01-22 09:00:00,AWS_003,26.170647127884536,1005.4683335342236,30.600210832669262,spike,1
2025-01-22 10:00:00,AWS_003,50.997253005139605,1006.1435377023657,90.80843963408942,spike,1
2025-01-22 11:00:00,AWS_003,26.805380678836197,1006.5963017336222,86.6725951351591,none,0
2025-01-22 12:00:00,AWS_003,27.90055331734075,1006.4390620262001,87.21533320613169,none,0
2025-01-22 13:00:00,AWS_003,26.57443450845689,1006.634062693218,95.98571253013954,none,0
2025-01-22 14:00:00,AWS_003,26.771423029816987,1005.8886964052294,96.83312288262894,none,0
2025-01-22 15:00:00,AWS_003,26.197367879638833,1005.9369447367908,90.50453478676089,none,0
2025-01-22 16:00:00,AWS_003,23.900260338507323,1005.6342257281335,93.33924141223599,none,0
2025-01-22 17:00:00,AWS_003,22.635393527347375,1005.5007844693413,97.1247116458877,none,0
2025-01-22 18:00:00,AWS_003,21.855811520313587,1004.8048340940463,97.84899581057503,none,0
2025-01-22 19:00:00,AWS_003,19.446975509632853,1004.9068886647332,96.62038911051742,none,0
2025-01-22 20:00:00,AWS_003,18.83702112574087,1004.9019183777123,151.8111782745196,spike,1
2025-01-22 21:00:00,AWS_003,17.732852006088585,1004.803370511291,99.60183856210183,none,0
2025-01-22 22:00:00,AWS_003,16.32692857131611,1004.7437264337658,100.0,none,0
2025-01-22 23:00:00,AWS_003,15.680028926947426,1003.6838697363754,95.59761698425962,none,0
2025-01-23 00:00:00,AWS_003,20.225704377507867,1004.7976231375187,98.0,thermo_inconsistent,1
2025-01-23 01:00:00,AWS_003,15.446694622406348,1003.7189294768428,100.0,none,0
2025-01-23 02:00:00,AWS_003,16.63338270795545,1003.8575099709971,97.66191319980554,none,0
2025-01-23 03:00:00,AWS_003,17.553845335795337,1004.4280655333242,98.2936726801109,none,0
2025-01-23 04:00:00,AWS_003,18.50984850308765,1005.1162320357472,98.99280939828498,none,0
2025-01-23 05:00:00,AWS_003,20.0797643021013,1004.985118965904,92.1596889993574,none,0
2025-01-23 06:00:00,AWS_003,20.960474291595702,1005.3170267106879,96.0941039686297,none,0
2025-01-23 07:00:00,AWS_003,22.686076041972722,1005.6811342355697,98.57499909337537,none,0
2025-01-23 08:00:00,AWS_003,23.656814524593344,1005.8989008594773,94.1457688980998,none,0
2025-01-23 09:00:00,AWS_003,25.522370778474667,1006.0667125769447,94.65020734312145,none,0
2025-01-23 10:00:00,AWS_003,27.054260661033794,1006.0729455929355,88.72387607967272,none,0
2025-01-23 11:00:00,AWS_003,27.419051362209043,1006.3177025779597,88.60479148452107,none,0
2025-01-23 12:00:00,AWS_003,27.311615741232085,1006.1066832407851,89.1263514579169,none,0
2025-01-23 13:00:00,AWS_003,27.155037047446676,1006.1852996905196,91.3917672006129,none,0
2025-01-23 14:00:00,AWS_003,26.55154338739613,1006.514633034238,95.05449545584722,none,0
2025-01-23 15:00:00,AWS_003,26.180834068872237,1005.819330271999,91.04592137428438,none,0
2025-01-23 16:00:00,AWS_003,24.055904357483737,1005.4370856228604,97.1588538108677,none,0
2025-01-23 17:00:00,AWS_003,23.558642649895422,1005.7081497776535,88.91105521238073,none,0
2025-01-23 18:00:00,AWS_003,21.73591272206333,1005.0141942532853,90.17308829866806,none,0
2025-01-23 19:00:00,AWS_003,19.383935477554413,1004.9874233401871,96.48990729748617,none,0
2025-01-23 20:00:00,AWS_003,18.776066648288086,1004.503225546494,97.45232990202052,none,0
2025-01-23 21:00:00,AWS_003,17.584237908085118,1004.3975262936359,98.19008067201379,none,0
2025-01-23 22:00:00,AWS_003,16.179785367556605,1003.9447784258377,99.79415084631117,none,0
2025-01-23 23:00:00,AWS_003,16.462772811462838,1003.7812528203237,97.87184030648677,none,0
2025-01-24 00:00:00,AWS_003,15.224458598009013,1003.9155844669572,94.31127157072437,none,0
2025-01-24 01:00:00,AWS_003,15.596414684444017,1004.4781452169897,100.0,none,0
2025-01-24 02:00:00,AWS_003,16.43644629712933,1004.350059847899,99.95939381389354,none,0
2025-01-24 03:00:00,AWS_003,17.51097670039447,1004.211773789701,99.37718404217827,none,0
2025-01-24 04:00:00,AWS_003,18.47990818641522,1004.7045532157664,93.7432993996618,none,0
2025-01-24 05:00:00,AWS_003,20.36516987899142,1004.9478101876263,92.41205954768024,none,0
2025-01-24 06:00:00,AWS_003,21.310716200883224,1004.9636290214498,92.64553320890568,none,0
2025-01-24 07:00:00,AWS_003,23.313928958012482,1005.5321727821445,91.551878658753,none,0
2025-01-24 08:00:00,AWS_003,24.498492805806496,1006.0804909593808,84.92792956201272,none,0
2025-01-24 09:00:00,AWS_003,25.80893064319971,1005.8578143026833,92.72082742578279,none,0
2025-01-24 10:00:00,AWS_003,26.362562493038425,1006.0495093151025,90.14861534297009,none,0
2025-01-24 11:00:00,AWS_003,27.308008680061608,1005.9976954939832,89.16771032012248,none,0
2025-01-24 12:00:00,AWS_003,26.95255284932422,1005.8761969587051,84.48501846556128,none,0
2025-01-24 13:00:00,AWS_003,26.777663964729154,1006.1150051466394,90.94213808469144,none,0
2025-01-24 14:00:00,AWS_003,26.69107578148473,1005.9983455595393,84.92163084750432,none,0
2025-01-24 15:00:00,AWS_003,26.130036380949196,1005.8192092795673,90.01207191776442,none,0
2025-01-24 16:00:00,AWS_003,24.150539582866678,1005.5229145730093,91.389909240863,none,0
2025-01-24 17:00:00,AWS_003,23.30260040102055,1005.862433136152,95.61735797165464,none,0
2025-01-24 18:00:00,AWS_003,22.454528911338418,1005.2034419663275,97.07495151165541,none,0
2025-01-24 19:00:00,AWS_003,20.230901939596905,1004.8476153459549,99.31773446154502,none,0
2025-01-24 20:00:00,AWS_003,18.81068310570349,1004.5871045018339,93.47525310684708,none,0
2025-01-24 21:00:00,AWS_003,17.265291403995683,1004.6866923781724,98.85904032711441,none,0
2025-01-24 22:00:00,AWS_003,15.602378049553227,1004.3703921064654,99.789486565835,none,0
2025-01-24 23:00:00,AWS_003,15.606843885217414,1003.793178237602,97.12498209581139,none,0
2025-01-25 00:00:00,AWS_003,15.598745947578276,1004.3247590930004,99.34605145086188,none,0
2025-01-25 01:00:00,AWS_003,15.331373165269387,1003.8315819347632,100.0,none,0
2025-01-25 02:00:00,AWS_003,16.45278017059213,1004.3918582203286,100.0,none,0
2025-01-25 03:00:00,AWS_003,17.040725018727628,1004.5370272573422,100.0,none,0
2025-01-25 04:00:00,AWS_003,18.916053137575073,1004.1236456076083,92.19835026198986,none,0
2025-01-25 05:00:00,AWS_003,20.070970217240532,1004.5717156681155,97.52521376800888,none,0
2025-01-25 06:00:00,AWS_003,21.682598687941873,1005.6539447937492,95.17399366955901,none,0
2025-01-25 07:00:00,AWS_003,23.29713201167324,1005.6423805162,94.43766620953957,none,0
2025-01-25 08:00:00,AWS_003,24.525322483938666,1005.8343251142569,95.4744610250766,none,0
2025-01-25 09:00:00,AWS_003,26.463485560581418,1006.4135028537472,92.47306698228118,none,0
2025-01-25 10:00:00,AWS_003,26.344934599929736,1006.6016417262728,87.31207202305856,none,0
2025-01-25 11:00:00,AWS_003,27.05992906809163,1006.3389762147527,86.48724360599813,none,0
2025-01-25 12:00:00,AWS_003,27.573452360772517,1006.8415374305738,90.95762255334483,none,0
2025-01-25 13:00:00,AWS_003,27.445227393440092,1006.518257895942,89.06822108708198,none,0
2025-01-25 14:00:00,AWS_003,26.264498100483678,1005.8445309066965,95.45177424221913,none,0
2025-01-25 15:00:00,AWS_003,26.236663823254723,1006.440303176184,89.27551505028816,none,0
2025-01-25 16:00:00,AWS_003,24.52368814632286,1005.5068553823944,90.89053072532568,none,0
2025-01-25 17:00:00,AWS_003,23.414850407333493,1005.3100764019074,95.38160176076344,none,0
2025-01-25 18:00:00,AWS_003,21.378795464111505,1005.5176438321528,93.73027014341862,none,0
2025-01-25 19:00:00,AWS_003,19.855460921912684,1004.5264892839754,98.89176909238837,none,0
2025-01-25 20:00:00,AWS_003,18.724081315398443,1004.6860680434108,96.91454253478446,none,0
2025-01-25 21:00:00,AWS_003,17.194533858040586,1004.6244196667086,96.90913952062151,none,0
2025-01-25 22:00:00,AWS_003,16.15387732362831,1004.1219682597939,94.18238019424332,none,0
2025-01-25 23:00:00,AWS_003,15.940112985093274,1004.2716247448465,100.0,none,0
2025-01-26 00:00:00,AWS_003,19.625739889633664,1004.6357323224878,98.0,thermo_inconsistent,1
2025-01-26 01:00:00,AWS_003,15.732344801361274,1004.3116803515572,100.0,none,0
2025-01-26 02:00:00,AWS_003,16.593851970522913,1004.5441033272655,98.73840914136504,none,0
2025-01-26 03:00:00,AWS_003,17.065132095841484,1004.6529372657603,95.93563962172543,none,0
2025-01-26 04:00:00,AWS_003,18.784721349393042,1004.688982226402,96.18747803617518,none,0
2025-01-26 05:00:00,AWS_003,19.734057825166662,1004.6353869387865,95.88965989026428,none,0
2025-01-26 06:00:00,AWS_003,21.754770781413203,1005.1479611389645,94.59261353309459,none,0
2025-01-26 07:00:00,AWS_003,22.772389521494688,1005.2090929856378,91.70443566786005,none,0
2025-01-26 08:00:00,AWS_003,24.721685677099824,1005.548721123142,93.91528485668084,none,0
2025-01-26 09:00:00,AWS_003,26.256396485704418,1005.8907889884263,88.61770334741223,none,0
2025-01-26 10:00:00,AWS_003,26.86412325002033,1006.4476980688077,89.5508199786973,none,0
2025-01-26 11:00:00,AWS_003,26.774938066367856,1006.5710503962187,86.68333442861748,none,0
2025-01-26 12:00:00,AWS_003,28.20540066825973,1005.8190884075331,90.83441320895594,none,0
2025-01-26 13:00:00,AWS_003,27.171799565962992,1006.616018860214,87.18598964373899,none,0
2025-01-26 14:00:00,AWS_003,25.955109702149706,1006.2878233258817,89.34646471841256,none,0
2025-01-26 15:00:00,AWS_003,26.600640000496526,1006.0617458297413,89.52404900325992,none,0
2025-01-26 16:00:00,AWS_003,24.381253222706746,1005.77406018575,91.29511251142804,none,0
2025-01-26 17:00:00,AWS_003,23.450725499772556,1005.7380091851019,93.2207546025706,none,0
2025-01-26 18:00:00,AWS_003,21.728446451666105,1004.9232542334522,94.61195446829379,drift,1
2025-01-26 19:00:00,AWS_003,21.167474240863896,1005.1923400355995,88.61085228719443,drift,1
2025-01-26 20:00:00,AWS_003,29.783702660528416,994.9853602492052,98.0,multivariate_inconsistent,1
2025-01-26 21:00:00,AWS_003,17.712579325478572,1004.173329614136,94.16268917699617,drift,1
2025-01-26 22:00:00,AWS_003,17.960345101674836,1004.1787301680778,96.59945359179918,drift,1
2025-01-26 23:00:00,AWS_003,17.09987695233676,1003.9080403576395,98.73960843640525,drift,1
2025-01-27 00:00:00,AWS_003,17.62065575402974,1003.9424058161015,97.03808479148897,drift,1
2025-01-27 01:00:00,AWS_003,18.11643931941952,1003.6368035505101,94.9407299556913,drift,1
2025-01-27 02:00:00,AWS_003,19.061506536329695,1004.4559646915712,97.67456086213339,drift,1
2025-01-27 03:00:00,AWS_003,19.93683565393936,1004.8198294931317,95.72710021131351,drift,1
2025-01-27 04:00:00,AWS_003,22.25249280853004,1004.3668181840349,89.48049895228857,drift,1
2025-01-27 05:00:00,AWS_003,24.11012429305816,1005.3380069963282,95.7965395232469,drift,1
2025-01-27 06:00:00,AWS_003,25.99473756710671,1004.8347160288702,95.65755769082705,drift,1
2025-01-27 07:00:00,AWS_003,28.314876731466555,1005.0703765414404,93.73110423918484,drift,1
2025-01-27 08:00:00,AWS_003,29.281388819475055,1006.2495149850536,93.78192343151149,drift,1
2025-01-27 09:00:00,AWS_003,30.574016620012138,1006.4241337354047,89.41879124831,drift,1
2025-01-27 10:00:00,AWS_003,32.2595389717972,1006.0625606194859,88.32993245683926,drift,1
2025-01-27 11:00:00,AWS_003,32.715776545075244,1006.5602559354521,91.50023881480762,drift,1
2025-01-27 12:00:00,AWS_003,34.722588370620464,1006.167233701214,93.86513554452092,drift,1
2025-01-27 13:00:00,AWS_003,35.03867717243082,1006.5627333964699,84.89247162880167,drift,1
2025-01-27 14:00:00,AWS_003,28.65802858586993,1006.853798786177,89.1550425015528,drift,1
2025-01-27 15:00:00,AWS_003,28.197775743185762,1006.0312257811247,90.87065003056743,drift,1
2025-01-27 16:00:00,AWS_003,27.55087937519785,1005.8902330326407,90.62496928634896,drift,1
2025-01-27 17:00:00,AWS_003,27.258084944000686,1005.8769987028505,91.65744824370557,drift,1
2025-01-27 18:00:00,AWS_003,25.489621286915565,1005.0397135822001,97.41872316395097,drift,1
2025-01-27 19:00:00,AWS_003,24.778184755564446,1004.9875071211579,96.9759812319825,drift,1
2025-01-27 20:00:00,AWS_003,24.316165143337976,1004.4457605750177,94.13855146700463,drift,1
2025-01-27 21:00:00,AWS_003,23.50431995740445,1004.6862204035118,93.38388878736245,drift,1
2025-01-27 22:00:00,AWS_003,23.74705711341292,1004.3808737888576,99.33608978562003,drift,1
2025-01-27 23:00:00,AWS_003,23.222595374358434,1004.1670509853642,100.0,drift,1
2025-01-28 00:00:00,AWS_003,24.34737898702689,1004.4179339076403,100.0,drift,1
2025-01-28 01:00:00,AWS_003,24.662020597539257,1004.0209374550652,100.0,drift,1
2025-01-28 02:00:00,AWS_003,25.076672087564127,1004.476440324274,98.65748652153299,drift,1
2025-01-28 03:00:00,AWS_003,26.950875649269584,1004.2597992028242,97.39900253526804,drift,1
2025-01-28 04:00:00,AWS_003,29.44114816200652,1004.6518463797302,88.73890386916045,drift,1
2025-01-28 05:00:00,AWS_003,30.31255573126483,1005.2733423062276,90.83237558033534,drift,1
2025-01-28 06:00:00,AWS_003,32.57651721389439,1005.715901726647,93.95274927072454,drift,1
2025-01-28 07:00:00,AWS_003,34.351621803207735,1005.7739525312297,97.51144409432241,drift,1
2025-01-28 08:00:00,AWS_003,24.607494768824623,1006.27614176446,95.78059381573371,none,0
2025-01-28 09:00:00,AWS_003,26.27213885700824,1006.0419282212378,87.42102343309011,none,0
2025-01-28 10:00:00,AWS_003,27.297445949370736,1006.082141541912,95.00474043676725,none,0
2025-01-28 11:00:00,AWS_003,27.380614307073348,1006.3987691375462,92.33693509159568,none,0
2025-01-28 12:00:00,AWS_003,27.127539052892818,1006.6060191034484,91.17261254051503,none,0
2025-01-28 13:00:00,AWS_003,27.551526016386887,1006.6484665817856,86.99634482657147,none,0
2025-01-28 14:00:00,AWS_003,35.29983467175056,989.9875504722492,98.0,multivariate_inconsistent,1
2025-01-28 15:00:00,AWS_003,26.227229396291666,1005.6840541002505,91.23217362771226,none,0
2025-01-28 16:00:00,AWS_003,24.762374334873208,1005.8463028282972,95.88272737171647,none,0
2025-01-28 17:00:00,AWS_003,23.703782165537604,1005.2168525773138,95.94635235539704,none,0
2025-01-28 18:00:00,AWS_003,21.449841270483066,1005.1110494990029,92.23899709164812,none,0
2025-01-28 19:00:00,AWS_003,20.14822806795185,1005.2943505396437,91.3359144111536,none,0
2025-01-28 20:00:00,AWS_003,18.641888642750082,1004.8335702105587,98.22044344005059,none,0
2025-01-28 21:00:00,AWS_003,17.27073679473309,1004.4913647699494,94.50959403205133,none,0
2025-01-28 22:00:00,AWS_003,16.67683620429129,1004.2879041478833,96.13508863903002,none,0
2025-01-28 23:00:00,AWS_003,15.222879648050151,1003.8837041460997,96.33851642187112,none,0
2025-01-29 00:00:00,AWS_003,15.096937874128152,1004.5175500551685,97.75250337473352,none,0
2025-01-29 01:00:00,AWS_003,14.913572838676735,1004.1986390255387,97.52445369675056,none,0
2025-01-29 02:00:00,AWS_003,16.52105865472675,1004.5322172946131,94.71081985839581,none,0
2025-01-29 03:00:00,AWS_003,17.77532902348884,1004.0253006215362,93.98690655896112,none,0
2025-01-29 04:00:00,AWS_003,18.875642019332595,1004.9559121672645,96.06084403750245,none,0
2025-01-29 05:00:00,AWS_003,20.792012019207665,1005.1897869628348,98.17533524376053,none,0
2025-01-29 06:00:00,AWS_003,21.762638409308984,1005.2626245276597,96.08930729830014,none,0
2025-01-29 07:00:00,AWS_003,22.911895857906575,1005.8781032791919,92.05626376719395,none,0
2025-01-29 08:00:00,AWS_003,24.85841804806643,1005.6918640018358,90.41837426880284,none,0
2025-01-29 09:00:00,AWS_003,26.044429429597088,1006.3552179926114,86.51376334486805,none,0
2025-01-29 10:00:00,AWS_003,27.000599774753674,1006.6589775212276,89.95525792725108,none,0
2025-01-29 11:00:00,AWS_003,27.966505282655618,1006.5115440742472,87.7930190760568,none,0
2025-01-29 12:00:00,AWS_003,27.401000161608664,1006.4046723257313,93.39498007027254,none,0
2025-01-29 13:00:00,AWS_003,27.22048205490208,1006.7904820340741,88.29897697613939,none,0
2025-01-29 14:00:00,AWS_003,26.91994175671205,1006.4268741610351,86.06225646796128,none,0
2025-01-29 15:00:00,AWS_003,26.46717633316936,1006.280249142552,89.50557002611333,none,0
2025-01-29 16:00:00,AWS_003,24.448624541990206,1006.259841774465,90.232493910711,none,0
2025-01-29 17:00:00,AWS_003,23.836018648877392,1005.9616117654161,92.50301518714221,none,0
2025-01-29 18:00:00,AWS_003,22.30126105725969,1004.8957615640219,90.13152275374242,none,0
2025-01-29 19:00:00,AWS_003,20.059929221876516,1005.0277181298252,93.54170485417275,none,0
2025-01-29 20:00:00,AWS_003,18.518537914892114,1004.7261131619442,97.29278951262172,none,0
2025-01-29 21:00:00,AWS_003,17.49162411076496,1004.3384349673495,100.0,none,0
2025-01-29 22:00:00,AWS_003,15.960068868986319,1005.047135460795,96.32629183925327,none,0
2025-01-29 23:00:00,AWS_003,16.589580994456043,1004.5698450708567,96.03519463973636,none,0
2025-01-30 00:00:00,AWS_003,15.848296948492639,1004.3000863264618,91.69303395889544,none,0
2025-01-30 01:00:00,AWS_003,16.420529503368016,1004.3274854216015,96.77280594987641,none,0
2025-01-30 02:00:00,AWS_003,16.333549178405473,1004.099693777436,98.85873509938129,none,0
2025-01-30 03:00:00,AWS_003,17.61813602652198,1003.7537841559025,94.95420860551867,none,0
2025-01-30 04:00:00,AWS_003,18.723910901259273,1004.9264080104167,100.0,none,0
2025-01-30 05:00:00,AWS_003,20.878121126670912,1004.9570083251828,96.84646314367576,none,0
2025-01-30 06:00:00,AWS_003,21.365380214168507,1005.1141032808514,92.3420864053955,none,0
2025-01-30 07:00:00,AWS_003,23.824029555553274,1005.815921525184,89.87893491240423,none,0
2025-01-30 08:00:00,AWS_003,24.8104406422189,1005.205881853477,92.23599908824308,none,0
2025-01-30 09:00:00,AWS_003,26.02315238644679,1006.3279443269436,92.72417317624931,none,0
2025-01-30 10:00:00,AWS_003,26.302051217251638,1006.2776797561637,90.93986597864419,none,0
2025-01-30 11:00:00,AWS_003,27.53475467628373,1006.2242745719591,87.63495723417181,none,0
2025-01-30 12:00:00,AWS_003,27.632973231090315,1006.6846578255812,89.54514752012128,none,0
2025-01-30 13:00:00,AWS_003,27.82360843996907,1006.4099485369522,90.09771959515263,none,0
2025-01-30 14:00:00,AWS_003,26.80138285827134,1006.2898275098739,90.5513814688852,none,0
2025-01-30 15:00:00,AWS_003,25.7961916544649,1006.2239914480346,88.86997630426634,none,0
2025-01-30 16:00:00,AWS_003,25.165590760541015,1005.4519654428785,86.23160853560938,none,0
2025-01-30 17:00:00,AWS_003,23.447177840310093,1005.7281770512147,85.87363533184673,none,0
2025-01-30 18:00:00,AWS_003,21.630032683828652,1005.5567838906827,95.43158144613194,none,0
2025-01-30 19:00:00,AWS_003,20.333831982457202,1005.2477852940551,95.23249698133642,none,0
2025-01-30 20:00:00,AWS_003,19.0191292714983,1005.0779033752143,92.62970007423868,none,0
2025-01-30 21:00:00,AWS_003,17.49959500592258,1004.6610089279756,100.0,none,0
2025-01-30 22:00:00,AWS_003,16.581353709958357,1004.4156520933523,98.8709179164741,none,0
2025-01-30 23:00:00,AWS_003,16.62308417382032,1003.9330924772763,100.0,none,0
2025-01-31 00:00:00,AWS_003,15.798341832901787,1004.1001504258566,100.0,none,0
2025-01-31 01:00:00,AWS_003,15.162248913341692,1003.6822506598063,96.37236413689422,none,0
2025-01-31 02:00:00,AWS_003,16.95374994076102,1004.56313497424,96.71988114941675,none,0
2025-01-31 03:00:00,AWS_003,18.099741505967398,1004.4451798473282,97.9258896410066,none,0
2025-01-31 04:00:00,AWS_003,19.23103460916266,1004.716984798127,91.18634256977,none,0
2025-01-31 05:00:00,AWS_003,20.64713966451047,1004.8796988338695,96.27505799187252,none,0
2025-01-31 06:00:00,AWS_003,21.01983805826497,1005.2646229892985,91.50428029708097,none,0
2025-01-31 07:00:00,AWS_003,23.021539360858167,1005.5027475741573,96.4752881342405,none,0
2025-01-31 08:00:00,AWS_003,24.857422360845398,1005.8318071904235,93.34397495898617,none,0
2025-01-31 09:00:00,AWS_003,26.127437254442633,1006.3343769058367,87.7210400551415,none,0
2025-01-31 10:00:00,AWS_003,27.00699683562084,1006.575234366986,90.74151724103673,none,0
2025-01-31 11:00:00,AWS_003,27.107543756609378,1006.7422070121303,90.16691235495149,none,0
2025-01-31 12:00:00,AWS_003,27.548304058239296,1007.0667951449202,90.05253829696036,none,0
2025-01-31 13:00:00,AWS_003,27.46867259265245,1006.6214682105251,86.97695436443108,none,0
2025-01-31 14:00:00,AWS_003,27.386790116011525,1006.1958058817133,96.27432787785256,none,0
2025-01-31 15:00:00,AWS_003,26.90579130343524,1006.3969633226327,93.42114420775123,none,0
2025-01-31 16:00:00,AWS_003,24.19788461162359,1006.2441101624413,91.22296034904774,none,0
2025-01-31 17:00:00,AWS_003,23.405923325364757,1005.6066300229348,91.61188256421451,none,0
2025-01-31 18:00:00,AWS_003,21.45315433374576,1005.4991872842018,92.6889187880849,none,0
2025-01-31 19:00:00,AWS_003,20.646393992035943,1005.1827616002867,90.92454814291857,none,0
2025-01-31 20:00:00,AWS_003,18.920755779804935,1004.8092336352477,97.00987239080699,none,0
2025-01-31 21:00:00,AWS_003,17.76457190487572,1004.2684948485401,98.88335397372167,none,0
2025-01-31 22:00:00,AWS_003,16.670601580336136,1004.6623445304202,100.0,none,0
2025-01-31 23:00:00,AWS_003,15.769362034229282,1004.0269125690008,100.0,none,0
2025-02-01 00:00:00,AWS_003,15.553593376941011,1004.6365744444557,100.0,none,0
2025-02-01 01:00:00,AWS_003,15.923144931599218,1004.2940885626888,100.0,none,0
2025-02-01 02:00:00,AWS_003,17.005050136266956,1004.1227446909605,95.84536632893456,none,0
2025-02-01 03:00:00,AWS_003,18.38046930295539,1004.677007312273,96.34674474245233,none,0
2025-02-01 04:00:00,AWS_003,19.250880772697037,1004.7789065778444,99.69663635254729,none,0
2025-02-01 05:00:00,AWS_003,20.206157264938643,1005.2328726990505,94.1260312095457,none,0
2025-02-01 06:00:00,AWS_003,22.47260367368045,1005.5843540106766,100.0,none,0
2025-02-01 07:00:00,AWS_003,23.541449606880306,1005.8419195524946,91.44987910307306,none,0
2025-02-01 08:00:00,AWS_003,24.87466588980981,1005.719426038345,90.11233756332933,none,0
2025-02-01 09:00:00,AWS_003,26.12739161050963,1006.0587921024933,91.73293708926458,none,0
2025-02-01 10:00:00,AWS_003,26.68170254872887,1006.538250006247,90.29673549647754,none,0
2025-02-01 11:00:00,AWS_003,27.07255739847774,1007.1021518275828,89.91307016524748,none,0
2025-02-01 12:00:00,AWS_003,27.577748743226113,1005.9806903889148,88.96456756602687,none,0
2025-02-01 13:00:00,AWS_003,27.57192156156228,1006.6180820161102,90.30107827609292,none,0
2025-02-01 14:00:00,AWS_003,27.126974551822105,1006.2472685256637,90.59773430364017,none,0
2025-02-01 15:00:00,AWS_003,25.617965264134988,1006.5869472906346,89.8994429820354,none,0
2025-02-01 16:00:00,AWS_003,24.78493573240581,1006.1970541118163,92.88551578953481,none,0
2025-02-01 17:00:00,AWS_003,22.71793615454546,1005.6671323247476,92.33486734405977,none,0
2025-02-01 18:00:00,AWS_003,22.377997265772123,1004.8802135025945,92.09761227087543,none,0
2025-02-01 19:00:00,AWS_003,20.09919467444003,1005.6423685433538,97.54338388891203,none,0
2025-02-01 20:00:00,AWS_003,18.46553824559248,1005.0498913961763,100.0,none,0
2025-02-01 21:00:00,AWS_003,17.901151585399674,1004.6652913712786,94.87237973118181,none,0
2025-02-01 22:00:00,AWS_003,16.70124445592346,1004.4065038071953,100.0,none,0
2025-02-01 23:00:00,AWS_003,15.682561973686498,1003.966175167601,99.68224443541462,none,0
2025-02-02 00:00:00,AWS_003,16.570671267917422,1004.1241736261338,96.63643946582292,none,0
2025-02-02 01:00:00,AWS_003,15.767444794787655,1004.5179395407331,96.75387638119523,none,0
2025-02-02 02:00:00,AWS_003,16.87548736186382,1003.9062798283323,100.0,none,0
2025-02-02 03:00:00,AWS_003,17.433806143616746,1004.6062348627858,95.71959987895602,none,0
2025-02-02 04:00:00,AWS_003,19.208581456364488,1004.6002038292359,100.0,none,0
2025-02-02 05:00:00,AWS_003,20.660011030351697,1005.0439059686771,95.18151963168839,none,0
2025-02-02 06:00:00,AWS_003,21.63721177355794,1005.4224114253025,92.54287078312785,none,0
2025-02-02 07:00:00,AWS_003,23.182504714012374,1005.9659810188512,98.29936740628379,none,0
2025-02-02 08:00:00,AWS_003,25.378274311087825,1006.6391361731186,91.43126249066175,none,0
2025-02-02 09:00:00,AWS_003,26.258857145279183,1005.7709356852838,87.03804439587158,none,0
2025-02-02 10:00:00,AWS_003,27.481317599166104,1006.1095047287643,87.52278581505385,none,0
2025-02-02 11:00:00,AWS_003,27.860059444671382,1006.8824483815273,94.68745918345,none,0
2025-02-02 12:00:00,AWS_003,28.365320069849734,1006.4949125063785,85.54852727423841,none,0
2025-02-02 13:00:00,AWS_003,27.970923982943475,1006.684359707806,93.1342173959767,none,0
2025-02-02 14:00:00,AWS_003,26.947541995845793,1006.8423999333264,88.43733334713603,none,0
2025-02-02 15:00:00,AWS_003,26.807686608823275,1005.9534448532901,85.58330590874397,none,0
2025-02-02 16:00:00,AWS_003,24.93440804372791,1006.0464123326831,92.09288608764004,none,0
2025-02-02 17:00:00,AWS_003,23.550941490186595,1006.7286826977213,94.32205527798234,none,0
2025-02-02 18:00:00,AWS_003,22.067746964653487,1005.6376268468466,98.22523495610126,none,0
2025-02-02 19:00:00,AWS_003,20.89536945233715,1005.6810748818547,93.24404718038805,none,0
2025-02-02 20:00:00,AWS_003,18.663119066804807,1005.0618420763357,100.0,none,0
2025-02-02 21:00:00,AWS_003,17.744784493184802,1004.4894035283411,95.80650237226317,none,0
2025-02-02 22:00:00,AWS_003,16.726192360254842,1004.4914357911523,97.56387207622835,none,0
2025-02-02 23:00:00,AWS_003,16.07661750966391,1004.0353529794979,97.42710205075413,none,0
2025-02-03 00:00:00,AWS_003,15.551604555756722,1003.8117716120017,96.90348687119726,none,0
2025-02-03 01:00:00,AWS_003,15.100155063316107,1004.0109177682434,100.0,none,0
2025-02-03 02:00:00,AWS_003,16.473179022364643,1004.5704881414939,99.77711272873695,none,0
2025-02-03 03:00:00,AWS_003,18.10842878635226,1004.5526585772824,94.85948214825788,none,0
2025-02-03 04:00:00,AWS_003,18.92461619817557,1005.0894112596225,96.60480697337712,none,0
2025-02-03 05:00:00,AWS_003,20.246421898857616,1005.3226373178906,98.99741061356443,none,0
2025-02-03 06:00:00,AWS_003,21.88884792682158,1005.2838272114433,95.79544100885923,none,0
2025-02-03 07:00:00,AWS_003,23.86267627117859,1006.2504953255335,90.25660664225335,none,0
2025-02-03 08:00:00,AWS_003,24.916187144063027,1006.2515254302448,91.2351934576519,none,0
2025-02-03 09:00:00,AWS_003,26.092113364651848,1006.4120486174693,87.89546359754436,none,0
2025-02-03 10:00:00,AWS_003,27.36278031119956,1006.861280758015,91.09868870599844,none,0
2025-02-03 11:00:00,AWS_003,28.18512741704302,1006.5701987229529,91.6064065363312,none,0
2025-02-03 12:00:00,AWS_003,28.122506763681766,1006.7338469473137,89.8351095854735,none,0
2025-02-03 13:00:00,AWS_003,27.853520951851856,1007.1038911338671,87.71814732971525,none,0
2025-02-03 14:00:00,AWS_003,26.516211086016625,1006.6922798649987,89.58327915517454,none,0
2025-02-03 15:00:00,AWS_003,25.582150772468594,1005.7419900165984,92.21858099422968,none,0
2025-02-03 16:00:00,AWS_003,24.992393454621844,1006.0314390895862,86.48195959915631,none,0
2025-02-03 17:00:00,AWS_003,23.310449219571154,1005.413230949797,91.83952159661517,none,0
2025-02-03 18:00:00,AWS_003,21.75915378951007,1005.063518521767,95.19718649480292,none,0
2025-02-03 19:00:00,AWS_003,20.51807443846608,1005.4115687949695,92.09500836204695,none,0
2025-02-03 20:00:00,AWS_003,19.258437001160264,1005.2256053099301,92.94266999058154,none,0
2025-02-03 21:00:00,AWS_003,18.845453942693002,1004.8137656865873,98.38539434555663,none,0
2025-02-03 22:00:00,AWS_003,16.428315130671955,1003.8270424071396,100.0,none,0
2025-02-03 23:00:00,AWS_003,16.270162573552703,1004.4370390034949,100.0,none,0
2025-02-04 00:00:00,AWS_003,16.91026799013252,1003.7831174858784,100.0,none,0
2025-02-04 01:00:00,AWS_003,15.896994445552599,1004.1897096491738,95.11983381463594,none,0
2025-02-04 02:00:00,AWS_003,17.029419623007037,1005.1568799944102,97.5766098311186,none,0
2025-02-04 03:00:00,AWS_003,17.33207175665072,1004.4172392415416,100.0,none,0
2025-02-04 04:00:00,AWS_003,19.483240070856652,1004.5394736492271,95.71615650164033,none,0
2025-02-04 05:00:00,AWS_003,20.16478178327295,1005.3095293514541,97.53881948605559,none,0
2025-02-04 06:00:00,AWS_003,22.24113809613884,1005.9291426887278,96.34274207702533,none,0
2025-02-04 07:00:00,AWS_003,23.881590771381077,1005.6223716331173,93.39470694591644,none,0
2025-02-04 08:00:00,AWS_003,24.836953168974336,1005.6159873469593,154.463917274422,spike,1
2025-02-04 09:00:00,AWS_003,25.689214395056563,1006.4923728884626,90.26983151619712,none,0
2025-02-04 10:00:00,AWS_003,26.88686406286256,1006.427759932136,94.36864089863539,none,0
2025-02-04 11:00:00,AWS_003,27.87154719617268,1006.8186003611878,92.85509152957461,none,0
2025-02-04 12:00:00,AWS_003,28.23281902236887,1006.7854524344095,94.27362687719034,none,0
2025-02-04 13:00:00,AWS_003,28.122004444870807,1006.8763416090345,88.92205785872015,none,0
2025-02-04 14:00:00,AWS_003,26.87144506890562,1006.9735342054561,91.1910062818822,none,0
2025-02-04 15:00:00,AWS_003,26.806499247333274,1006.3690967171383,91.49486575781505,none,0
2025-02-04 16:00:00,AWS_003,25.217647214579348,1006.5169131119761,95.16679064758978,none,0
2025-02-04 17:00:00,AWS_003,23.58214741809947,1006.2492876888773,96.10973473262503,none,0
2025-02-04 18:00:00,AWS_003,21.787243727388102,1005.4020068521108,94.32555674171827,none,0
2025-02-04 19:00:00,AWS_003,20.094460103919406,1005.0324754251232,95.57392341101966,none,0
2025-02-04 20:00:00,AWS_003,18.173761058407887,1005.1034774507011,92.3206014672592,none,0
2025-02-04 21:00:00,AWS_003,17.56992105214086,1004.3769908861677,100.0,none,0
2025-02-04 22:00:00,AWS_003,16.804715569637647,1004.4425068522125,97.46264390279,none,0
2025-02-04 23:00:00,AWS_003,16.840475325065167,1004.1970194183075,100.0,none,0
2025-02-05 00:00:00,AWS_003,16.332460958367264,1004.4151580088695,100.0,none,0
2025-02-05 01:00:00,AWS_003,15.786780185869144,1004.2411612201364,98.41275105092578,none,0
2025-02-05 02:00:00,AWS_003,17.100590952377583,1003.8017983437578,97.95790557925223,none,0
2025-02-05 03:00:00,AWS_003,17.380730874846964,1005.1737895170937,98.6017700734664,none,0
2025-02-05 04:00:00,AWS_003,19.873343600321835,1004.4017036801235,99.18551472586645,none,0
2025-02-05 05:00:00,AWS_003,21.533886869788965,1005.5976106140939,96.01053108492928,none,0
2025-02-05 06:00:00,AWS_003,22.21620220942861,1005.8363234090486,92.62690924955352,none,0
2025-02-05 07:00:00,AWS_003,23.41741659211874,1006.6089070631987,88.70201593656283,none,0
2025-02-05 08:00:00,AWS_003,25.61894808322904,1006.1068349392992,96.9190491711464,none,0
2025-02-05 09:00:00,AWS_003,26.501724162170778,1006.2982577818525,92.01118298245638,none,0
2025-02-05 10:00:00,AWS_003,27.497687796222642,1007.0755428018053,93.6920855122104,none,0
2025-02-05 11:00:00,AWS_003,27.997289649148392,1006.3646688633419,88.59423309262651,none,0
2025-02-05 12:00:00,AWS_003,27.835686761357927,1006.857486833137,93.52187852127415,none,0
2025-02-05 13:00:00,AWS_003,28.152504086505722,1006.3354383394358,91.9945539312167,none,0
2025-02-05 14:00:00,AWS_003,27.786996063971774,1006.590576057527,95.80926450959427,none,0
2025-02-05 15:00:00,AWS_003,26.43607002971484,1006.1155934086854,88.56380059074002,none,0
2025-02-05 16:00:00,AWS_003,24.981039549093207,1006.5612123614544,89.97747682233516,none,0
2025-02-05 17:00:00,AWS_003,23.52216249075014,1005.8806388524738,90.58048155471232,none,0
2025-02-05 18:00:00,AWS_003,22.39769735982634,1005.7479741290779,91.69675876825515,none,0
2025-02-05 19:00:00,AWS_003,20.963682995534388,1005.166706898588,100.0,none,0
2025-02-05 20:00:00,AWS_003,19.00745669759322,1005.0411795410141,95.65800370701575,none,0
2025-02-05 21:00:00,AWS_003,17.391339152815252,1004.4791833090419,96.82962658686861,none,0
2025-02-05 22:00:00,AWS_003,17.078997433805316,1004.2255299958148,96.55595488009445,none,0
2025-02-05 23:00:00,AWS_003,16.20022023238667,1004.4195532619582,94.42111063053919,none,0
2025-02-06 00:00:00,AWS_003,16.198988354163294,1003.870640454964,97.2925417736846,none,0
2025-02-06 01:00:00,AWS_003,17.095077489177182,1004.4382063593503,100.0,none,0
2025-02-06 02:00:00,AWS_003,17.47048106212536,1004.9389662587593,99.10592200498404,none,0
2025-02-06 03:00:00,AWS_003,17.118730879952114,1004.5183020028969,100.0,none,0
2025-02-06 04:00:00,AWS_003,18.766602496997912,1005.2052372227614,100.0,none,0
2025-02-06 05:00:00,AWS_003,20.593018285399435,1004.6807547897262,94.51224519751116,none,0
2025-02-06 06:00:00,AWS_003,21.467129142751713,1005.8541657340596,97.61538010116837,none,0
2025-02-06 07:00:00,AWS_003,22.906705579943257,1006.2027146016617,93.85671352021727,none,0
2025-02-06 08:00:00,AWS_003,24.968356194522833,1006.1296068648815,93.36251722323364,none,0
2025-02-06 09:00:00,AWS_003,26.176573865750573,1006.4541021693793,91.45916879107271,none,0
2025-02-06 10:00:00,AWS_003,27.18790918654428,1006.3796951074587,88.2799759850589,none,0
2025-02-06 11:00:00,AWS_003,28.012142851595918,1006.6225356734708,91.99603098435148,none,0
2025-02-06 12:00:00,AWS_003,27.834753696320107,1006.7896198638992,90.72433443735278,none,0
2025-02-06 13:00:00,AWS_003,27.81701042882797,1006.6878111774178,89.84263506554402,none,0
2025-02-06 14:00:00,AWS_003,27.24147121301112,1006.7255203105597,86.3416077274962,none,0
2025-02-06 15:00:00,AWS_003,26.74361647634203,1006.0336257541187,91.90390289955997,none,0
2025-02-06 16:00:00,AWS_003,24.321553532206448,1006.79686389119,88.63885425508222,none,0
2025-02-06 17:00:00,AWS_003,23.82848375883635,1005.7306634308784,91.06239540120403,none,0
2025-02-06 18:00:00,AWS_003,21.35947580919308,1004.8107167918201,94.8718403592967,none,0
2025-02-06 19:00:00,AWS_003,19.951803710341974,1005.3828127139944,95.64673278302087,none,0
2025-02-06 20:00:00,AWS_003,19.228782883639692,1005.0139795973638,96.95865675979165,none,0
2025-02-06 21:00:00,AWS_003,17.99836422731717,1004.0210047647829,96.98348732562405,none,0
2025-02-06 22:00:00,AWS_003,17.03122785638908,1004.2496808108291,100.0,none,0
2025-02-06 23:00:00,AWS_003,16.27915361615805,1004.4674045735325,100.0,none,0
2025-02-07 00:00:00,AWS_003,16.129522511180184,1004.330248645005,96.18692047471588,none,0
2025-02-07 01:00:00,AWS_003,16.01349218221882,1004.532056811581,95.29407367994474,none,0
2025-02-07 02:00:00,AWS_003,16.984309923983062,1004.769408364276,96.48224772864297,none,0
2025-02-07 03:00:00,AWS_003,18.403511474570966,1005.3722421433254,97.27395942098838,none,0
2025-02-07 04:00:00,AWS_003,18.294591767367468,1004.8212232448284,99.13866673601616,none,0
2025-02-07 05:00:00,AWS_003,20.45903763639877,1004.5200583931135,98.67086880418036,none,0
2025-02-07 06:00:00,AWS_003,21.819829677670395,1005.58181314476,93.72709859729643,none,0
2025-02-07 07:00:00,AWS_003,23.050864137473006,1006.3935792633381,89.05425110628107,none,0
2025-02-07 08:00:00,AWS_003,24.996435442076706,1006.7643951613354,89.18062873890497,none,0
2025-02-07 09:00:00,AWS_003,26.31115881159641,1006.3445672328951,85.26920741020673,none,0
2025-02-07 10:00:00,AWS_003,26.218085173640077,1006.7794923124175,90.15011207719293,none,0
2025-02-07 11:00:00,AWS_003,27.026794358965326,1006.6593232071887,89.13333161405622,none,0
2025-02-07 12:00:00,AWS_003,28.116536955070554,1006.6792363672829,95.34670581668125,none,0
2025-02-07 13:00:00,AWS_003,27.842370333168013,1007.1293211024285,87.82402295444209,none,0
2025-02-07 14:00:00,AWS_003,27.891188206106882,1006.467345509844,95.36627252662966,none,0
2025-02-07 15:00:00,AWS_003,26.23061589249619,1006.6352006376868,88.95256430067145,none,0
2025-02-07 16:00:00,AWS_003,25.62963620585773,1005.9053362872346,91.707346791489,none,0
2025-02-07 17:00:00,AWS_003,23.546709198938547,1006.0375739564331,94.19104547432444,none,0
2025-02-07 18:00:00,AWS_003,21.704529310503958,1005.6307307293472,96.71264784374848,none,0
2025-02-07 19:00:00,AWS_003,20.709484881998954,1005.0940731641119,90.39756497675606,none,0
2025-02-07 20:00:00,AWS_003,19.032252003213024,1005.1378798904634,93.78832584434392,none,0
2025-02-07 21:00:00,AWS_003,17.895754466636873,1004.8579717350356,95.34827132296773,none,0
2025-02-07 22:00:00,AWS_003,15.999592874916537,1004.646713055732,97.83222084947245,none,0
2025-02-07 23:00:00,AWS_003,16.545845328274343,1004.2307269744383,100.0,none,0
2025-02-08 00:00:00,AWS_003,16.14212460103853,1004.3244640053618,100.0,none,0
2025-02-08 01:00:00,AWS_003,16.491566997750567,1004.2199483831998,93.11446782912964,none,0
2025-02-08 02:00:00,AWS_003,17.16789279962355,1004.3864923409466,96.82574816656575,none,0
2025-02-08 03:00:00,AWS_003,18.61794041127077,1004.3445666861415,96.02309418095646,none,0
2025-02-08 04:00:00,AWS_003,19.17773328445933,1005.2863374840937,95.08722018508179,none,0
2025-02-08 05:00:00,AWS_003,20.60300386958006,1005.1526597890554,92.1797372459819,none,0
2025-02-08 06:00:00,AWS_003,22.587222011673404,1006.0281873069948,92.48369305437105,none,0
2025-02-08 07:00:00,AWS_003,24.213156594314103,1006.2146035688951,95.68693547063337,none,0
2025-02-08 08:00:00,AWS_003,25.347574582340666,1006.4929077582249,88.70304328642348,none,0
2025-02-08 09:00:00,AWS_003,26.346621443922675,1006.0020213270539,87.69555235172753,none,0
2025-02-08 10:00:00,AWS_003,27.229105120948386,1006.5930044455697,88.84832693338345,none,0
2025-02-08 11:00:00,AWS_003,27.768512807695284,1006.3902512595705,91.57220158617116,none,0
2025-02-08 12:00:00,AWS_003,27.946335914411605,1006.6595082816757,93.66226087134505,none,0
2025-02-08 13:00:00,AWS_003,28.357637036572108,1007.5126705552351,93.01333101666091,none,0
2025-02-08 14:00:00,AWS_003,27.229461483305055,1006.612319285987,89.68903578903391,none,0
2025-02-08 15:00:00,AWS_003,26.714565925643658,1006.8259641820138,88.92658978352196,none,0
2025-02-08 16:00:00,AWS_003,24.915444394402325,1006.7194142856106,94.14836862157325,none,0
2025-02-08 17:00:00,AWS_003,35.289250489229715,993.4999193978613,98.0,multivariate_inconsistent,1
2025-02-08 18:00:00,AWS_003,22.210889516089942,1005.6333231705257,89.63629408174681,none,0
2025-02-08 19:00:00,AWS_003,21.229505684032244,1005.2111607108845,95.31608039432149,none,0
2025-02-08 20:00:00,AWS_003,19.480443026891745,1005.4475706381758,95.97323684482504,none,0
2025-02-08 21:00:00,AWS_003,18.153689754958883,1005.0357842974048,96.03488480094605,none,0
2025-02-08 22:00:00,AWS_003,16.812832004009394,1004.8389615393507,100.0,none,0
2025-02-08 23:00:00,AWS_003,16.256109513398336,1004.0639470362779,99.09547280017867,none,0
2025-02-09 00:00:00,AWS_003,16.120205856986026,1004.3737975899321,100.0,none,0
2025-02-09 01:00:00,AWS_003,16.38558122984545,1004.2740091659947,97.3566883749505,none,0
2025-02-09 02:00:00,AWS_003,16.779791757830967,1004.4057470404474,95.38975633449255,none,0
2025-02-09 03:00:00,AWS_003,18.247716702412912,1004.5084915208944,98.20412374118428,none,0
2025-02-09 04:00:00,AWS_003,19.5146738994051,1005.1479217322674,96.39633759753366,none,0
2025-02-09 05:00:00,AWS_003,20.618589647289536,1005.6870267377143,91.86566348322062,none,0
2025-02-09 06:00:00,AWS_003,22.91277632111031,1006.0660149340812,96.79121971728523,none,0
2025-02-09 07:00:00,AWS_003,23.831754715862612,1005.6519341508388,91.7065486811063,none,0
2025-02-09 08:00:00,AWS_003,24.70891609841908,1006.3133465636193,88.73617009017029,none,0
2025-02-09 09:00:00,AWS_003,26.43319413248347,1006.3732206082589,90.04428071174675,none,0
2025-02-09 10:00:00,AWS_003,27.510684851330417,1006.5455044863048,84.54283095996465,none,0
2025-02-09 11:00:00,AWS_003,27.948280153839384,1006.771291101819,86.67421919142534,none,0
2025-02-09 12:00:00,AWS_003,28.389453656909446,1006.7921100109719,87.2036992269731,none,0
2025-02-09 13:00:00,AWS_003,27.716187474846755,1007.0578245612734,89.93512028297857,none,0
2025-02-09 14:00:00,AWS_003,27.422430863052742,1006.697720017489,89.2607827582042,none,0
2025-02-09 15:00:00,AWS_003,26.484694597239393,1006.3144625649522,90.97838025935515,none,0
2025-02-09 16:00:00,AWS_003,25.416427307056814,1006.3254264412252,92.46793784199748,none,0
2025-02-09 17:00:00,AWS_003,23.641133825439113,1006.328739228089,90.88025070148687,none,0
2025-02-09 18:00:00,AWS_003,22.012957537028623,1004.9375628529973,96.00669722475745,none,0
2025-02-09 19:00:00,AWS_003,20.70285958328164,1004.6750770745431,96.71546668903768,none,0
2025-02-09 20:00:00,AWS_003,19.400853045262444,1004.4774043786304,97.02533346799484,none,0
2025-02-09 21:00:00,AWS_003,17.93321758884628,1004.6875096806984,96.35673832269482,none,0
2025-02-09 22:00:00,AWS_003,17.022443704296727,1004.4679576961595,97.64003341902553,none,0
2025-02-09 23:00:00,AWS_003,16.017652217182576,1004.579230472441,98.52466802089211,none,0
2025-02-10 00:00:00,AWS_003,16.86946714463069,1004.6734519275868,89.85666752091862,none,0
2025-02-10 01:00:00,AWS_003,16.089863646373434,1004.6697468062529,97.43670057470808,none,0
2025-02-10 02:00:00,AWS_003,18.15056032171926,1004.9642326550553,97.52230434535421,frozen,1
2025-02-10 03:00:00,AWS_003,18.15056032171926,1004.9642326550553,97.52230434535421,frozen,1
2025-02-10 04:00:00,AWS_003,18.15056032171926,1004.9642326550553,97.52230434535421,frozen,1
2025-02-10 05:00:00,AWS_003,18.15056032171926,1004.9642326550553,97.52230434535421,frozen,1
2025-02-10 06:00:00,AWS_003,22.510173210230686,1005.1460735978299,95.91422353365532,none,0
2025-02-10 07:00:00,AWS_003,37.26423784427271,992.728875915329,98.0,multivariate_inconsistent,1
2025-02-10 08:00:00,AWS_003,25.199498298668612,1005.8560213714902,88.77506502536505,none,0
2025-02-10 09:00:00,AWS_003,26.088635281911237,1007.0284160579972,92.08043813020296,none,0
2025-02-10 10:00:00,AWS_003,27.34548811714216,1006.8452310727356,92.54396357781671,none,0
2025-02-10 11:00:00,AWS_003,27.572748474640242,1006.58786254927,89.20335814070752,none,0
2025-02-10 12:00:00,AWS_003,28.91733730108714,1006.9946566343986,88.87642722576719,none,0
2025-02-10 13:00:00,AWS_003,27.757526879635662,1007.1142312822996,92.19981591532907,none,0
2025-02-10 14:00:00,AWS_003,28.235761254719556,1006.4847006412363,94.72927452374446,none,0
2025-02-10 15:00:00,AWS_003,26.510622594869815,1006.5913694962187,88.22435094985525,none,0
2025-02-10 16:00:00,AWS_003,24.662262511573058,1006.207100614591,87.12533360327024,none,0
2025-02-10 17:00:00,AWS_003,24.67135792727249,1006.0484734593014,91.5312234063273,none,0
2025-02-10 18:00:00,AWS_003,22.79710609924637,1005.5160117892516,94.257996903708,none,0
2025-02-10 19:00:00,AWS_003,20.6600038676191,1005.1805900835127,97.6833728950365,none,0
2025-02-10 20:00:00,AWS_003,19.142512411694863,1004.9790050586529,97.51118543523185,none,0
2025-02-10 21:00:00,AWS_003,17.881756528517165,1004.8971110429887,99.31893124532338,none,0
2025-02-10 22:00:00,AWS_003,17.58666126748913,1004.7698661301828,99.11327231999421,none,0
2025-02-10 23:00:00,AWS_003,16.03503518774769,1004.5365476519481,100.0,none,0
2025-02-11 00:00:00,AWS_003,16.165132074215865,1004.8903405133648,97.34529798954391,none,0
2025-02-11 01:00:00,AWS_003,16.984459294049614,1004.2185762142396,100.0,none,0
2025-02-11 02:00:00,AWS_003,17.95644598216041,1005.4015503805276,98.36522044737515,none,0
2025-02-11 03:00:00,AWS_003,17.890050659720618,1004.1430436742587,95.02169851885257,none,0
2025-02-11 04:00:00,AWS_003,19.18278082287212,1005.5114674384306,100.0,none,0
2025-02-11 05:00:00,AWS_003,20.529572195898094,1005.8175329701817,99.83412887646276,none,0
2025-02-11 06:00:00,AWS_003,22.750705796864512,1005.6622023954721,90.42583150764577,none,0
2025-02-11 07:00:00,AWS_003,23.622756138260023,1005.8943904589349,92.98423411429395,none,0
2025-02-11 08:00:00,AWS_003,25.294519406832347,1006.3568834836171,92.93364877511492,none,0
2025-02-11 09:00:00,AWS_003,26.817995533624583,1005.6158909726915,91.95119394676908,none,0
2025-02-11 10:00:00,AWS_003,27.847719917598543,1006.7077351800286,93.24666825062782,none,0
2025-02-11 11:00:00,AWS_003,28.51005085964893,1006.6649366505823,87.11525126053792,none,0
2025-02-11 12:00:00,AWS_003,28.083281071214536,1007.4382409116375,91.26858562539603,none,0
2025-02-11 13:00:00,AWS_003,28.25127009856322,1007.0197523081092,81.5692030058103,none,0
2025-02-11 14:00:00,AWS_003,27.745937583025434,1006.3635275111122,90.8337563647405,none,0
2025-02-11 15:00:00,AWS_003,26.978735762096395,1006.7724376343123,86.62091221565281,none,0
2025-02-11 16:00:00,AWS_003,25.993397434757224,1006.3676017129753,91.86289435517374,none,0
2025-02-11 17:00:00,AWS_003,24.342047367550585,1006.2771066107795,97.56199874951574,none,0
2025-02-11 18:00:00,AWS_003,22.13131616890477,1005.7141248699559,88.90017905392074,none,0
2025-02-11 19:00:00,AWS_003,20.9614185709381,1005.8006341339773,93.39022823242357,none,0
2025-02-11 20:00:00,AWS_003,18.996508388373705,1005.3974708515789,98.7896548897727,none,0
2025-02-11 21:00:00,AWS_003,18.749010148504908,1004.8425575703511,93.4387890222088,none,0
2025-02-11 22:00:00,AWS_003,17.166571268491616,1004.6932220885703,96.38039079350405,none,0
2025-02-11 23:00:00,AWS_003,16.588493974524553,1004.5166575831377,95.47344113885826,none,0
2025-02-12 00:00:00,AWS_003,16.569211318350654,1004.4594300870206,96.46280755852786,none,0
2025-02-12 01:00:00,AWS_003,16.439325914364293,1004.7749107829438,94.6481153445083,none,0
2025-02-12 02:00:00,AWS_003,17.53333370269465,1004.6579275135072,93.66849192945048,none,0
2025-02-12 03:00:00,AWS_003,18.49827914572771,1004.4957952730141,97.11041703472863,none,0
2025-02-12 04:00:00,AWS_003,19.5467516725245,1004.9186166742395,94.76254325614939,none,0
2025-02-12 05:00:00,AWS_003,20.917117041497846,1005.3864740487575,100.0,none,0
2025-02-12 06:00:00,AWS_003,21.14823795770178,1005.9977659139189,99.5768449047693,none,0
2025-02-12 07:00:00,AWS_003,23.8433274038904,1006.0507676292528,91.306062160078,none,0
2025-02-12 08:00:00,AWS_003,25.662376148005084,1006.5305803711726,93.6225418804023,none,0
2025-02-12 09:00:00,AWS_003,26.81048870773257,1006.4233638677672,93.26267380375292,none,0
2025-02-12 10:00:00,AWS_003,26.25340208563351,1006.602504625091,90.85490057777089,none,0
2025-02-12 11:00:00,AWS_003,28.507139852025674,1007.1399905702241,86.05283927807112,none,0
2025-02-12 12:00:00,AWS_003,28.82915076597752,1006.6613175677502,87.07734983840666,none,0
2025-02-12 13:00:00,AWS_003,27.96701424464183,1006.8476018610556,90.72051955293297,none,0
2025-02-12 14:00:00,AWS_003,27.26992861687408,1006.791453783863,90.55314717811481,none,0
2025-02-12 15:00:00,AWS_003,26.713805951849846,1006.4796187264459,94.76195147224578,none,0
2025-02-12 16:00:00,AWS_003,25.024177079225755,1006.7587602029994,92.61771782312964,none,0
2025-02-12 17:00:00,AWS_003,23.56539289326343,1006.2628934435496,88.34049768011567,none,0
2025-02-12 18:00:00,AWS_003,21.89197361733866,1005.4207144247657,96.57371184853822,none,0
2025-02-12 19:00:00,AWS_003,21.375359434643485,1005.6043553548453,92.13424572143123,none,0
2025-02-12 20:00:00,AWS_003,19.44790306911353,1005.1127728179998,95.41991824658085,none,0
2025-02-12 21:00:00,AWS_003,17.928947352066327,1005.106923840267,100.0,none,0
2025-02-12 22:00:00,AWS_003,16.775293794289002,1004.8415897314487,92.61646506765766,none,0
2025-02-12 23:00:00,AWS_003,16.874073039608568,1004.7930894501254,99.38109629829823,none,0
2025-02-13 00:00:00,AWS_003,16.254539720253614,1004.8664665193072,100.0,none,0
2025-02-13 01:00:00,AWS_003,16.506535386099902,1004.2840044523542,100.0,none,0
2025-02-13 02:00:00,AWS_003,17.180228977032648,1004.8835752916928,97.69304476104647,none,0
2025-02-13 03:00:00,AWS_003,18.04368490456828,1004.8666243258203,97.61655193058186,none,0
2025-02-13 04:00:00,AWS_003,19.59393179549649,1005.0712043629931,98.59178713967991,none,0
2025-02-13 05:00:00,AWS_003,21.31594966366171,1005.1771671584626,94.09077374511885,none,0
2025-02-13 06:00:00,AWS_003,21.926333504528777,1005.5943474310436,96.89654919415614,none,0
2025-02-13 07:00:00,AWS_003,23.617621844170475,1006.6704490042923,92.3457398255272,none,0
2025-02-13 08:00:00,AWS_003,25.6222876333035,1005.829663219564,89.13643487359546,none,0
2025-02-13 09:00:00,AWS_003,26.349820111119257,1006.8013265415717,89.65695770465209,none,0
2025-02-13 10:00:00,AWS_003,27.639461323681044,1006.6919167890902,91.75787419736817,none,0
2025-02-13 11:00:00,AWS_003,28.840490259719665,1006.9206812124597,85.66101344177773,none,0
2025-02-13 12:00:00,AWS_003,28.683235732938122,1006.2950489953397,87.5401721006896,none,0
2025-02-13 13:00:00,AWS_003,28.716538062041174,1007.1986660333928,87.88142020771305,none,0
2025-02-13 14:00:00,AWS_003,28.152647503160587,1006.565424038058,90.70064371790865,none,0
2025-02-13 15:00:00,AWS_003,27.183967263269246,1006.3554805729447,91.72607131667773,none,0
2025-02-13 16:00:00,AWS_003,25.618389000393655,1005.9522572619294,90.47448495961598,none,0
2025-02-13 17:00:00,AWS_003,24.673263962999023,1006.7148899579634,97.40907927070084,none,0
2025-02-13 18:00:00,AWS_003,22.287229289118432,1005.2975979638096,92.50947236983176,none,0
2025-02-13 19:00:00,AWS_003,20.73720468765264,1005.6906908964638,93.88001967930623,none,0
2025-02-13 20:00:00,AWS_003,19.77343034417628,1004.9700244735868,98.10661334587031,none,0
2025-02-13 21:00:00,AWS_003,17.958394298932426,1004.6205268830938,98.37344284596435,none,0
2025-02-13 22:00:00,AWS_003,17.38817365315147,1004.6546571477023,93.02504886999344,none,0
2025-02-13 23:00:00,AWS_003,16.54605830572177,1004.5606389574464,95.85013402452871,none,0
2025-02-14 00:00:00,AWS_003,16.9630635043968,1005.1494439749692,95.09780914163022,none,0
2025-02-14 01:00:00,AWS_003,16.984449215341638,1004.6095058331866,97.80110552343291,none,0
2025-02-14 02:00:00,AWS_003,17.793847441616215,1004.3020046435929,100.0,none,0
2025-02-14 03:00:00,AWS_003,18.11824553215289,1005.1195560403299,96.33505024906822,none,0
2025-02-14 04:00:00,AWS_003,18.855837255491846,1005.0275742801463,94.0997970338446,none,0
2025-02-14 05:00:00,AWS_003,21.481544695260418,1005.550986456556,94.76367856553125,none,0
2025-02-14 06:00:00,AWS_003,23.206872629497187,1005.4679407682235,91.0624059393274,none,0
2025-02-14 07:00:00,AWS_003,23.79280895449818,1006.5504193047835,96.71857330208086,none,0
2025-02-14 08:00:00,AWS_003,25.13220356850462,1005.8336833673405,92.5717964398713,none,0
2025-02-14 09:00:00,AWS_003,26.09480147799424,1006.5893458734339,92.57899133698447,none,0
2025-02-14 10:00:00,AWS_003,28.227776990860942,1006.8847958741344,91.13914418122047,none,0
2025-02-14 11:00:00,AWS_003,27.866867812897873,1006.8665669341061,91.35349205570412,none,0
2025-02-14 12:00:00,AWS_003,28.66232999365947,1006.8285543786518,93.01959071752961,none,0
2025-02-14 13:00:00,AWS_003,28.45857079186871,1006.428816527131,89.25605191607698,none,0
2025-02-14 14:00:00,AWS_003,27.531971029650173,1006.4132015939756,88.38520517880556,none,0
2025-02-14 15:00:00,AWS_003,26.720709488891245,1006.0527183392044,86.11685256738429,none,0
2025-02-14 16:00:00,AWS_003,25.37494781090104,1006.3198793083878,92.50644967791472,none,0
2025-02-14 17:00:00,AWS_003,24.434803321000768,1006.1232071354221,92.46561207580707,none,0
2025-02-14 18:00:00,AWS_003,23.12603034893819,1005.7833195842899,92.2420091839419,none,0
2025-02-14 19:00:00,AWS_003,21.548255585755783,1005.3307421368471,93.10238476386796,none,0
2025-02-14 20:00:00,AWS_003,18.993022461578803,1004.5463952583705,97.65397835572274,none,0
2025-02-14 21:00:00,AWS_003,17.827524035861554,1004.4093762387597,100.0,none,0
2025-02-14 22:00:00,AWS_003,17.177891030385307,1005.1125085394929,98.04869827868445,none,0
2025-02-14 23:00:00,AWS_003,16.936247325519936,1003.944266396769,99.05896930869982,none,0
2025-02-15 00:00:00,AWS_003,16.866541528569076,1004.6078940419236,98.68858923816728,none,0
2025-02-15 01:00:00,AWS_003,15.945876421632885,1004.8425884060965,99.50008254204927,none,0
2025-02-15 02:00:00,AWS_003,17.428438997570304,1004.9546116310391,95.96046654233714,none,0
2025-02-15 03:00:00,AWS_003,18.679546923623796,1005.360144172817,99.27153298155285,none,0
2025-02-15 04:00:00,AWS_003,25.30461112601806,1007.0872220100952,98.0,thermo_inconsistent,1
2025-02-15 05:00:00,AWS_003,20.98813925691693,1005.4807443735692,95.88460772351718,none,0
2025-02-15 06:00:00,AWS_003,21.86278249022978,1005.65015097904,95.8987495231738,none,0
2025-02-15 07:00:00,AWS_003,24.73216540842147,1006.4348803479705,87.8722354469024,none,0
2025-02-15 08:00:00,AWS_003,25.797324208163715,1005.9721504105634,94.21983521854011,none,0
2025-02-15 09:00:00,AWS_003,26.694402433622756,1006.797085069949,93.23404895750123,none,0
2025-02-15 10:00:00,AWS_003,27.60197603897851,1006.7178245892002,88.1522061876094,none,0
2025-02-15 11:00:00,AWS_003,28.732187310072725,1007.4472717482516,90.80738636949991,none,0
2025-02-15 12:00:00,AWS_003,29.107427036463733,1007.1646843433189,86.518635119944,none,0
2025-02-15 13:00:00,AWS_003,28.326854397187645,1006.9600068387955,91.34630290752484,none,0
2025-02-15 14:00:00,AWS_003,27.279852108144887,1006.7822255759413,87.64526378853763,none,0
2025-02-15 15:00:00,AWS_003,27.066114105124615,1007.1116811408396,86.97942910901611,none,0
2025-02-15 16:00:00,AWS_003,25.33917467277799,1006.4701358213526,90.39866530283669,none,0
2025-02-15 17:00:00,AWS_003,24.123570167793247,1005.7497638247758,87.66686240026539,none,0
2025-02-15 18:00:00,AWS_003,22.514610090804577,1005.5132353926957,90.80198473314444,none,0
2025-02-15 19:00:00,AWS_003,20.63810525546887,1005.8950034191879,92.71409445242878,none,0
2025-02-15 20:00:00,AWS_003,20.145629891414234,1005.152000582133,100.0,none,0
2025-02-15 21:00:00,AWS_003,17.904155045634763,1004.8066755964275,94.9246762308584,none,0
2025-02-15 22:00:00,AWS_003,18.002927846582423,1005.0192922719039,91.89619015080102,none,0
2025-02-15 23:00:00,AWS_003,16.506540427635226,1004.8004171872562,99.01178730442706,none,0
2025-02-16 00:00:00,AWS_003,16.55788789689579,1004.728409585341,96.13836788811524,none,0
2025-02-16 01:00:00,AWS_003,16.856194415595276,1005.551363317151,99.49216977806589,none,0
2025-02-16 02:00:00,AWS_003,17.627316765935326,1004.7610602062595,96.75602929957097,none,0
2025-02-16 03:00:00,AWS_003,18.022236296054054,1004.770189742533,94.68625240114154,none,0
2025-02-16 04:00:00,AWS_003,20.393380168461384,1004.947884251326,99.22578884283192,none,0
2025-02-16 05:00:00,AWS_003,21.058974919417537,1005.599599898091,95.35639252712876,none,0
2025-02-16 06:00:00,AWS_003,23.342150872072907,1006.0231245660087,98.37027700812725,none,0
2025-02-16 07:00:00,AWS_003,24.592939527753604,1005.8959885338351,92.12810251345094,none,0
2025-02-16 08:00:00,AWS_003,25.69647407150162,1007.1126322827845,88.05199944217506,none,0
2025-02-16 09:00:00,AWS_003,26.656899471762912,1006.3662352111086,88.91263398536594,none,0
2025-02-16 10:00:00,AWS_003,28.09156358940661,1006.9998169535568,88.56278311553501,none,0
2025-02-16 11:00:00,AWS_003,28.687755496521895,1007.2666305535784,91.35924691608584,none,0
2025-02-16 12:00:00,AWS_003,28.414950324233228,1007.1630582002166,83.84484119381142,none,0
2025-02-16 13:00:00,AWS_003,28.47526905335691,1006.9556440674991,89.91656384259043,none,0
2025-02-16 14:00:00,AWS_003,28.19913709839624,1007.1845321481567,95.56542775054683,none,0
2025-02-16 15:00:00,AWS_003,27.407971267047692,1006.8599130532212,95.89614592279351,none,0
2025-02-16 16:00:00,AWS_003,25.697576351629348,1005.8212748952396,88.27576474042755,none,0
2025-02-16 17:00:00,AWS_003,24.22820399810221,1006.7993028469197,89.25639173838294,none,0
2025-02-16 18:00:00,AWS_003,22.42049782694346,1005.6615034590569,93.1517915221672,none,0
2025-02-16 19:00:00,AWS_003,20.69403691797172,1005.4661914868324,94.6014643242029,none,0
2025-02-16 20:00:00,AWS_003,20.112047548977685,1005.6183470987052,88.53518436831263,none,0
2025-02-16 21:00:00,AWS_003,18.58844165356849,1005.5818425081164,100.0,none,0
2025-02-16 22:00:00,AWS_003,17.438503976189235,1004.8793717930662,95.00231026817448,none,0
2025-02-16 23:00:00,AWS_003,17.435165931755567,1004.2445352582363,93.4543225743405,none,0
2025-02-17 00:00:00,AWS_003,17.094727589984917,1005.0671682834011,100.0,none,0
2025-02-17 01:00:00,AWS_003,16.28184898904762,1004.6826588769759,100.0,none,0
2025-02-17 02:00:00,AWS_003,16.630376710318014,1004.6128405218834,98.63691038392695,none,0
2025-02-17 03:00:00,AWS_003,18.535445837069062,1005.189114001172,96.19813682574348,none,0
2025-02-17 04:00:00,AWS_003,19.519469049671475,1005.8246334997705,89.3966965966258,none,0
2025-02-17 05:00:00,AWS_003,21.5583642681292,1005.4452119138247,95.90259702138675,none,0
2025-02-17 06:00:00,AWS_003,22.26426483999017,1005.9114807064146,93.58786848414317,none,0
2025-02-17 07:00:00,AWS_003,24.553348417121295,1006.0503819630466,94.09670185185159,none,0
2025-02-17 08:00:00,AWS_003,25.973781742585373,1006.7789782463922,96.53787949842936,none,0
2025-02-17 09:00:00,AWS_003,26.54695438569106,1007.3557635169652,87.4832399200627,none,0
2025-02-17 10:00:00,AWS_003,28.794960454394523,1006.705340083558,91.33820725677704,none,0
2025-02-17 11:00:00,AWS_003,28.249373148064944,1006.9789728141287,86.74603861097383,none,0
2025-02-17 12:00:00,AWS_003,28.799720118305565,1007.2146719200556,87.41591830239082,none,0
2025-02-17 13:00:00,AWS_003,28.37346592308452,1006.6247100383292,89.98319101551724,none,0
2025-02-17 14:00:00,AWS_003,27.792759612309016,1006.8705096548782,91.17429629945002,none,0
2025-02-17 15:00:00,AWS_003,26.637551520822242,1007.0991805440893,89.31970199918659,none,0
2025-02-17 16:00:00,AWS_003,25.476338909480713,1006.1891705788985,90.81281901291693,none,0
2025-02-17 17:00:00,AWS_003,24.489891816472166,1006.4695618965319,85.99155938537716,none,0
2025-02-17 18:00:00,AWS_003,22.11031408196832,1005.9199748298986,90.37427499587797,none,0
2025-02-17 19:00:00,AWS_003,21.162605501172674,1006.0724162292528,93.59144452540765,none,0
2025-02-17 20:00:00,AWS_003,19.77659032930336,1005.4583666701066,32.8840904281582,spike,1
2025-02-17 21:00:00,AWS_003,18.561025889583313,1005.2271065015561,100.0,none,0
2025-02-17 22:00:00,AWS_003,17.58740444785441,1004.7455498537389,96.22397276979963,none,0
2025-02-17 23:00:00,AWS_003,17.764577732768764,1004.9033051543618,99.95778462225155,none,0
2025-02-18 00:00:00,AWS_003,16.799157727536052,1004.8625676656803,95.04836242445693,none,0
2025-02-18 01:00:00,AWS_003,16.951047421895577,1005.2598048281507,95.81204249514278,none,0
2025-02-18 02:00:00,AWS_003,17.312269055381293,1004.9888225492949,100.0,none,0
2025-02-18 03:00:00,AWS_003,19.09275095186132,1004.9319754979758,97.30603454330868,none,0
2025-02-18 04:00:00,AWS_003,20.316538101042806,1005.5495221556095,98.93111212326725,none,0
2025-02-18 05:00:00,AWS_003,20.869758755407982,1005.8146172260181,93.48636099750594,none,0
2025-02-18 06:00:00,AWS_003,22.396406628534898,1005.9190236512663,96.13177277144443,none,0
2025-02-18 07:00:00,AWS_003,23.953979005241926,1005.9625660481983,83.71139791573162,none,0
2025-02-18 08:00:00,AWS_003,26.198123511356318,1006.7455918907901,88.84808421536565,none,0
2025-02-18 09:00:00,AWS_003,27.146632345358377,1006.8555001355326,91.88615206889482,none,0
2025-02-18 10:00:00,AWS_003,28.3037641357715,1006.7791104374858,91.223526801712,none,0
2025-02-18 11:00:00,AWS_003,28.2303379923832,1007.091798106837,84.26383228579938,none,0
2025-02-18 12:00:00,AWS_003,28.79982328007763,1007.4597187710755,88.81534970769052,none,0
2025-02-18 13:00:00,AWS_003,28.622598120409275,1007.2807249072713,90.88518050930355,none,0
2025-02-18 14:00:00,AWS_003,28.456260662457485,1006.7182254567595,86.91169090228405,none,0
2025-02-18 15:00:00,AWS_003,26.74739524980302,1007.0660999511051,88.05132226254332,none,0
2025-02-18 16:00:00,AWS_003,24.77473282628388,1006.9916116774021,95.83416223963695,none,0
2025-02-18 17:00:00,AWS_003,24.27552175929151,1006.2886445003137,93.29842470086491,none,0
2025-02-18 18:00:00,AWS_003,23.270711633474885,1005.510452477156,94.83120495611878,none,0
2025-02-18 19:00:00,AWS_003,21.998805596129284,1005.7095862420933,91.31974037841324,none,0
2025-02-18 20:00:00,AWS_003,18.999727710957114,1005.4306635936587,99.16421795377028,none,0
2025-02-18 21:00:00,AWS_003,18.809021272551306,1004.7116342286579,97.6152017636254,none,0
2025-02-18 22:00:00,AWS_003,17.97864552463445,1004.9731757642858,98.61047273780993,none,0
2025-02-18 23:00:00,AWS_003,17.142249448863854,1004.7410063953845,98.86934273343984,none,0
2025-02-19 00:00:00,AWS_003,16.681256704576985,1004.9494024559743,96.28809669728219,none,0
2025-02-19 01:00:00,AWS_003,17.255038946121203,1004.6986697360724,99.15440696713003,none,0
2025-02-19 02:00:00,AWS_003,17.651811718111674,1005.1401726865236,97.25951191091693,none,0
2025-02-19 03:00:00,AWS_003,19.240504216947397,1005.0683308987598,93.13547577343296,none,0
2025-02-19 04:00:00,AWS_003,19.626314910911407,1005.934296588705,100.0,none,0
2025-02-19 05:00:00,AWS_003,22.053591931606213,1005.3743870232847,92.53217406157795,none,0
2025-02-19 06:00:00,AWS_003,22.874082670901394,1005.6640045104466,86.99314158656844,none,0
2025-02-19 07:00:00,AWS_003,24.209463787089728,1006.6621754351997,96.93706701645073,none,0
2025-02-19 08:00:00,AWS_003,26.302931986960104,1005.9367008243854,91.43644131138775,none,0
2025-02-19 09:00:00,AWS_003,27.143241220968356,1007.1813938466769,87.54848667136282,none,0
2025-02-19 10:00:00,AWS_003,28.43394190229893,1007.5877454613186,88.3916608083079,none,0
2025-02-19 11:00:00,AWS_003,28.914324975251468,1007.5886563056259,89.91876605089489,none,0
2025-02-19 12:00:00,AWS_003,28.724280580758816,1006.8986189165953,86.99437097658233,none,0
2025-02-19 13:00:00,AWS_003,28.60131512300717,1007.0816962361021,87.65155848101872,none,0
2025-02-19 14:00:00,AWS_003,28.89236740061512,1006.9607809016908,89.31667062556068,none,0
2025-02-19 15:00:00,AWS_003,26.713971150075032,1006.8974843193921,87.62958086121117,none,0
2025-02-19 16:00:00,AWS_003,26.077813182519716,1006.3846531407504,91.85313665481287,none,0
2025-02-19 17:00:00,AWS_003,24.943471076481327,1006.1731437737233,87.84095009376371,none,0
2025-02-19 18:00:00,AWS_003,23.189510068627634,1006.4009693753549,96.31193631529594,none,0
2025-02-19 19:00:00,AWS_003,21.870120155795544,1005.4682241594185,96.49614157978995,none,0
2025-02-19 20:00:00,AWS_003,19.58660517629281,1005.3696786686344,98.2263683148949,none,0
2025-02-19 21:00:00,AWS_003,19.004372090954977,1004.9259710040102,97.07356036230286,none,0
2025-02-19 22:00:00,AWS_003,18.177474171176,1004.3861709063127,100.0,none,0
2025-02-19 23:00:00,AWS_003,16.480167520681995,1004.9573842969601,100.0,none,0
2025-02-20 00:00:00,AWS_003,17.119692808998703,1005.0737389129389,100.0,none,0
2025-02-20 01:00:00,AWS_003,16.96348036140069,1005.0078219203432,100.0,none,0
2025-02-20 02:00:00,AWS_003,17.49031207722059,1005.3895642446245,99.92238588617168,none,0
2025-02-20 03:00:00,AWS_003,19.01845606275827,1005.1583044984214,99.60629475336518,none,0
2025-02-20 04:00:00,AWS_003,20.08188836130547,1005.341714735375,94.13182540884803,none,0
2025-02-20 05:00:00,AWS_003,21.922902062500306,1005.8117089344483,95.04365743590867,none,0
2025-02-20 06:00:00,AWS_003,23.117342174991254,1005.6105554654323,94.98955761265256,none,0
2025-02-20 07:00:00,AWS_003,23.79288278127318,1005.9256075150718,92.4534958940977,none,0
2025-02-20 08:00:00,AWS_003,25.715305911271603,1006.5186394339327,93.3091064008278,none,0
2025-02-20 09:00:00,AWS_003,27.340470080529666,1006.6001065149335,90.30534015243249,none,0
2025-02-20 10:00:00,AWS_003,28.45380848000055,1006.911972318429,90.23616035393324,none,0
2025-02-20 11:00:00,AWS_003,28.51633932646148,1006.6273241718992,87.11531965038255,none,0
2025-02-20 12:00:00,AWS_003,29.178976716381317,1006.5438565479043,87.98235328748694,none,0
2025-02-20 13:00:00,AWS_003,28.48683460758601,1007.4749139080856,89.65642653424112,none,0
2025-02-20 14:00:00,AWS_003,28.653208360440022,1007.0573263060555,86.92247576104,none,0
2025-02-20 15:00:00,AWS_003,27.313433417615187,1006.8321156630087,91.97121657874023,none,0
2025-02-20 16:00:00,AWS_003,26.129174301529833,1006.7628590775922,86.49141708021946,none,0
2025-02-20 17:00:00,AWS_003,23.46634616750602,1006.0372454657969,97.90171733777541,none,0
2025-02-20 18:00:00,AWS_003,22.994225045587108,1006.2037887096385,95.10386834777401,none,0
2025-02-20 19:00:00,AWS_003,21.489915615478502,1005.6669650084358,93.13377786907623,none,0
2025-02-20 20:00:00,AWS_003,19.666137226830372,1005.9994847259286,96.14186973401516,none,0
2025-02-20 21:00:00,AWS_003,18.501589497254038,1005.7213821800592,94.93563440741167,none,0
2025-02-20 22:00:00,AWS_003,18.061315637432525,1005.3148403086971,97.88018345132136,none,0
2025-02-20 23:00:00,AWS_003,16.92320338645938,1004.8268904870125,98.55683709277392,none,0
2025-02-21 00:00:00,AWS_003,17.049532918490804,1004.7411718709001,100.0,none,0
2025-02-21 01:00:00,AWS_003,16.365280162542366,1005.248527165318,98.60028065093384,none,0
2025-02-21 02:00:00,AWS_003,18.024481798829356,1004.926970232822,96.47740667071793,none,0
2025-02-21 03:00:00,AWS_003,17.964703650288843,1005.217004508792,94.0566135533701,none,0
2025-02-21 04:00:00,AWS_003,19.204722925708275,1005.9770449206147,96.71808448370162,none,0
2025-02-21 05:00:00,AWS_003,21.42911633915258,1005.5189111701277,95.5486902013436,none,0
2025-02-21 06:00:00,AWS_003,22.65915698261317,1005.8003279769546,96.07304926365315,none,0
2025-02-21 07:00:00,AWS_003,24.013226489961596,1006.2279689031885,97.57305475900122,none,0
2025-02-21 08:00:00,AWS_003,26.119992693669634,1006.0392231153767,90.29045412706891,none,0
2025-02-21 09:00:00,AWS_003,27.09264206727598,1006.4514320477476,89.11311736438543,none,0
2025-02-21 10:00:00,AWS_003,28.736910310031814,1007.3387169564809,87.73511126143687,none,0
2025-02-21 11:00:00,AWS_003,28.822017764851616,1007.3437289862401,84.41317390417029,none,0
2025-02-21 12:00:00,AWS_003,29.459346445717046,1007.0729521298529,93.90165459166323,none,0
2025-02-21 13:00:00,AWS_003,28.436649922064056,1007.2659407904155,93.44527139419748,none,0
2025-02-21 14:00:00,AWS_003,28.292644843735584,1006.8766732431968,85.88812626139166,none,0
2025-02-21 15:00:00,AWS_003,28.40752805831425,1007.3401419029194,87.96164582127957,none,0
2025-02-21 16:00:00,AWS_003,26.20401238105852,1006.8271339105736,96.64093468571576,none,0
2025-02-21 17:00:00,AWS_003,24.251603671292152,1006.6299376928379,90.88328795882887,none,0
2025-02-21 18:00:00,AWS_003,22.83841251167302,1006.030916305541,94.49341597509344,none,0
2025-02-21 19:00:00,AWS_003,21.331448960667544,1005.6139154964372,98.42603236899302,none,0
2025-02-21 20:00:00,AWS_003,20.2420598445772,1005.0968433186837,92.40100267805212,none,0
2025-02-21 21:00:00,AWS_003,17.9624685337929,1005.1772056290565,93.17757548197186,none,0
2025-02-21 22:00:00,AWS_003,18.17928506699542,1005.3164518476425,97.69733868491596,none,0
2025-02-21 23:00:00,AWS_003,17.389759593141513,1004.8531855266251,97.457187407377,none,0
2025-02-22 00:00:00,AWS_003,16.921794396473036,1004.8703147359847,98.96261468417997,none,0
2025-02-22 01:00:00,AWS_003,17.579150566880962,1004.6428584778513,97.8377391535189,none,0
2025-02-22 02:00:00,AWS_003,16.917427221713996,1004.7615000315469,95.19177644720999,none,0
2025-02-22 03:00:00,AWS_003,19.498985037684154,1005.2188236053382,90.7110571023874,none,0
2025-02-22 04:00:00,AWS_003,20.118564083177354,1005.1652783478767,98.33546183470195,none,0
2025-02-22 05:00:00,AWS_003,21.89234864828313,1006.0897576939916,92.89965915122669,none,0
2025-02-22 06:00:00,AWS_003,22.70113728823196,1005.6609827397332,94.30879215316165,none,0
2025-02-22 07:00:00,AWS_003,24.78711122915054,1006.7435240572566,95.52294969650914,none,0
2025-02-22 08:00:00,AWS_003,26.076314558669488,1006.7785874349088,92.3149996014725,none,0
2025-02-22 09:00:00,AWS_003,27.718173296736538,1007.1926571632428,92.02139094890701,none,0
2025-02-22 10:00:00,AWS_003,27.77552984469722,1007.0970491290839,95.23295347995062,none,0
2025-02-22 11:00:00,AWS_003,29.761542177339944,1008.0065819088372,88.96655094266166,none,0
2025-02-22 12:00:00,AWS_003,29.225510269012418,1007.3743996673758,91.64209308643402,none,0
2025-02-22 13:00:00,AWS_003,29.554094857964866,1007.5529965581048,86.4593893345207,none,0
2025-02-22 14:00:00,AWS_003,28.383600719820105,1007.1426418046843,93.7728129696582,none,0
2025-02-22 15:00:00,AWS_003,27.385030219139544,1007.319595724477,91.02640279870512,none,0
2025-02-22 16:00:00,AWS_003,26.152067376634463,1006.8722986764616,91.59400841964384,none,0
2025-02-22 17:00:00,AWS_003,25.08162462678831,1006.5778840073931,93.52087947668174,none,0
2025-02-22 18:00:00,AWS_003,23.40583227221704,1006.1445632100537,93.60957466445548,none,0
2025-02-22 19:00:00,AWS_003,21.223312434837162,1005.3318393248128,94.5962139940003,none,0
2025-02-22 20:00:00,AWS_003,19.905363459662254,1005.6484300187411,92.79146036868651,none,0
2025-02-22 21:00:00,AWS_003,19.09319229777825,1005.1049982415693,100.0,none,0
2025-02-22 22:00:00,AWS_003,17.483903054868254,1005.5767789934245,96.16041124894303,none,0
2025-02-22 23:00:00,AWS_003,17.531988028980948,1004.8231229893078,92.33096267540368,none,0
2025-02-23 00:00:00,AWS_003,16.87452952597175,1004.991978588205,96.74501452730658,none,0
2025-02-23 01:00:00,AWS_003,17.728127228846216,1005.1874708876297,94.4176013830033,none,0
2025-02-23 02:00:00,AWS_003,18.147570431525104,1004.9138892877465,97.77039179706345,none,0
2025-02-23 03:00:00,AWS_003,19.12527605720634,1006.1692550324966,90.85117445431466,none,0
2025-02-23 04:00:00,AWS_003,20.061573683290398,1005.4931511945307,96.24692358055967,none,0
2025-02-23 05:00:00,AWS_003,22.042517621297016,1006.0816690572199,95.55069042734236,none,0
2025-02-23 06:00:00,AWS_003,23.045674157850407,1006.1233992723279,98.35068724349753,none,0
2025-02-23 07:00:00,AWS_003,25.304503486974177,1006.3814345777167,93.78722538026263,none,0
2025-02-23 08:00:00,AWS_003,25.705718257452336,1006.4429631832724,93.28592362873454,none,0
2025-02-23 09:00:00,AWS_003,27.541119163333025,1007.117132205703,92.4667012926855,none,0
2025-02-23 10:00:00,AWS_003,28.191455915780455,1007.1683778192539,87.42312455527792,none,0
2025-02-23 11:00:00,AWS_003,29.575959497838078,1007.527440030483,89.62172004604943,none,0
2025-02-23 12:00:00,AWS_003,29.50200874847241,1007.6273885149603,87.79822426490284,none,0
2025-02-23 13:00:00,AWS_003,29.303454744328445,1007.6948063314215,90.17343612815552,none,0
2025-02-23 14:00:00,AWS_003,28.14218104838953,1007.0956571331653,90.85258477636489,none,0
2025-02-23 15:00:00,AWS_003,27.42598658586816,1006.7897712828689,89.45557509094168,none,0
2025-02-23 16:00:00,AWS_003,25.78446789864884,1006.1579032697426,86.96117696275608,none,0
2025-02-23 17:00:00,AWS_003,24.43458106200233,1007.0056257306393,96.65621406204887,none,0
2025-02-23 18:00:00,AWS_003,23.750332212357,1005.9709825830138,91.83768456797695,none,0
2025-02-23 19:00:00,AWS_003,21.19427587703288,1006.0233247343732,96.47571975120869,none,0
2025-02-23 20:00:00,AWS_003,20.346873022738535,1005.2489687562395,92.99344750890857,none,0
2025-02-23 21:00:00,AWS_003,19.338845853044916,1005.4308478090278,99.99103554544257,none,0
2025-02-23 22:00:00,AWS_003,18.287538973131173,1005.4800626842083,99.23437109046027,none,0
2025-02-23 23:00:00,AWS_003,18.0735808278589,1005.3135265208012,96.5790986463021,none,0
2025-02-24 00:00:00,AWS_003,16.5525504226637,1004.9729371682239,100.0,none,0
2025-02-24 01:00:00,AWS_003,17.842640004582023,1004.7866105927048,98.35120000766706,none,0
2025-02-24 02:00:00,AWS_003,18.706931710371432,1005.4152249288261,93.95791521544638,none,0
2025-02-24 03:00:00,AWS_003,18.57685541161444,1005.27108955023,96.33143717795222,none,0
2025-02-24 04:00:00,AWS_003,20.20769666281997,1005.7536104120998,94.82674860621559,none,0
2025-02-24 05:00:00,AWS_003,21.563872928662715,1005.9299616456295,94.76902025932576,none,0
2025-02-24 06:00:00,AWS_003,22.9335683208746,1005.7906245920863,91.42620232710209,none,0
2025-02-24 07:00:00,AWS_003,29.966089901024368,1006.9463829170998,98.0,thermo_inconsistent,1
2025-02-24 08:00:00,AWS_003,25.913330097679573,1007.6157380060417,95.9486048922768,none,0
2025-02-24 09:00:00,AWS_003,27.585918396472724,1007.3549922575146,87.48458752262836,none,0
2025-02-24 10:00:00,AWS_003,28.626458198599952,1007.29752858154,87.09922090046587,none,0
2025-02-24 11:00:00,AWS_003,28.399874677786038,1007.734943311256,85.63974936570226,none,0
2025-02-24 12:00:00,AWS_003,28.899858098061472,1007.1995143021179,86.59629914030532,none,0
2025-02-24 13:00:00,AWS_003,28.926656818416202,1007.431609566306,90.9177795182298,none,0
2025-02-24 14:00:00,AWS_003,28.977096876956967,1007.9912386034192,82.7365679193272,none,0
2025-02-24 15:00:00,AWS_003,27.462395514331952,1007.2878874076308,93.86207006736815,none,0
2025-02-24 16:00:00,AWS_003,26.339796348950202,1006.8015101774442,87.39901901850492,none,0
2025-02-24 17:00:00,AWS_003,24.112470259962755,1006.3561441180643,89.64930870184239,none,0
2025-02-24 18:00:00,AWS_003,24.152441283397668,1006.5284705966485,92.74804663803918,none,0
2025-02-24 19:00:00,AWS_003,21.79741473513554,1006.0896570315424,95.0102586689274,none,0
2025-02-24 20:00:00,AWS_003,20.56233708469247,1005.1221558051043,99.87662761404505,none,0
2025-02-24 21:00:00,AWS_003,19.574998159169493,1005.3952250779992,98.4289560820578,none,0
2025-02-24 22:00:00,AWS_003,18.301915712808306,1005.137967861219,97.47931655309705,none,0
2025-02-24 23:00:00,AWS_003,17.23493004850319,1005.1222889166703,96.04657119693974,none,0
2025-02-25 00:00:00,AWS_003,16.945642134037136,1004.7732367049504,94.59623731761386,none,0
2025-02-25 01:00:00,AWS_003,18.111247351708847,1005.3132382084792,95.97037024598613,none,0
2025-02-25 02:00:00,AWS_003,17.49538977939298,1005.212484257522,94.7826923908858,none,0
2025-02-25 03:00:00,AWS_003,19.492676835520534,1005.8040716384859,95.72080139360305,none,0
2025-02-25 04:00:00,AWS_003,21.086423207290988,1005.3808425767211,87.71067805471664,none,0
2025-02-25 05:00:00,AWS_003,24.941271736301523,1006.9023616968351,98.0,thermo_inconsistent,1
2025-02-25 06:00:00,AWS_003,23.16415707742604,1006.2220870100525,95.33059502301893,none,0
2025-02-25 07:00:00,AWS_003,25.172079321849996,1006.4730414634705,89.7219533011436,none,0
2025-02-25 08:00:00,AWS_003,26.58920563323637,1006.8594373111813,91.70453174129008,none,0
2025-02-25 09:00:00,AWS_003,27.704468533366953,1007.6998501784159,92.5624889909336,none,0
2025-02-25 10:00:00,AWS_003,29.729189041643917,1007.2098498359964,85.91042446723753,none,0
2025-02-25 11:00:00,AWS_003,29.012724094387693,1007.218825761377,88.24472998995653,none,0
2025-02-25 12:00:00,AWS_003,29.92191879548585,1007.4075039695662,88.29921802497662,none,0
2025-02-25 13:00:00,AWS_003,30.248754047452586,1007.3715879012047,87.77373649810755,none,0
2025-02-25 14:00:00,AWS_003,28.68818010020965,1007.5334809009571,82.88330391231038,none,0
2025-02-25 15:00:00,AWS_003,27.35432606725291,1007.1101915237014,87.39916702987186,none,0
2025-02-25 16:00:00,AWS_003,27.349937718066748,1007.2142423240969,87.6063675395137,none,0
2025-02-25 17:00:00,AWS_003,24.822189361922725,1006.2456733685616,88.63686282697584,none,0
2025-02-25 18:00:00,AWS_003,23.923714088424116,1006.2033256336512,85.06538310841265,none,0
2025-02-25 19:00:00,AWS_003,21.278687792384734,1006.0481067210344,97.11382027641432,none,0
2025-02-25 20:00:00,AWS_003,20.513196624549746,1005.8340624464955,96.15098413661288,none,0
2025-02-25 21:00:00,AWS_003,18.26302654974896,1005.1420065987262,99.02649507347645,none,0
2025-02-25 22:00:00,AWS_003,17.57059486805771,1005.0910857610316,97.22552620846888,none,0
2025-02-25 23:00:00,AWS_003,17.019398542084087,1004.8409575669916,97.68839939621719,none,0
2025-02-26 00:00:00,AWS_003,17.304776874341414,1004.9215112827749,96.42826465477116,none,0
2025-02-26 01:00:00,AWS_003,17.87043774865529,1005.328942455722,97.2985218506027,none,0
2025-02-26 02:00:00,AWS_003,18.630865267490694,1005.4402268368748,95.68071289113784,none,0
2025-02-26 03:00:00,AWS_003,18.934157855503614,1005.3158980201526,91.65853001234684,none,0
2025-02-26 04:00:00,AWS_003,19.62619185848571,1005.2566998819545,96.74901166598006,none,0
2025-02-26 05:00:00,AWS_003,20.402024737649132,1005.7518264640939,96.51755072793235,none,0
2025-02-26 06:00:00,AWS_003,23.455995304184878,1006.5693735653932,89.87272976372203,none,0
2025-02-26 07:00:00,AWS_003,24.764939177061844,1006.5239411004998,88.51869483924978,none,0
2025-02-26 08:00:00,AWS_003,26.133949773964666,1007.114212166535,89.04636648928374,none,0
2025-02-26 09:00:00,AWS_003,27.986663005010005,1007.6008656746911,85.42395919401383,none,0
2025-02-26 10:00:00,AWS_003,28.901046723505825,1007.6317961627622,84.36795044535573,none,0
2025-02-26 11:00:00,AWS_003,29.832670386365336,1007.1752540927555,87.72509242473303,none,0
2025-02-26 12:00:00,AWS_003,30.000366000607496,1007.6549939955296,83.62029998273202,none,0
2025-02-26 13:00:00,AWS_003,29.825701897929527,1007.5711641835795,87.79184988910855,none,0
2025-02-26 14:00:00,AWS_003,28.621549804260717,1007.5408898761139,84.39734650542049,none,0
2025-02-26 15:00:00,AWS_003,27.34879050981296,1006.9812094222184,85.36054805123842,none,0
2025-02-26 16:00:00,AWS_003,26.028334164845226,1006.420856850642,88.15847373637399,none,0
2025-02-26 17:00:00,AWS_003,24.865719330662966,1007.0370433735177,91.88078520568327,none,0
2025-02-26 18:00:00,AWS_003,23.53380332177818,1006.3518202009427,93.83238892392099,none,0
2025-02-26 19:00:00,AWS_003,21.156041254436126,1005.8933583496033,95.44878586230678,none,0
2025-02-26 20:00:00,AWS_003,20.305082483635378,1005.6473605606116,99.88060244049508,none,0
2025-02-26 21:00:00,AWS_003,19.303742050890442,1006.4876942962221,100.0,none,0
2025-02-26 22:00:00,AWS_003,18.83052973681708,1005.0416490107124,93.3996433378608,none,0
2025-02-26 23:00:00,AWS_003,17.48218877291417,1005.4325496117292,100.0,none,0
2025-02-27 00:00:00,AWS_003,17.274441955037066,1005.059075408696,98.00873105998252,none,0
2025-02-27 01:00:00,AWS_003,17.45390148169314,1005.2610655580997,100.0,none,0
2025-02-27 02:00:00,AWS_003,18.747752522741617,1005.4105201660421,100.0,none,0
2025-02-27 03:00:00,AWS_003,18.440839718412604,1005.7662251343558,93.54788600938963,none,0
2025-02-27 04:00:00,AWS_003,20.72010608520359,1005.6477974383267,96.76498237503962,none,0
2025-02-27 05:00:00,AWS_003,21.337662904763572,1006.3532126172508,98.81857435541896,none,0
2025-02-27 06:00:00,AWS_003,23.325794016376562,1006.419650574991,95.1602134419725,none,0
2025-02-27 07:00:00,AWS_003,25.42540316872931,1006.8798168145237,90.97646493655242,none,0
2025-02-27 08:00:00,AWS_003,26.30557067070504,1006.1296100507336,93.62145320922586,none,0
2025-02-27 09:00:00,AWS_003,27.68739628494585,1007.0148608562433,91.38839835647724,none,0
2025-02-27 10:00:00,AWS_003,28.26491311983391,1007.5560263584073,90.38116459411674,none,0
2025-02-27 11:00:00,AWS_003,28.597126808336103,1007.1923458157904,90.95848606934231,none,0
2025-02-27 12:00:00,AWS_003,30.048036616278797,1007.7114293583253,85.32655287718488,none,0
2025-02-27 13:00:00,AWS_003,29.16067030844707,1007.331735286654,86.69456432548378,drift,1
2025-02-27 14:00:00,AWS_003,29.21364446000715,1007.6835201652676,88.85609814552316,drift,1
2025-02-27 15:00:00,AWS_003,28.448870516484714,1007.0362300439256,91.26520876795381,drift,1
2025-02-27 16:00:00,AWS_003,27.799237050546402,1006.9587928592877,90.70740884303778,drift,1
2025-02-27 17:00:00,AWS_003,26.87692285102871,1006.818081497043,93.55171827220985,drift,1
2025-02-27 18:00:00,AWS_003,25.92388248145754,1006.8884686149486,92.57545344900765,drift,1
2025-02-27 19:00:00,AWS_003,24.230731413573814,1005.7890739696609,93.78844166757301,drift,1
2025-02-27 20:00:00,AWS_003,23.444348359953757,1005.4409920134368,93.57574812456645,drift,1
2025-02-27 21:00:00,AWS_003,22.9970470914109,1005.2946785207747,95.05785710443104,drift,1
2025-02-27 22:00:00,AWS_003,22.272752807458996,1005.3539370398178,96.92020435516122,drift,1
2025-02-27 23:00:00,AWS_003,22.25129871355491,1005.3419055359808,93.3342184679327,drift,1
2025-02-28 00:00:00,AWS_003,22.262948783299127,1005.5430892136845,96.22607810901343,drift,1
2025-02-28 01:00:00,AWS_003,23.253592924615894,1005.1996494317195,100.0,drift,1
2025-02-28 02:00:00,AWS_003,18.20019479846193,1005.4695557875475,93.18969572648413,none,0
2025-02-28 03:00:00,AWS_003,18.423793804356226,1005.687231522032,100.0,none,0
2025-02-28 04:00:00,AWS_003,20.130748820700873,1005.6520416262772,100.0,none,0
2025-02-28 05:00:00,AWS_003,22.198353035542155,1005.5707388735448,96.88948647043624,none,0
2025-02-28 06:00:00,AWS_003,24.648464484300582,1006.1833974078114,90.98101068624102,none,0
2025-02-28 07:00:00,AWS_003,24.794919252425313,1007.3293625230527,92.42102744041249,none,0
2025-02-28 08:00:00,AWS_003,25.750699814460337,1006.5675475512428,89.224108199564,none,0
2025-02-28 09:00:00,AWS_003,28.06920104648428,1007.171029745039,88.23579302558177,none,0
2025-02-28 10:00:00,AWS_003,29.725858032154882,1007.874403359051,87.28469742527926,none,0
2025-02-28 11:00:00,AWS_003,29.06796966783256,1007.1390726204794,84.40103993590215,none,0
2025-02-28 12:00:00,AWS_003,29.476417976074114,1007.5085550871053,89.75640879696518,none,0
2025-02-28 13:00:00,AWS_003,29.270540054927285,1007.392729750677,90.93684734659674,none,0
2025-02-28 14:00:00,AWS_003,41.04780415036222,991.4638602572667,98.0,multivariate_inconsistent,1
2025-02-28 15:00:00,AWS_003,27.01530255760501,1006.9137367216618,94.8960856009042,none,0
2025-02-28 16:00:00,AWS_003,26.92315419728723,1006.8262039221723,86.73565963555113,none,0
2025-02-28 17:00:00,AWS_003,25.164467184333997,1006.7816487795916,91.67805021123398,none,0
2025-02-28 18:00:00,AWS_003,23.577398397182385,1006.7309382164959,94.25305998749587,none,0
2025-02-28 19:00:00,AWS_003,21.962456946949406,1005.9233122717429,92.04150229268664,frozen,1
2025-02-28 20:00:00,AWS_003,21.962456946949406,1005.9233122717429,92.04150229268664,frozen,1
2025-02-28 21:00:00,AWS_003,21.962456946949406,1005.9233122717429,92.04150229268664,frozen,1
2025-02-28 22:00:00,AWS_003,21.962456946949406,1005.9233122717429,92.04150229268664,frozen,1
2025-02-28 23:00:00,AWS_003,21.962456946949406,1005.9233122717429,92.04150229268664,frozen,1
2025-03-01 00:00:00,AWS_003,21.962456946949406,1005.9233122717429,92.04150229268664,frozen,1
2025-03-01 01:00:00,AWS_003,21.962456946949406,1005.9233122717429,92.04150229268664,frozen,1
2025-03-01 02:00:00,AWS_003,21.962456946949406,1005.9233122717429,92.04150229268664,frozen,1
2025-03-01 03:00:00,AWS_003,19.725197369738563,1005.2838437763578,92.75391554661022,none,0
2025-03-01 04:00:00,AWS_003,20.608044987582034,1005.9618095793796,95.19273946839868,none,0
2025-03-01 05:00:00,AWS_003,21.442370689537842,1006.2199691622234,98.15993668246259,none,0
2025-03-01 06:00:00,AWS_003,23.215199915051564,1006.5491194220551,92.50366577786858,none,0
2025-03-01 07:00:00,AWS_003,24.96508759214265,1006.4891521738219,89.20628194731842,none,0
2025-03-01 08:00:00,AWS_003,26.79659806632541,1006.9727855462407,92.93997389576525,none,0
2025-03-01 09:00:00,AWS_003,27.86828752979663,1006.988208555519,86.44987768280959,none,0
2025-03-01 10:00:00,AWS_003,28.810684104994486,1006.5423267439743,86.89962831813777,none,0
2025-03-01 11:00:00,AWS_003,29.728796425889445,1007.5589240623203,90.05406823978694,none,0
2025-03-01 12:00:00,AWS_003,29.605088294341662,1007.5873748201583,87.6962225925653,none,0
2025-03-01 13:00:00,AWS_003,29.337487241593728,1007.8015162305509,86.86858876800387,none,0
2025-03-01 14:00:00,AWS_003,28.82431445522803,1007.1879827163508,88.06093011061897,none,0
2025-03-01 15:00:00,AWS_003,27.9492006373371,1006.9103083962349,90.70982954115456,none,0
2025-03-01 16:00:00,AWS_003,26.432657309305018,1006.995392674202,87.31747583852841,none,0
2025-03-01 17:00:00,AWS_003,24.816958218058055,1006.5685125828725,91.4713229594238,none,0
2025-03-01 18:00:00,AWS_003,23.47877287368506,1005.9079804428611,92.77856433889372,none,0
2025-03-01 19:00:00,AWS_003,22.119850202041707,1006.639824345245,93.3718779340581,none,0
2025-03-01 20:00:00,AWS_003,19.96453337330338,1006.1470462907212,97.61695525990235,none,0
2025-03-01 21:00:00,AWS_003,19.221706793054373,1005.136055560065,92.54613413243374,none,0
2025-03-01 22:00:00,AWS_003,18.170373189585515,1004.8115587594747,96.49087687810513,none,0
2025-03-01 23:00:00,AWS_003,17.247068375520357,1005.0011422716666,97.16698383944144,none,0
2025-03-02 00:00:00,AWS_003,18.037915447256363,1005.2684338688119,93.07312721589531,none,0
2025-03-02 01:00:00,AWS_003,17.655392461001263,1005.0100907762223,94.76728857394241,none,0
2025-03-02 02:00:00,AWS_003,17.454860841398254,1005.3512765932245,99.28881834967932,none,0
2025-03-02 03:00:00,AWS_003,19.869219753317385,1006.0761857805326,94.77924664183618,none,0
2025-03-02 04:00:00,AWS_003,20.785909864400175,1006.7701408046215,95.1364737389894,none,0
2025-03-02 05:00:00,AWS_003,20.93883345428221,1006.108952599491,97.03364495237538,drift,1
2025-03-02 06:00:00,AWS_003,24.448828671134915,1006.060089030928,85.92489210870232,drift,1
2025-03-02 07:00:00,AWS_003,26.52718397364954,1046.6164464760404,91.83419446568618,spike,1
2025-03-02 08:00:00,AWS_003,28.382568875820017,1007.2577074877456,85.90769276965949,drift,1
2025-03-02 09:00:00,AWS_003,30.564040429722116,1008.1385208691902,91.64414352116782,drift,1
2025-03-02 10:00:00,AWS_003,31.530458087824762,1008.2625164282341,95.3328278416344,drift,1
2025-03-02 11:00:00,AWS_003,33.36350699553298,1008.4479400857894,86.42411671826353,drift,1
2025-03-02 12:00:00,AWS_003,33.45493064210121,1009.1431038201978,86.43171334315359,drift,1
2025-03-02 13:00:00,AWS_003,34.17545146671988,1009.6325061970674,89.2357897542035,drift,1
2025-03-02 14:00:00,AWS_003,34.00405070930302,1009.7342830229886,89.80823167593105,drift,1
2025-03-02 15:00:00,AWS_003,33.773470710549205,1009.8838548683206,87.46249305420535,drift,1
2025-03-02 16:00:00,AWS_003,33.002133208894,1009.8956082193132,87.99568375962922,drift,1
2025-03-02 17:00:00,AWS_003,31.789979531857618,1010.2289187506318,90.34665470062366,drift,1
2025-03-02 18:00:00,AWS_003,31.353104300331452,1010.2566107000598,91.26110020052757,drift,1
2025-03-02 19:00:00,AWS_003,30.149136882070344,1010.7055517503185,93.08610037755784,drift,1
2025-03-02 20:00:00,AWS_003,29.539462393400953,1010.8592915892013,97.43989552552017,drift,1
2025-03-02 21:00:00,AWS_003,28.19803283026829,1010.8758026183768,94.5595247717564,drift,1
2025-03-02 22:00:00,AWS_003,28.732308322995515,1011.2655842554755,96.24940806424677,drift,1
2025-03-02 23:00:00,AWS_003,27.85239781960422,1011.3614314905764,93.6937996163205,drift,1
2025-03-03 00:00:00,AWS_003,28.240101956227434,1011.2054200881121,100.0,drift,1
2025-03-03 01:00:00,AWS_003,17.586790856860574,1011.3982925023212,96.08912274126487,drift,1
2025-03-03 02:00:00,AWS_003,18.88801483364909,1012.8114679655331,88.42952505282516,drift,1
2025-03-03 03:00:00,AWS_003,19.439167219517092,1013.3646150999786,95.31520821025182,drift,1
2025-03-03 04:00:00,AWS_003,20.61170724536554,1006.0489487439542,96.85572201111913,none,0
2025-03-03 05:00:00,AWS_003,22.250868927058583,1005.5772214221604,95.79694525615952,none,0
2025-03-03 06:00:00,AWS_003,23.384377581649645,1006.4897061208584,99.01134793786574,none,0
2025-03-03 07:00:00,AWS_003,25.22981983829556,1006.9018241589038,95.85359505815799,none,0
2025-03-03 08:00:00,AWS_003,26.943084087650494,1007.1790792921223,90.71976118785025,none,0
2025-03-03 09:00:00,AWS_003,27.89156914932386,1006.9601083949517,89.79625453084317,none,0
2025-03-03 10:00:00,AWS_003,28.34728075331388,1008.0853044542681,86.6308225766394,none,0
2025-03-03 11:00:00,AWS_003,30.161944633051075,1007.6671800291736,90.87045768043576,none,0
2025-03-03 12:00:00,AWS_003,29.74315477300007,1007.6350569294241,89.03270749680057,none,0
2025-03-03 13:00:00,AWS_003,28.853742959528308,1007.8310211765968,97.30011537507349,none,0
2025-03-03 14:00:00,AWS_003,28.579089188886424,1007.7761115729951,83.0423750410677,none,0
2025-03-03 15:00:00,AWS_003,29.364290641945413,1007.5021500048381,93.07230286369851,none,0
2025-03-03 16:00:00,AWS_003,26.84059791818214,1006.922309809805,84.33181106345286,none,0
2025-03-03 17:00:00,AWS_003,24.870762595820693,1006.6973652297944,96.07404233987509,none,0
2025-03-03 18:00:00,AWS_003,23.035697905945923,1006.6344938307153,97.94610867104223,none,0
2025-03-03 19:00:00,AWS_003,21.60730934448714,1005.6788314056829,90.73558049861796,none,0
2025-03-03 20:00:00,AWS_003,20.730027466015834,1005.7694560247492,91.61277833741272,none,0
2025-03-03 21:00:00,AWS_003,19.898749814998528,1005.919750453229,97.19313574769458,none,0
2025-03-03 22:00:00,AWS_003,18.857502706634296,1005.2780321231025,97.88561875344647,none,0
2025-03-03 23:00:00,AWS_003,18.06774928444372,1004.8245784196431,94.4838256535149,none,0
2025-03-04 00:00:00,AWS_003,17.93187001179906,1005.5020781083477,100.0,none,0
2025-03-04 01:00:00,AWS_003,18.079823258102795,1005.5647647823777,93.70884226753785,none,0
2025-03-04 02:00:00,AWS_003,18.580241537056743,1005.5045921898845,99.08360395302815,none,0
2025-03-04 03:00:00,AWS_003,19.879516851132717,1005.9274259965025,93.48782515647449,none,0
2025-03-04 04:00:00,AWS_003,20.671324946851108,1006.0596688044945,97.69464013772611,none,0
2025-03-04 05:00:00,AWS_003,22.50593594061121,1006.0359227050861,87.32979937001014,none,0
2025-03-04 06:00:00,AWS_003,22.78611838978042,1006.0536294598859,89.22884520054144,none,0
2025-03-04 07:00:00,AWS_003,24.62159225612539,1006.5273893537166,91.48649785711412,none,0
2025-03-04 08:00:00,AWS_003,27.01674805308897,1006.8849412145457,87.97159272148079,none,0
2025-03-04 09:00:00,AWS_003,27.958095536291758,1007.2845891194268,92.74106556139681,none,0
2025-03-04 10:00:00,AWS_003,28.368351875600467,1007.8264061483977,92.05478481294101,none,0
2025-03-04 11:00:00,AWS_003,30.282751250362722,1008.0223151459779,89.57704418613666,none,0
2025-03-04 12:00:00,AWS_003,30.65685178219259,1007.2673663243279,84.45653963590372,none,0
2025-03-04 13:00:00,AWS_003,29.580895167140465,1006.8163276091904,93.68795127829506,none,0
2025-03-04 14:00:00,AWS_003,29.07355936048278,1007.9650473510751,90.25294582158402,none,0
2025-03-04 15:00:00,AWS_003,27.672456413286085,1007.3930670414258,87.45014713327447,none,0
2025-03-04 16:00:00,AWS_003,26.04575732093598,1006.9511375209688,92.17946989416305,none,0
2025-03-04 17:00:00,AWS_003,25.236234221469733,1007.1092022009866,88.37386757088483,none,0
2025-03-04 18:00:00,AWS_003,23.423662790292227,1006.5515995155065,90.55011923489113,none,0
2025-03-04 19:00:00,AWS_003,22.188840113810574,1006.4481380093014,87.84699508938031,none,0
2025-03-04 20:00:00,AWS_003,20.657679217730294,1005.3746084864298,91.13808319055005,none,0
2025-03-04 21:00:00,AWS_003,19.328136349951667,1005.6526768018588,96.32676319217221,none,0
2025-03-04 22:00:00,AWS_003,18.5831683303904,1005.4663786256042,95.56335726760913,none,0
2025-03-04 23:00:00,AWS_003,18.591496893518965,1005.5494004511729,94.7188744058305,none,0
2025-03-05 00:00:00,AWS_003,17.328901753304162,1005.9114900151684,99.38930925475977,none,0
2025-03-05 01:00:00,AWS_003,18.010914236844968,1004.7814744056848,96.31370931705544,none,0
2025-03-05 02:00:00,AWS_003,19.11048862643017,1005.3757856680593,91.39346406089939,none,0
2025-03-05 03:00:00,AWS_003,19.751720947352148,1006.2401240979267,99.02802668020642,none,0
2025-03-05 04:00:00,AWS_003,20.849361770187596,1006.1382881999292,90.00584770581118,none,0
2025-03-05 05:00:00,AWS_003,22.15253640780522,1006.8481899284278,97.51415228321792,none,0
2025-03-05 06:00:00,AWS_003,23.438094240199156,1006.6227781789162,92.93435999819145,none,0
2025-03-05 07:00:00,AWS_003,25.076691625417443,1006.8945822892142,95.87420448328784,none,0
2025-03-05 08:00:00,AWS_003,27.18641194230505,1007.5232753921633,93.66988698168618,none,0
2025-03-05 09:00:00,AWS_003,27.916592251648208,1007.6001532749898,89.78804637278296,none,0
2025-03-05 10:00:00,AWS_003,29.656374641345124,1007.9288392659895,86.90591731127482,none,0
2025-03-05 11:00:00,AWS_003,30.098573404558298,1007.9825625067538,92.18124613306117,none,0
2025-03-05 12:00:00,AWS_003,30.092044583801744,1007.5958994001621,84.93742257124542,none,0
2025-03-05 13:00:00,AWS_003,30.116716695101285,1007.8323981630549,88.66043421371764,none,0
2025-03-05 14:00:00,AWS_003,29.044190647230597,1007.7085478865928,83.4295488926139,none,0
2025-03-05 15:00:00,AWS_003,28.920708713352116,1007.3153998724349,89.11319813751578,none,0
2025-03-05 16:00:00,AWS_003,26.74478635742019,1007.0949300129325,91.17879641899329,none,0
2025-03-05 17:00:00,AWS_003,25.781254255142183,1006.3717394889135,87.40432253666123,none,0
2025-03-05 18:00:00,AWS_003,23.999728875142445,1006.493106458506,92.40821766650284,none,0
2025-03-05 19:00:00,AWS_003,22.42308283123979,1006.2226655514323,88.34889138785985,none,0
2025-03-05 20:00:00,AWS_003,20.67392333028312,1005.7517580664957,93.57009258952226,none,0
2025-03-05 21:00:00,AWS_003,19.79841733377438,1005.5955622350994,94.71631740501869,none,0
2025-03-05 22:00:00,AWS_003,18.447516504299987,1006.0649686584483,100.0,none,0
2025-03-05 23:00:00,AWS_003,18.60277979060527,1005.5226265614805,97.84420447547144,none,0
2025-03-06 00:00:00,AWS_003,18.00200818576572,1005.2042094881903,94.76937751943835,none,0
2025-03-06 01:00:00,AWS_003,18.452788971650982,1004.8993969222454,96.11249897775204,none,0
2025-03-06 02:00:00,AWS_003,18.632386881526713,1005.9797608368308,98.58914052170913,none,0
2025-03-06 03:00:00,AWS_003,19.71192969049676,1006.2883107642813,96.99706652594693,none,0
2025-03-06 04:00:00,AWS_003,20.973527533274552,1005.7236908735757,96.29490130003852,none,0
2025-03-06 05:00:00,AWS_003,22.15924764084724,1006.6626485816362,93.8241214131891,none,0
2025-03-06 06:00:00,AWS_003,23.92837566452241,1006.5410230328137,93.51567591263913,none,0
2025-03-06 07:00:00,AWS_003,24.989937137143883,1007.2037660196133,92.99019649171241,none,0
2025-03-06 08:00:00,AWS_003,26.642422727789555,1007.1443642420178,89.56520568343815,none,0
2025-03-06 09:00:00,AWS_003,28.426119512658612,1007.3635082796279,89.63275557033047,none,0
2025-03-06 10:00:00,AWS_003,28.535223515314698,1007.5258396305516,93.46366631833818,none,0
2025-03-06 11:00:00,AWS_003,28.686341997568167,1007.4026317795328,88.1600753463194,none,0
2025-03-06 12:00:00,AWS_003,29.989041238182285,1008.068018305111,83.11468886321816,none,0
2025-03-06 13:00:00,AWS_003,30.345931969492195,1007.4186133384201,89.81588864426121,none,0
2025-03-06 14:00:00,AWS_003,28.91114955657817,1007.6026138363211,82.54390532900658,none,0
2025-03-06 15:00:00,AWS_003,28.101364000589747,1007.6315022043196,90.63773414245648,none,0
2025-03-06 16:00:00,AWS_003,26.854835618523676,1007.1271119551745,86.86369165127772,none,0
2025-03-06 17:00:00,AWS_003,25.865014681347564,1007.0266653176217,88.2691982251325,none,0
2025-03-06 18:00:00,AWS_003,23.448555749062997,1006.9170381864001,95.47764147824441,drift,1
2025-03-06 19:00:00,AWS_003,22.3656433667166,1006.9492751840828,94.09251830981046,drift,1
2025-03-06 20:00:00,AWS_003,20.916223222697987,1006.7725477589258,97.28563362387747,drift,1
2025-03-06 21:00:00,AWS_003,20.410486482336633,1006.7948738163407,100.0,drift,1
2025-03-06 22:00:00,AWS_003,18.821722400410447,1007.3624128902941,92.9891513095214,drift,1
2025-03-06 23:00:00,AWS_003,17.98404722140289,1007.5371715299067,94.62304343148669,drift,1
2025-03-07 00:00:00,AWS_003,17.569626119063223,1007.9243623536642,98.57690823059197,drift,1
2025-03-07 01:00:00,AWS_003,17.72846395530405,1008.0776330409948,100.0,drift,1
2025-03-07 02:00:00,AWS_003,17.98280210523747,1009.2446719315009,99.38525843620236,drift,1
2025-03-07 03:00:00,AWS_003,19.179879809593963,1009.1990274443151,96.55668456132378,drift,1
2025-03-07 04:00:00,AWS_003,20.726359844248506,1010.0101203925059,96.81635656647978,drift,1
2025-03-07 05:00:00,AWS_003,22.396708913934066,1010.9737548143472,93.41082896668058,drift,1
2025-03-07 06:00:00,AWS_003,23.59820816724774,1011.0920718418938,88.85849786822499,drift,1
2025-03-07 07:00:00,AWS_003,25.76002965051709,1011.5240015678513,88.40745448220171,drift,1
2025-03-07 08:00:00,AWS_003,26.90169746165627,1012.3296130853942,93.01805993664756,drift,1
2025-03-07 09:00:00,AWS_003,28.27160713212698,1012.9498134954611,86.47612310021489,drift,1
2025-03-07 10:00:00,AWS_003,30.040439843184092,1013.9919980905657,89.27600954206582,drift,1
2025-03-07 11:00:00,AWS_003,29.571909343029805,1014.1179016266439,86.3924359700001,drift,1
2025-03-07 12:00:00,AWS_003,30.142760440583512,1015.452136750426,80.77336931920655,drift,1
2025-03-07 13:00:00,AWS_003,30.243568786937512,1015.1285613637533,88.87334150371571,drift,1
2025-03-07 14:00:00,AWS_003,28.8485067305529,1015.2405866172359,87.30419734823661,drift,1
2025-03-07 15:00:00,AWS_003,28.01928653872076,1016.1376982255965,89.13268174253035,drift,1
2025-03-07 16:00:00,AWS_003,27.026253613095847,1015.4269573410292,87.04146139654456,drift,1
2025-03-07 17:00:00,AWS_003,25.556852839254933,1015.653497201875,96.90417449621768,drift,1
2025-03-07 18:00:00,AWS_003,24.10825567898764,1016.123701863661,100.0,drift,1
2025-03-07 19:00:00,AWS_003,22.54970800208376,1015.5069657316532,94.05874747361842,drift,1
2025-03-07 20:00:00,AWS_003,21.299269134696093,1006.2633427465919,95.89709448901726,none,0
2025-03-07 21:00:00,AWS_003,19.594886690079175,1005.9112024449026,97.4782446514772,none,0
2025-03-07 22:00:00,AWS_003,18.475885888119457,1005.6738366197818,96.29184743769305,none,0
2025-03-07 23:00:00,AWS_003,18.257349281784563,1005.7028596403343,94.7026056380621,none,0
2025-03-08 00:00:00,AWS_003,18.308284180831656,1005.3128568142031,97.493511318512,none,0
2025-03-08 01:00:00,AWS_003,17.874432135195068,1005.5458924372776,100.0,none,0
2025-03-08 02:00:00,AWS_003,18.98227188162646,1006.3925144087577,99.64783874147277,none,0
2025-03-08 03:00:00,AWS_003,19.836598010400774,1005.7241742502864,97.86311869490726,none,0
2025-03-08 04:00:00,AWS_003,20.972548746019484,1005.9156370316033,96.42243310963389,none,0
2025-03-08 05:00:00,AWS_003,22.415785507120894,1006.1344877543836,94.16844092157297,none,0
2025-03-08 06:00:00,AWS_003,24.277759960556388,1006.7053926513578,94.11238019854414,none,0
2025-03-08 07:00:00,AWS_003,25.783509994314077,1007.242104783555,94.93422372295682,none,0
2025-03-08 08:00:00,AWS_003,27.292447578341772,1007.4491582072991,88.49804689412684,none,0
2025-03-08 09:00:00,AWS_003,28.17464298000913,1007.5227185903685,89.29741105327093,none,0
2025-03-08 10:00:00,AWS_003,29.353685199645053,1008.0754858078813,86.60579666677876,none,0
2025-03-08 11:00:00,AWS_003,30.009808772770906,1007.9162730775015,85.18065145639079,none,0
2025-03-08 12:00:00,AWS_003,30.135354767957523,1007.5439613486568,86.42832391196217,none,0
2025-03-08 13:00:00,AWS_003,29.479221914302126,1007.8094426034701,89.3382073022296,none,0
2025-03-08 14:00:00,AWS_003,29.738653019185953,1007.2641933314272,87.94893086680675,none,0
2025-03-08 15:00:00,AWS_003,28.74818808164675,1007.2531995531533,85.02188342385703,none,0
2025-03-08 16:00:00,AWS_003,27.07821701232873,1007.4271447508658,86.08036023686999,none,0
2025-03-08 17:00:00,AWS_003,26.150076454311407,1007.111562400284,86.74938514636258,none,0
2025-03-08 18:00:00,AWS_003,23.72580278840951,1006.5222704570209,96.07278872632004,none,0
2025-03-08 19:00:00,AWS_003,22.56987269506123,1006.4632726815026,93.16497853191927,none,0
2025-03-08 20:00:00,AWS_003,20.70970569307336,1006.0100048211979,94.96674187045404,none,0
2025-03-08 21:00:00,AWS_003,19.11094955595184,1005.6234028425309,97.82191801666133,none,0
2025-03-08 22:00:00,AWS_003,18.91778730895429,1005.8055523572655,96.61459939837026,none,0
2025-03-08 23:00:00,AWS_003,18.09991419684906,1005.6538820385489,95.80053724847373,none,0
2025-03-09 00:00:00,AWS_003,18.06252895106835,1005.887779815834,94.86561482761121,none,0
2025-03-09 01:00:00,AWS_003,18.712499321606764,1005.692348232628,95.40704397812836,none,0
2025-03-09 02:00:00,AWS_003,19.463092512760557,1006.0148052778634,94.57449969607529,none,0
2025-03-09 03:00:00,AWS_003,19.98333405464511,1006.143966810817,95.34766651670907,none,0
2025-03-09 04:00:00,AWS_003,21.304676452396727,1006.0759272048206,96.46169108864053,none,0
2025-03-09 05:00:00,AWS_003,22.909902813727005,1006.5095536029704,92.0511267937313,none,0
2025-03-09 06:00:00,AWS_003,24.23648631388862,1006.7268151851235,92.71611095178474,none,0
2025-03-09 07:00:00,AWS_003,25.38479800026571,1007.4165256078805,89.37872909952813,none,0
2025-03-09 08:00:00,AWS_003,27.346844675647603,1007.4580864784934,89.08692631757714,none,0
2025-03-09 09:00:00,AWS_003,28.454376409871426,1007.6054120754673,87.94321081509744,none,0
2025-03-09 10:00:00,AWS_003,30.262677388660947,1007.6802424242132,91.69588813953374,none,0
2025-03-09 11:00:00,AWS_003,29.724305207480374,1008.1472187770431,83.00053027536318,none,0
2025-03-09 12:00:00,AWS_003,30.609410687710994,1008.0830608593945,88.42819741508897,none,0
2025-03-09 13:00:00,AWS_003,30.42625370304903,1007.6880033585844,84.17719130225382,none,0
2025-03-09 14:00:00,AWS_003,29.263875662888353,1008.0773048267286,84.9404720302802,none,0
2025-03-09 15:00:00,AWS_003,29.12621217608301,1007.3196296955769,83.57231135238806,none,0
2025-03-09 16:00:00,AWS_003,27.76851104534398,1007.5260266604855,88.3279545021736,none,0
2025-03-09 17:00:00,AWS_003,26.400092918575425,1006.8434023090464,87.97957932966601,none,0
2025-03-09 18:00:00,AWS_003,24.814800482542992,1006.8095111130311,88.86400230423065,none,0
2025-03-09 19:00:00,AWS_003,22.76920413154164,1006.7150954344535,93.35112699293637,none,0
2025-03-09 20:00:00,AWS_003,20.72180536005318,1006.4274851825073,100.0,none,0
2025-03-09 21:00:00,AWS_003,20.437223135881474,1006.2671490770992,94.504314089283,none,0
2025-03-09 22:00:00,AWS_003,19.291697222101895,1006.1336262132552,100.0,none,0
2025-03-09 23:00:00,AWS_003,17.81355542768459,1005.3158407278383,95.96425440666944,none,0
2025-03-10 00:00:00,AWS_003,17.610780785109455,1005.5836702250891,100.0,none,0
2025-03-10 01:00:00,AWS_003,18.06844051864364,1005.8642746894861,98.11960909954063,none,0
2025-03-10 02:00:00,AWS_003,18.805919170026154,1006.0109959516393,97.19952545554334,none,0
2025-03-10 03:00:00,AWS_003,19.622925698568114,1005.5274087883527,93.53825978761553,none,0
2025-03-10 04:00:00,AWS_003,20.760115678413733,1005.884774312284,100.0,none,0
2025-03-10 05:00:00,AWS_003,22.29303757627178,1006.5903482799057,93.63006258954074,none,0
2025-03-10 06:00:00,AWS_003,24.293084379576722,1006.3717924979117,90.59252199402142,none,0
2025-03-10 07:00:00,AWS_003,25.978382442621303,1006.7170171460812,87.10642949371275,none,0
2025-03-10 08:00:00,AWS_003,26.930029534296555,1007.4401056515096,90.51876206528436,none,0
2025-03-10 09:00:00,AWS_003,28.673331258854212,1008.191554895791,85.65575305511318,none,0
2025-03-10 10:00:00,AWS_003,28.95783837778351,1008.0094841837665,89.80104799319889,none,0
2025-03-10 11:00:00,AWS_003,29.208586517713556,1007.3556486496776,86.74295228820992,none,0
2025-03-10 12:00:00,AWS_003,30.262045086792472,1007.4162786289812,83.89553954503238,none,0
2025-03-10 13:00:00,AWS_003,29.81617037094715,1008.1999091272681,90.103775867187,none,0
2025-03-10 14:00:00,AWS_003,29.13111392108403,1048.4588991175096,88.18299867348121,spike,1
2025-03-10 15:00:00,AWS_003,28.374452790170146,1007.6619636598249,91.73152182081402,none,0
2025-03-10 16:00:00,AWS_003,27.5876481546348,1007.3146886359522,84.97033273316444,none,0
2025-03-10 17:00:00,AWS_003,26.257792481413567,1007.4232001527976,91.29794693993573,none,0
2025-03-10 18:00:00,AWS_003,24.241625499360588,1006.5159882497327,93.45277934991181,none,0
2025-03-10 19:00:00,AWS_003,22.665370994705032,1006.2712481116785,91.81911736402976,none,0
2025-03-10 20:00:00,AWS_003,21.761559503072636,1006.035111174815,92.29071312260974,none,0
2025-03-10 21:00:00,AWS_003,20.15769754441846,1006.2930857671654,98.92464179611599,none,0
2025-03-10 22:00:00,AWS_003,18.92411737454155,1005.4001120827354,90.35259715534374,none,0
2025-03-10 23:00:00,AWS_003,18.18552364841269,1005.7406626525352,98.61289984662704,none,0
2025-03-11 00:00:00,AWS_003,18.0652438976009,1005.739583496875,100.0,none,0
2025-03-11 01:00:00,AWS_003,18.300532481676473,1005.6892486287655,98.13714356713436,none,0
2025-03-11 02:00:00,AWS_003,18.94940669446763,1006.0636680064983,96.28675376102252,none,0
2025-03-11 03:00:00,AWS_003,19.60361966015522,1005.4688357571198,100.0,drift,1
2025-03-11 04:00:00,AWS_003,22.471584180123834,1006.7497198558913,90.82565119051391,drift,1
2025-03-11 05:00:00,AWS_003,24.936085112696198,1007.0385742266701,91.59354731123838,drift,1
2025-03-11 06:00:00,AWS_003,26.22993690778287,1006.5423589929487,93.07220809455092,drift,1
2025-03-11 07:00:00,AWS_003,28.098458119858147,1006.7496335686901,95.83359137461262,drift,1
2025-03-11 08:00:00,AWS_003,30.790112336658286,1007.7822321576167,90.4578663253619,drift,1
2025-03-11 09:00:00,AWS_003,31.5010942706943,1008.3352606357034,93.1941267846379,drift,1
2025-03-11 10:00:00,AWS_003,33.59631063193763,1007.9571725827082,92.09317314741469,drift,1
2025-03-11 11:00:00,AWS_003,35.14987769375334,1008.06177827145,84.0064216144705,drift,1
2025-03-11 12:00:00,AWS_003,36.45624795215981,1007.8375456078444,93.50581578794828,drift,1
2025-03-11 13:00:00,AWS_003,37.045436318602455,1008.7652498647357,84.67325283530694,drift,1
2025-03-11 14:00:00,AWS_003,36.72475885740247,1007.7483609063778,86.79401557797769,drift,1
2025-03-11 15:00:00,AWS_003,36.74106584641739,1007.8831991640997,92.77768608441814,drift,1
2025-03-11 16:00:00,AWS_003,35.512569118359835,1007.1345144875795,92.2766103351779,drift,1
2025-03-11 17:00:00,AWS_003,34.760382070747696,1007.2784748508539,93.43363576700756,drift,1
2025-03-11 18:00:00,AWS_003,34.02426289763381,1006.4057190681747,92.6114220154869,drift,1
2025-03-11 19:00:00,AWS_003,33.53351778860308,1006.6067607674308,90.29119614405263,drift,1
2025-03-11 20:00:00,AWS_003,32.42845318786418,1006.0685751386095,90.39077579349815,drift,1
2025-03-11 21:00:00,AWS_003,32.28754324821469,1005.9342039484953,100.0,drift,1
2025-03-11 22:00:00,AWS_003,18.78630432860745,1005.75132340852,93.06932893826756,none,0
2025-03-11 23:00:00,AWS_003,18.752045643240162,1005.5371318570657,95.96990180409453,none,0
2025-03-12 00:00:00,AWS_003,18.755866956168884,1005.3180593620391,100.0,none,0
2025-03-12 01:00:00,AWS_003,18.32439190755368,1005.754359494458,93.56578524387695,none,0
2025-03-12 02:00:00,AWS_003,19.65187109668748,1005.545632136048,93.88655423970145,none,0
2025-03-12 03:00:00,AWS_003,20.139170714897585,1006.5410293550815,97.63565177181738,none,0
2025-03-12 04:00:00,AWS_003,21.149026595651673,1006.8874686842967,93.40615785571214,none,0
2025-03-12 05:00:00,AWS_003,23.124515353131905,1006.735790304581,88.3173010762794,none,0
2025-03-12 06:00:00,AWS_003,24.269388157798225,1007.3375631278584,91.07816160490711,none,0
2025-03-12 07:00:00,AWS_003,26.28309978880549,1007.2892296859535,90.6093209618663,none,0
2025-03-12 08:00:00,AWS_003,26.643912603805052,1007.3351786199431,91.35475685881555,none,0
2025-03-12 09:00:00,AWS_003,28.67211008992999,1008.000371208943,88.50056978727413,none,0
2025-03-12 10:00:00,AWS_003,29.985437891628244,1007.9146256472287,87.19058187820977,none,0
2025-03-12 11:00:00,AWS_003,29.569264186498717,1007.7412765538069,93.44304353535597,none,0
2025-03-12 12:00:00,AWS_003,31.150159951478198,1008.3155351040344,89.06480364022401,none,0
2025-03-12 13:00:00,AWS_003,30.086963776680165,1008.0922241267824,85.5262211879015,none,0
2025-03-12 14:00:00,AWS_003,30.21517200230938,1008.3579594529095,87.79847521937998,none,0
2025-03-12 15:00:00,AWS_003,28.543982366384764,1007.9950642931831,88.9707631504732,none,0
2025-03-12 16:00:00,AWS_003,27.807500985050858,1007.5070371968807,88.3491473911758,none,0
2025-03-12 17:00:00,AWS_003,26.319520228438197,1007.3832612285743,95.45292902287433,none,0
2025-03-12 18:00:00,AWS_003,24.65439562749977,1006.6716105734375,90.72295046240053,none,0
2025-03-12 19:00:00,AWS_003,22.305822676732365,1006.3326733676856,96.87298612036858,none,0
2025-03-12 20:00:00,AWS_003,21.70806354044146,1006.6895787259456,94.08460651620679,none,0
2025-03-12 21:00:00,AWS_003,19.572410601009835,1006.3983486142841,96.67868193962906,none,0
2025-03-12 22:00:00,AWS_003,19.39051088264469,1006.0342660775598,96.6441359427081,none,0
2025-03-12 23:00:00,AWS_003,18.76639824646688,1006.0221501158072,96.30311993384335,none,0
2025-03-13 00:00:00,AWS_003,18.370056281980855,1005.5640476862804,100.0,none,0
2025-03-13 01:00:00,AWS_003,18.675643794602077,1005.8161665140683,96.92880595105184,none,0
2025-03-13 02:00:00,AWS_003,18.91466511252421,1005.6012892444604,91.57942823699581,none,0
2025-03-13 03:00:00,AWS_003,20.73284839413022,1006.5540439962282,94.73089146530207,none,0
2025-03-13 04:00:00,AWS_003,21.44613598350463,1006.9272115280329,96.41543160074328,none,0
2025-03-13 05:00:00,AWS_003,23.424899043328875,1006.5317991343944,100.0,none,0
2025-03-13 06:00:00,AWS_003,25.334033819244183,1006.7720423970586,95.21128747962089,none,0
2025-03-13 07:00:00,AWS_003,26.450101630590805,1006.8605051970468,84.80711292221064,none,0
2025-03-13 08:00:00,AWS_003,28.05163530194428,1007.3450186287504,90.46560760608182,none,0
2025-03-13 09:00:00,AWS_003,28.40488276786109,1007.4649968117843,83.92425568530402,none,0
2025-03-13 10:00:00,AWS_003,29.267233558928563,1008.0229177662509,82.16156155629756,none,0
2025-03-13 11:00:00,AWS_003,30.61032580493136,1008.3637036529401,85.07504585165691,none,0
2025-03-13 12:00:00,AWS_003,30.07494255734422,1008.0539863965523,85.68529469200877,none,0
2025-03-13 13:00:00,AWS_003,30.816425230550177,1008.5246187429639,86.05621116540961,none,0
2025-03-13 14:00:00,AWS_003,29.62984880761359,1007.5076888052383,88.29488191316682,none,0
2025-03-13 15:00:00,AWS_003,29.552771802931037,1008.1632576166724,90.32288671437541,none,0
2025-03-13 16:00:00,AWS_003,27.655826536941202,1007.3898584081843,92.68392091941126,none,0
2025-03-13 17:00:00,AWS_003,26.222748343044604,1007.4484455493739,89.80721736798274,none,0
2025-03-13 18:00:00,AWS_003,25.438954344149206,1006.9290784473554,91.40942772887682,none,0
2025-03-13 19:00:00,AWS_003,23.435372088984895,1006.6403424865107,96.45497290853098,none,0
2025-03-13 20:00:00,AWS_003,21.88754192337524,1006.0677889331324,95.17934262186265,none,0
2025-03-13 21:00:00,AWS_003,,,,dropout,1
2025-03-13 22:00:00,AWS_003,,,,dropout,1
2025-03-13 23:00:00,AWS_003,,,,dropout,1
2025-03-14 00:00:00,AWS_003,,,,dropout,1
2025-03-14 01:00:00,AWS_003,,,,dropout,1
2025-03-14 02:00:00,AWS_003,,,,dropout,1
2025-03-14 03:00:00,AWS_003,19.300949897090312,1005.6461529189072,92.938054101379,frozen,1
2025-03-14 04:00:00,AWS_003,19.300949897090312,1005.6461529189072,92.938054101379,frozen,1
2025-03-14 05:00:00,AWS_003,19.300949897090312,1005.6461529189072,92.938054101379,frozen,1
2025-03-14 06:00:00,AWS_003,19.300949897090312,1005.6461529189072,92.938054101379,frozen,1
2025-03-14 07:00:00,AWS_003,26.45514688815346,1007.0295561963798,87.99828972502195,none,0
2025-03-14 08:00:00,AWS_003,27.994620229069405,1008.0417837407193,95.17471358664231,none,0
2025-03-14 09:00:00,AWS_003,29.25157554220957,1008.0114320981822,82.66152145561878,none,0
2025-03-14 10:00:00,AWS_003,29.67359930074326,1008.5090302383877,85.76850703571009,none,0
2025-03-14 11:00:00,AWS_003,30.594137804868236,1008.5190857012163,88.88914602698637,none,0
2025-03-14 12:00:00,AWS_003,30.297441553238123,1008.2096872013809,91.46514808929136,none,0
2025-03-14 13:00:00,AWS_003,30.70492854911483,1008.2791572649513,88.25323958235283,none,0
2025-03-14 14:00:00,AWS_003,30.359805179285846,1008.1377191784408,86.5145803910263,none,0
2025-03-14 15:00:00,AWS_003,28.85244068724831,1007.7993111747581,92.9088628098596,none,0
2025-03-14 16:00:00,AWS_003,28.10960979989371,1007.1754893516031,88.54806824378588,none,0
2025-03-14 17:00:00,AWS_003,26.341759768204142,1007.6005135569314,91.01429077984221,none,0
2025-03-14 18:00:00,AWS_003,24.550047691955726,1006.9892847082725,95.12072412160092,none,0
2025-03-14 19:00:00,AWS_003,23.222356974036696,1006.9742462110195,91.32199593264053,none,0
2025-03-14 20:00:00,AWS_003,21.609490859700337,1006.7865079773245,94.57935045394659,none,0
2025-03-14 21:00:00,AWS_003,20.34291157795078,1006.399851331394,98.35702728580861,none,0
2025-03-14 22:00:00,AWS_003,19.37901734058031,1005.8534526471194,93.34858256940406,none,0
2025-03-14 23:00:00,AWS_003,19.83856287203472,1006.3200327709995,98.93977201726041,none,0
2025-03-15 00:00:00,AWS_003,18.453090380496764,1005.4531892629973,94.9749292232996,none,0
2025-03-15 01:00:00,AWS_003,18.87186665177723,1005.9304842028258,93.28849388375978,none,0
2025-03-15 02:00:00,AWS_003,19.943348598332456,1005.9343795422516,100.0,none,0
2025-03-15 03:00:00,AWS_003,20.1534989950658,1006.1407929918056,95.0808092833171,none,0
2025-03-15 04:00:00,AWS_003,21.601486171480524,1006.359449365964,94.30617409440893,none,0
2025-03-15 05:00:00,AWS_003,23.409176248502,1006.6959554241878,90.7358226841126,none,0
2025-03-15 06:00:00,AWS_003,24.496084721296842,1006.8490344474199,92.72816152432301,none,0
2025-03-15 07:00:00,AWS_003,26.216234662967864,1007.7035478562738,89.25898517116683,none,0
2025-03-15 08:00:00,AWS_003,27.429678402640636,1008.0849856589415,88.1642062269066,none,0
2025-03-15 09:00:00,AWS_003,28.705378542913657,1008.1398681468254,90.78378771608389,none,0
2025-03-15 10:00:00,AWS_003,41.4434101614525,995.3159667070179,98.0,multivariate_inconsistent,1
2025-03-15 11:00:00,AWS_003,29.75785312023467,1008.3388710649751,88.9147741405653,none,0
2025-03-15 12:00:00,AWS_003,30.95917267644905,1007.9702550312261,87.65803535401544,none,0
2025-03-15 13:00:00,AWS_003,30.406934732061405,1008.8974762380119,92.01612701309362,none,0
2025-03-15 14:00:00,AWS_003,29.660826971916954,1007.915088184071,86.2061972844596,none,0
2025-03-15 15:00:00,AWS_003,28.44126170256333,1008.2321258705692,90.51331585602364,none,0
2025-03-15 16:00:00,AWS_003,27.412002590082757,1007.8577432244126,86.62861419579467,none,0
2025-03-15 17:00:00,AWS_003,26.035825120932845,1007.6476065758643,92.59965750563738,none,0
2025-03-15 18:00:00,AWS_003,23.7282535191038,1007.0603850183734,90.83461524303443,none,0
2025-03-15 19:00:00,AWS_003,23.424272333016113,1006.4112841469457,98.43909750369986,frozen,1
2025-03-15 20:00:00,AWS_003,23.424272333016113,1006.4112841469457,98.43909750369986,frozen,1
2025-03-15 21:00:00,AWS_003,23.424272333016113,1006.4112841469457,98.43909750369986,frozen,1
2025-03-15 22:00:00,AWS_003,23.424272333016113,1006.4112841469457,98.43909750369986,frozen,1
2025-03-15 23:00:00,AWS_003,23.424272333016113,1006.4112841469457,98.43909750369986,frozen,1
2025-03-16 00:00:00,AWS_003,23.424272333016113,1006.4112841469457,98.43909750369986,frozen,1
2025-03-16 01:00:00,AWS_003,23.424272333016113,1006.4112841469457,98.43909750369986,frozen,1
2025-03-16 02:00:00,AWS_003,23.424272333016113,1006.4112841469457,98.43909750369986,frozen,1
2025-03-16 03:00:00,AWS_003,20.185749862340227,1006.1422121642196,94.50352459829806,none,0
2025-03-16 04:00:00,AWS_003,21.977401379526942,1006.1194219335588,91.97258810079752,none,0
2025-03-16 05:00:00,AWS_003,22.9564054894972,1007.0032340344374,93.53348492403623,none,0
2025-03-16 06:00:00,AWS_003,24.576321516912728,1007.1687623220671,86.24967231494489,none,0
2025-03-16 07:00:00,AWS_003,26.545325170839696,1007.0786086560865,85.70334072373495,none,0
2025-03-16 08:00:00,AWS_003,27.873671173633326,1007.8756630224867,93.4782283390583,none,0
2025-03-16 09:00:00,AWS_003,28.897523480555744,1007.9715479312205,90.6562323732647,none,0
2025-03-16 10:00:00,AWS_003,30.130140694874807,1008.0519951605622,81.74073195836932,none,0
2025-03-16 11:00:00,AWS_003,30.36185366494899,1008.5734405118868,90.47014688872278,none,0
2025-03-16 12:00:00,AWS_003,30.34846487899586,1008.137838363463,85.82644743387524,none,0
2025-03-16 13:00:00,AWS_003,30.95033519999889,1008.4740301101774,86.12966083220499,none,0
2025-03-16 14:00:00,AWS_003,29.942113090618843,1007.9617634475923,88.32379933268685,none,0
2025-03-16 15:00:00,AWS_003,28.16362133592092,1008.189619043579,89.73335228175993,none,0
2025-03-16 16:00:00,AWS_003,27.799584134962203,1007.5526381198331,90.92031365330567,none,0
2025-03-16 17:00:00,AWS_003,26.18617541520736,1007.3650507001919,92.13231193472419,none,0
2025-03-16 18:00:00,AWS_003,25.09165805741369,1006.6627209222095,89.1066139263914,none,0
2025-03-16 19:00:00,AWS_003,23.22354393537601,1006.9952425524881,100.0,none,0
2025-03-16 20:00:00,AWS_003,22.26121938943012,1006.3694804015224,94.25645796261416,none,0
2025-03-16 21:00:00,AWS_003,20.851140234036055,1006.5143947279586,95.99457219294388,none,0
2025-03-16 22:00:00,AWS_003,18.817564350839206,1005.8965278657535,97.05371634224151,none,0
2025-03-16 23:00:00,AWS_003,19.75969651470568,1005.8223638623635,94.11748677326882,none,0
2025-03-17 00:00:00,AWS_003,18.977460995307286,1005.880364550309,96.14353105452382,none,0
2025-03-17 01:00:00,AWS_003,19.201096900179397,1005.8354904370783,94.07533998840309,none,0
2025-03-17 02:00:00,AWS_003,20.25232178306372,1006.2945656857455,95.17575017274702,none,0
2025-03-17 03:00:00,AWS_003,20.324305910311534,1006.4003480866415,93.32126192881128,none,0
2025-03-17 04:00:00,AWS_003,21.79738179836486,1006.4109479124089,95.47396211087184,none,0
2025-03-17 05:00:00,AWS_003,22.846108916321135,1006.955625758659,87.8934106798034,none,0
2025-03-17 06:00:00,AWS_003,25.339537867232885,1007.2166604205311,90.74153685699382,none,0
2025-03-17 07:00:00,AWS_003,26.752317459347662,1007.7415371423253,93.46851415808148,none,0
2025-03-17 08:00:00,AWS_003,28.279778067678087,1007.5845078406647,89.05492573149259,none,0
2025-03-17 09:00:00,AWS_003,28.363622599262232,1008.0110793399326,87.79056701597685,none,0
2025-03-17 10:00:00,AWS_003,29.192295386877465,1008.0307057846861,81.36052341458704,none,0
2025-03-17 11:00:00,AWS_003,30.791671747567907,1008.3351387885364,82.67361810342179,none,0
2025-03-17 12:00:00,AWS_003,31.664611928361698,1008.134899995023,80.41664726572034,none,0
2025-03-17 13:00:00,AWS_003,30.92642884059241,1008.1417628351808,87.92433244098197,none,0
2025-03-17 14:00:00,AWS_003,30.050955613548652,1007.8431184717191,83.71956537399949,none,0
2025-03-17 15:00:00,AWS_003,29.113890753640455,1008.0730327752618,86.98455267204339,none,0
2025-03-17 16:00:00,AWS_003,27.28717687386013,1007.8731931337284,88.99175528466496,none,0
2025-03-17 17:00:00,AWS_003,26.884727595075457,1007.7724053316024,84.99708658925007,none,0
2025-03-17 18:00:00,AWS_003,24.758123478908846,1007.0998174018587,94.73819055673906,none,0
2025-03-17 19:00:00,AWS_003,23.135044362265464,1006.8687986157195,94.62876242869939,none,0
2025-03-17 20:00:00,AWS_003,21.82106542821539,1006.76240368455,100.0,none,0
2025-03-17 21:00:00,AWS_003,20.34653068561509,1006.2839848411426,89.38178583157695,none,0
2025-03-17 22:00:00,AWS_003,19.119124096506198,1005.7359617272413,96.17352282436245,none,0
2025-03-17 23:00:00,AWS_003,18.85405236437236,1005.8753408999595,98.23178977669181,none,0
2025-03-18 00:00:00,AWS_003,43.97519726775943,1006.0777335425331,100.0,spike,1
2025-03-18 01:00:00,AWS_003,18.834240867600926,1006.1597031322761,96.8934572568659,none,0
2025-03-18 02:00:00,AWS_003,19.479133195326757,1006.3356831506693,99.14454884838567,none,0
2025-03-18 03:00:00,AWS_003,21.124612264030567,1006.1465418251264,91.10660979415816,none,0
2025-03-18 04:00:00,AWS_003,22.304112536373296,1006.647691442828,94.6411276320822,none,0
2025-03-18 05:00:00,AWS_003,23.340912417700455,1006.603730507332,94.44572247066553,none,0
2025-03-18 06:00:00,AWS_003,24.986594301709218,1006.9800032450817,92.43650311326276,none,0
2025-03-18 07:00:00,AWS_003,27.5348345391861,1007.5023976915542,91.3620842575194,none,0
2025-03-18 08:00:00,AWS_003,26.96067123240986,1007.3837586946491,89.09470417923916,drift,1
2025-03-18 09:00:00,AWS_003,31.06292098245948,1008.0575120693295,88.30753217199998,drift,1
2025-03-18 10:00:00,AWS_003,31.754170066765504,1008.0526061738148,87.50250683304188,drift,1
2025-03-18 11:00:00,AWS_003,32.56490136683975,1008.1679291414846,86.01129465578778,drift,1
2025-03-18 12:00:00,AWS_003,33.34471639722994,1008.4796823543686,86.76466745346684,drift,1
2025-03-18 13:00:00,AWS_003,33.66332817931547,1008.5219762089351,82.82749790933612,drift,1
2025-03-18 14:00:00,AWS_003,33.80953650071851,1007.9661593674282,86.37730915141795,drift,1
2025-03-18 15:00:00,AWS_003,,,,drift,1
2025-03-18 16:00:00,AWS_003,,,,drift,1
2025-03-18 17:00:00,AWS_003,,,,drift,1
2025-03-18 18:00:00,AWS_003,,,,drift,1
2025-03-18 19:00:00,AWS_003,,,,drift,1
2025-03-18 20:00:00,AWS_003,29.677311283285256,1006.396711712416,90.82007037873531,drift,1
2025-03-18 21:00:00,AWS_003,29.71932196311206,1006.5062118942789,92.37153861742611,drift,1
2025-03-18 22:00:00,AWS_003,29.03964745274547,1006.0791572921222,97.55878014025389,drift,1
2025-03-18 23:00:00,AWS_003,29.633082154883066,1006.2977749446912,89.07611434044529,drift,1
2025-03-19 00:00:00,AWS_003,29.145796866939243,1005.8541605812029,95.74549018372082,drift,1
2025-03-19 01:00:00,AWS_003,30.209919621752466,1006.63457190888,93.67925565919985,drift,1
2025-03-19 02:00:00,AWS_003,32.3970164826074,1006.5362332792139,93.51791039818414,drift,1
2025-03-19 03:00:00,AWS_003,33.29340163010414,1006.206036447258,98.44620837501367,drift,1
2025-03-19 04:00:00,AWS_003,35.588378881598985,1006.1199678423698,95.7822875337544,drift,1
2025-03-19 05:00:00,AWS_003,37.56524015252759,1007.2271048643529,88.73855249921867,drift,1
2025-03-19 06:00:00,AWS_003,39.92688012051823,1007.4673662750532,92.67293389237373,drift,1
2025-03-19 07:00:00,AWS_003,41.13494245244313,1007.5188891628691,90.76007986054589,drift,1
2025-03-19 08:00:00,AWS_003,43.395160525077046,1007.5337928451299,95.55602221541974,drift,1
2025-03-19 09:00:00,AWS_003,44.9666305668006,1008.3755016797976,25.481150524927415,drift,1
2025-03-19 10:00:00,AWS_003,47.46907842704198,1008.4089403662834,88.3768477416088,drift,1
2025-03-19 11:00:00,AWS_003,47.84159405306279,1008.6125411281631,89.01639190530307,drift,1
2025-03-19 12:00:00,AWS_003,31.260275839546747,1009.1018622444126,84.99470175909748,none,0
2025-03-19 13:00:00,AWS_003,30.262084263863045,1008.9891488725851,87.40467286478442,none,0
2025-03-19 14:00:00,AWS_003,29.723363425672787,1008.5875760729123,82.63170593685696,none,0
2025-03-19 15:00:00,AWS_003,29.381332911673642,1008.2228398782999,87.91181177818916,none,0
2025-03-19 16:00:00,AWS_003,28.670087164341894,1007.587410751517,86.87750753631198,none,0
2025-03-19 17:00:00,AWS_003,26.692368356805368,1007.6548597684898,90.95503160048693,none,0
2025-03-19 18:00:00,AWS_003,24.797995268729608,1007.5795131285939,96.95150133819621,none,0
2025-03-19 19:00:00,AWS_003,24.0520290959729,1006.7210632008471,90.93750518367712,none,0
2025-03-19 20:00:00,AWS_003,21.877281758843118,1007.0488053119617,86.91963135715606,none,0
2025-03-19 21:00:00,AWS_003,20.534492162784844,1006.1135250207126,94.05754620838091,none,0
2025-03-19 22:00:00,AWS_003,19.38866626762703,1005.8850336924692,99.59832635244344,none,0
2025-03-19 23:00:00,AWS_003,18.977108080840033,1006.1270001378216,94.98346158231318,none,0
2025-03-20 00:00:00,AWS_003,19.307618101847353,1006.225842993337,100.0,none,0
2025-03-20 01:00:00,AWS_003,18.80161902449805,1006.5433270802179,91.03719240884395,none,0
2025-03-20 02:00:00,AWS_003,19.910818447051508,1006.0438544169438,97.83627750979662,none,0
2025-03-20 03:00:00,AWS_003,20.315278160714364,1006.0228394073159,96.18899221770505,none,0
2025-03-20 04:00:00,AWS_003,22.229655501728534,1006.8307556412403,96.37345963703763,none,0
2025-03-20 05:00:00,AWS_003,22.793103819837732,1006.7691212158758,91.28412158438074,none,0
2025-03-20 06:00:00,AWS_003,25.09297605837692,1007.8157547564721,91.14166091542069,none,0
2025-03-20 07:00:00,AWS_003,26.900752000455924,1007.8457218144878,90.9319947364633,none,0
2025-03-20 08:00:00,AWS_003,27.350980057842275,1008.1372144132744,88.4078061340831,none,0
2025-03-20 09:00:00,AWS_003,29.07323648028863,1008.7140556525887,84.81015940406982,none,0
2025-03-20 10:00:00,AWS_003,29.886711660705842,1008.6643929648228,85.76383281196739,none,0
2025-03-20 11:00:00,AWS_003,30.805261735200677,1008.6358528878881,88.05713635034618,none,0
2025-03-20 12:00:00,AWS_003,31.409990305183886,1008.7505629254609,86.89045487289461,none,0
2025-03-20 13:00:00,AWS_003,30.617009138744642,1008.160008415394,85.28299366892128,none,0
2025-03-20 14:00:00,AWS_003,29.70473439507402,1008.6317405341946,87.55379366072793,none,0
2025-03-20 15:00:00,AWS_003,30.493522848289555,1008.2724340379192,85.95592642384916,none,0
2025-03-20 16:00:00,AWS_003,27.979820218834057,1008.0492084513328,92.52142736227657,none,0
2025-03-20 17:00:00,AWS_003,26.583730905890494,1007.9717263384649,88.01327188422077,none,0
2025-03-20 18:00:00,AWS_003,25.191402580874,1007.3247856479269,91.7985212980441,none,0
2025-03-20 19:00:00,AWS_003,23.98932534905067,1007.2060873439649,92.52523350387654,none,0
2025-03-20 20:00:00,AWS_003,21.781393054669806,1006.3172448570627,94.7812480957293,none,0
2025-03-20 21:00:00,AWS_003,20.967863092370198,1006.7958491959665,96.05198420448467,none,0
2025-03-20 22:00:00,AWS_003,19.93337878546499,1006.8836703472733,98.34465793645545,none,0
2025-03-20 23:00:00,AWS_003,19.630272390987695,1006.5181244918563,94.91933575261612,none,0
2025-03-21 00:00:00,AWS_003,18.797195614843936,1006.0250224680497,100.0,none,0
2025-03-21 01:00:00,AWS_003,19.047422559245614,1006.7842234583845,100.0,none,0
2025-03-21 02:00:00,AWS_003,19.459623332163414,1006.1074055082317,95.06766849034867,none,0
2025-03-21 03:00:00,AWS_003,21.194106838297344,1006.4411173820844,95.14768863654382,none,0
2025-03-21 04:00:00,AWS_003,22.084986605126474,1006.7648150725649,96.73634414251876,none,0
2025-03-21 05:00:00,AWS_003,24.187631604238398,1007.2136907702203,93.71242660145714,none,0
2025-03-21 06:00:00,AWS_003,24.734048286422407,1007.8868779531424,92.93558118615096,none,0
2025-03-21 07:00:00,AWS_003,27.489539683597734,1007.6401401912782,87.65205455511891,none,0
2025-03-21 08:00:00,AWS_003,27.739994245185116,1007.7275025349082,92.66333985934627,none,0
2025-03-21 09:00:00,AWS_003,29.423931868474785,1008.4093822656922,91.8768218897397,none,0
2025-03-21 10:00:00,AWS_003,30.832225182836105,1008.4539099819478,86.98354282668397,none,0
2025-03-21 11:00:00,AWS_003,30.685485471717243,1008.8322835472624,85.38226412138346,none,0
2025-03-21 12:00:00,AWS_003,31.438313432660035,1008.4083477960138,88.3250711151969,none,0
2025-03-21 13:00:00,AWS_003,,,,dropout,1
2025-03-21 14:00:00,AWS_003,,,,dropout,1
2025-03-21 15:00:00,AWS_003,,,,dropout,1
2025-03-21 16:00:00,AWS_003,,,,dropout,1
2025-03-21 17:00:00,AWS_003,,,,dropout,1
2025-03-21 18:00:00,AWS_003,,,,dropout,1
2025-03-21 19:00:00,AWS_003,23.895033672766296,1006.8431595794343,92.73693194864403,none,0
2025-03-21 20:00:00,AWS_003,21.423014791322128,1006.9460002173331,94.89322934617563,none,0
2025-03-21 21:00:00,AWS_003,21.26574627097775,1006.451302667276,96.35963461127751,none,0
2025-03-21 22:00:00,AWS_003,20.18468998733087,1007.2105491392228,89.0432045604744,none,0
2025-03-21 23:00:00,AWS_003,19.072061741761942,1006.4989220250492,96.58743289049235,none,0
2025-03-22 00:00:00,AWS_003,19.4120463323767,1006.4939055929632,93.95086355540023,none,0
2025-03-22 01:00:00,AWS_003,19.75451670269227,1006.1505565974334,98.3798035351637,none,0
2025-03-22 02:00:00,AWS_003,19.803139696535855,1006.546345394907,98.6808728285704,none,0
2025-03-22 03:00:00,AWS_003,20.710134632713515,1006.5704723799079,97.9823423668408,none,0
2025-03-22 04:00:00,AWS_003,22.346231084902577,1007.0677386334675,94.24616745384232,none,0
2025-03-22 05:00:00,AWS_003,23.783299628484013,1007.2568225861068,92.9412725233963,none,0
2025-03-22 06:00:00,AWS_003,25.92450049980609,1007.3677924256318,92.926139760751,none,0
2025-03-22 07:00:00,AWS_003,26.395597371735313,1007.6872127028553,95.14407179312613,none,0
2025-03-22 08:00:00,AWS_003,27.803566598276298,1007.9997454952019,90.09197997573717,none,0
2025-03-22 09:00:00,AWS_003,29.237966679513924,1008.0387020085774,87.26295186230824,none,0
2025-03-22 10:00:00,AWS_003,31.02167708513358,1008.203127569428,86.35080507484693,none,0
2025-03-22 11:00:00,AWS_003,31.360501522234674,1008.7908525291091,87.11199885513723,none,0
2025-03-22 12:00:00,AWS_003,32.05788461145779,1008.5710774201328,82.70123251169105,none,0
2025-03-22 13:00:00,AWS_003,30.540824824473955,1008.7914003215411,82.25820885990193,drift,1
2025-03-22 14:00:00,AWS_003,30.705906311122174,1008.581292742853,88.30188539435137,drift,1
2025-03-22 15:00:00,AWS_003,30.574736548407913,1008.1162257723437,93.48106363711297,drift,1
2025-03-22 16:00:00,AWS_003,30.371667255007495,1007.8852300366786,92.82024083963941,drift,1
2025-03-22 17:00:00,AWS_003,28.61430800523705,1007.3686508948315,89.81558946305738,drift,1
2025-03-22 18:00:00,AWS_003,28.106775563895827,1007.2307630240965,91.85964104670971,drift,1
2025-03-22 19:00:00,AWS_003,27.073415722280146,1006.5505269778643,90.81290204755015,drift,1
2025-03-22 20:00:00,AWS_003,26.09758152598603,1006.6387098947679,93.70718243638508,drift,1
2025-03-22 21:00:00,AWS_003,25.430175125101506,1006.3821553370232,100.0,drift,1
2025-03-22 22:00:00,AWS_003,25.34834799294908,1006.3092595297329,94.1059424910442,drift,1
2025-03-22 23:00:00,AWS_003,25.419508503478372,1006.1310034990739,96.15358394169283,drift,1
2025-03-23 00:00:00,AWS_003,25.1488365711619,1006.1993913438031,95.44443876314467,drift,1
2025-03-23 01:00:00,AWS_003,26.559127538853872,1006.4457329686803,96.02900962750473,drift,1
2025-03-23 02:00:00,AWS_003,27.647978062461455,1006.62972079956,92.38232368883321,drift,1
2025-03-23 03:00:00,AWS_003,29.00478531483421,1006.9220195445773,93.602355967203,drift,1
2025-03-23 04:00:00,AWS_003,30.28658283510911,1006.4695518816517,89.81851174423768,drift,1
2025-03-23 05:00:00,AWS_003,32.98739402816828,1006.744357752126,88.24145132243405,drift,1
2025-03-23 06:00:00,AWS_003,33.54376365047166,1006.744357752126,88.24145132243405,drift,1
2025-03-23 07:00:00,AWS_003,34.10013327277504,1006.744357752126,88.24145132243405,drift,1
2025-03-23 08:00:00,AWS_003,34.656502895078425,1006.744357752126,88.24145132243405,drift,1
2025-03-23 09:00:00,AWS_003,35.212872517381804,1006.744357752126,88.24145132243405,drift,1
2025-03-23 10:00:00,AWS_003,30.819253116509103,1008.5224201710981,86.9429684711786,none,0
2025-03-23 11:00:00,AWS_003,31.30812767511888,1009.2452426110993,82.82863411059112,none,0
2025-03-23 12:00:00,AWS_003,31.844702438700974,1008.5791998575039,79.97412497587428,none,0
2025-03-23 13:00:00,AWS_003,31.294465496842946,1008.6500682373115,85.43377948786231,none,0
2025-03-23 14:00:00,AWS_003,30.89855057858663,1008.8684921950717,84.68146698450286,none,0
2025-03-23 15:00:00,AWS_003,29.079822037449656,1008.2088519347077,82.0035834697285,none,0
2025-03-23 16:00:00,AWS_003,27.536231595149093,1008.2171495370363,92.07519945576463,none,0
2025-03-23 17:00:00,AWS_003,26.88577738180874,1007.9523455927066,87.39949502538664,none,0
2025-03-23 18:00:00,AWS_003,25.26207640602218,1006.9804465739882,84.73928709552959,none,0
2025-03-23 19:00:00,AWS_003,23.428710271170768,1006.9733934468342,93.19171436242542,none,0
2025-03-23 20:00:00,AWS_003,22.681302674956395,1007.593806160003,92.52690504956213,none,0
2025-03-23 21:00:00,AWS_003,20.849417085823013,1006.076606089007,97.39129095639262,none,0
2025-03-23 22:00:00,AWS_003,20.50291924139647,1006.5229830151075,91.24550569626122,none,0
2025-03-23 23:00:00,AWS_003,20.3132320425847,1006.1616553268633,95.00841874051595,none,0
2025-03-24 00:00:00,AWS_003,19.192702279196244,1006.4569196775449,98.82178560482099,none,0
2025-03-24 01:00:00,AWS_003,19.531512707365344,1005.6989665176721,99.15084030210927,none,0
2025-03-24 02:00:00,AWS_003,19.997013099324665,1006.3076595645119,98.39820179920282,none,0
2025-03-24 03:00:00,AWS_003,20.251646968373503,1007.0088916094473,93.98141814509422,none,0
2025-03-24 04:00:00,AWS_003,22.226179975312828,1007.2981158623035,91.64767677679878,none,0
2025-03-24 05:00:00,AWS_003,23.562355480443593,1007.6055635275651,96.18163206546349,none,0
2025-03-24 06:00:00,AWS_003,25.177478721071076,1007.7336505600421,91.59362396041043,none,0
2025-03-24 07:00:00,AWS_003,26.65317708445911,1007.6697439884495,93.5493734957254,none,0
2025-03-24 08:00:00,AWS_003,28.133860091191423,1007.9031759856722,83.31302461220143,none,0
2025-03-24 09:00:00,AWS_003,30.01808699801747,1008.2513869197517,87.1052180689952,none,0
2025-03-24 10:00:00,AWS_003,30.491905093067416,1008.9436678861736,89.29409088662007,none,0
2025-03-24 11:00:00,AWS_003,30.415411995917733,1008.6926781178096,87.62649880225592,none,0
2025-03-24 12:00:00,AWS_003,31.77647484388702,1008.7932344355359,88.79395591490103,none,0
2025-03-24 13:00:00,AWS_003,31.543339462357125,1009.5218975861782,83.46426711673142,none,0
2025-03-24 14:00:00,AWS_003,31.134130958035094,1008.4627255715001,84.12963176483406,none,0
2025-03-24 15:00:00,AWS_003,29.73544243343393,1008.7471073394964,86.34312370856202,none,0
2025-03-24 16:00:00,AWS_003,28.40794991832725,1008.2486657441856,86.93394963619414,none,0
2025-03-24 17:00:00,AWS_003,27.309640848072505,1007.3588576585536,87.27795083175872,none,0
2025-03-24 18:00:00,AWS_003,25.735157027840536,1008.1803524174588,90.7901917355062,none,0
2025-03-24 19:00:00,AWS_003,23.85363592682308,1007.9610543538024,95.17067388597363,none,0
2025-03-24 20:00:00,AWS_003,22.691452584998444,1007.043479858178,93.8598795326749,none,0
2025-03-24 21:00:00,AWS_003,21.5863661198331,1006.642459401908,95.15960976064858,none,0
2025-03-24 22:00:00,AWS_003,21.19329099777021,1006.7255253405224,94.8240704950281,none,0
2025-03-24 23:00:00,AWS_003,19.832413969435926,1006.4157104132596,100.0,none,0
2025-03-25 00:00:00,AWS_003,19.74270581994651,1006.2161283859748,94.98716413609795,none,0
2025-03-25 01:00:00,AWS_003,19.035746075226644,1006.6347184192473,95.837419869742,none,0
2025-03-25 02:00:00,AWS_003,20.100920054769496,1006.4041053627434,89.05266109993588,none,0
2025-03-25 03:00:00,AWS_003,20.91608638732024,1006.65441592997,88.21934619763445,none,0
2025-03-25 04:00:00,AWS_003,22.020582085105058,1007.0986216284956,93.76626824368333,none,0
2025-03-25 05:00:00,AWS_003,23.133480205003277,1007.4761827214727,93.9293670716136,none,0
2025-03-25 06:00:00,AWS_003,26.050313783860588,1007.5188530972013,93.70523382484161,none,0
2025-03-25 07:00:00,AWS_003,27.629416676958257,1007.8388703889401,91.58344890569191,none,0
2025-03-25 08:00:00,AWS_003,28.62257584841157,1008.9049956381305,91.02908268255638,none,0
2025-03-25 09:00:00,AWS_003,29.517955179379335,1008.5232495477064,88.77841812119958,none,0
2025-03-25 10:00:00,AWS_003,30.597697938985032,1008.9021079649096,85.6189434681489,none,0
2025-03-25 11:00:00,AWS_003,31.616768556567994,1008.6216963028065,87.43755983711594,none,0
2025-03-25 12:00:00,AWS_003,31.491763802030075,1009.1514970302338,85.22163798757329,none,0
2025-03-25 13:00:00,AWS_003,30.785419599474647,1009.169352839303,88.56820457628679,none,0
2025-03-25 14:00:00,AWS_003,30.61169346020025,1008.2975430244469,80.6949803628347,none,0
2025-03-25 15:00:00,AWS_003,29.39156089526802,1008.8648779246853,88.35759039420151,none,0
2025-03-25 16:00:00,AWS_003,28.506377110767293,1007.8044200605752,85.27683859264074,none,0
2025-03-25 17:00:00,AWS_003,27.025248500367457,1007.8415770973905,88.70386623331422,none,0
2025-03-25 18:00:00,AWS_003,25.815589129663014,1007.7100579923318,88.17321477424042,none,0
2025-03-25 19:00:00,AWS_003,24.240449785315928,1007.3409924626284,90.65877116404964,none,0
2025-03-25 20:00:00,AWS_003,22.31443845138122,1006.8859448479199,92.99097039943992,none,0
2025-03-25 21:00:00,AWS_003,21.355675568074496,1006.5608213637287,96.2177200729634,none,0
2025-03-25 22:00:00,AWS_003,20.219948280576045,1006.9700026639936,91.67558284882188,none,0
2025-03-25 23:00:00,AWS_003,20.349075388776704,1006.5210990016864,92.77462088111093,none,0
2025-03-26 00:00:00,AWS_003,19.88028467287714,1006.0651929252437,94.34081737168619,none,0
2025-03-26 01:00:00,AWS_003,19.8966128820071,1005.8802076969636,91.75744434363426,none,0
2025-03-26 02:00:00,AWS_003,20.406073320748536,1007.0288454811096,100.0,none,0
2025-03-26 03:00:00,AWS_003,20.963529287642388,1006.490029307211,96.85071126176449,none,0
2025-03-26 04:00:00,AWS_003,22.319864447120196,1007.4905062053398,94.45640725734836,none,0
2025-03-26 05:00:00,AWS_003,23.52404263758153,1007.1177728995802,90.33076110650873,none,0
2025-03-26 06:00:00,AWS_003,26.143232440179105,1007.3782957845144,89.33320670336126,none,0
2025-03-26 07:00:00,AWS_003,27.718763452675717,1008.4534941486445,87.28530974868926,none,0
2025-03-26 08:00:00,AWS_003,29.0453760369253,1008.3138290117095,89.03903235443386,none,0
2025-03-26 09:00:00,AWS_003,29.65418734903956,1008.2810756744028,88.05380977820833,none,0
2025-03-26 10:00:00,AWS_003,29.97656839953027,1009.433788215416,90.46095084615288,none,0
2025-03-26 11:00:00,AWS_003,31.94243807452277,1009.2497070721679,85.77203204219957,none,0
2025-03-26 12:00:00,AWS_003,31.75409286202307,1008.744895967573,82.91720920789602,none,0
2025-03-26 13:00:00,AWS_003,31.318054939343032,1009.2174763375243,89.30564335596533,none,0
2025-03-26 14:00:00,AWS_003,30.627223233646767,1008.6956994809636,92.81910668669329,none,0
2025-03-26 15:00:00,AWS_003,39.10344097853486,994.9024538531932,98.0,multivariate_inconsistent,1
2025-03-26 16:00:00,AWS_003,28.585195065992803,1007.7532928175601,90.10744400674987,none,0
2025-03-26 17:00:00,AWS_003,27.441604591596782,1007.553520980566,87.2033868877805,none,0
2025-03-26 18:00:00,AWS_003,24.749946941284218,1007.7106349584566,90.42730090540132,none,0
2025-03-26 19:00:00,AWS_003,24.184552583626832,1007.470602265049,93.48345431397928,none,0
2025-03-26 20:00:00,AWS_003,22.34369908373188,1007.3391637317391,92.66684251366473,none,0
2025-03-26 21:00:00,AWS_003,21.54224549585286,1006.406863364364,91.12533583988925,none,0
2025-03-26 22:00:00,AWS_003,20.792762019891097,1007.0744098775925,95.36695345621816,none,0
2025-03-26 23:00:00,AWS_003,20.460963072068566,1007.1621743672254,94.4313226806538,none,0
2025-03-27 00:00:00,AWS_003,19.506444405157076,1006.7322083065125,99.32008535454135,none,0
2025-03-27 01:00:00,AWS_003,19.933105060323133,1006.6076950508705,91.86109159685256,none,0
2025-03-27 02:00:00,AWS_003,20.84176170669942,1007.0991693957234,96.79106303282698,none,0
2025-03-27 03:00:00,AWS_003,21.21817808249948,1007.1255666136271,94.09066259725196,none,0
2025-03-27 04:00:00,AWS_003,22.80244173036049,1007.3235608015082,92.41394704353745,none,0
2025-03-27 05:00:00,AWS_003,23.889728471874278,1007.0432132616754,85.85555387382323,none,0
2025-03-27 06:00:00,AWS_003,25.247974735247254,1007.2463406354842,90.48808858532267,none,0
2025-03-27 07:00:00,AWS_003,27.743609149228213,1008.3192942218466,88.55255497584655,none,0
2025-03-27 08:00:00,AWS_003,28.501913345164297,1007.8741970334543,86.71878948693112,none,0
2025-03-27 09:00:00,AWS_003,29.799607272265558,1008.5935094171147,88.60716542928158,none,0
2025-03-27 10:00:00,AWS_003,31.06967964159655,1008.712067749171,81.80756826437252,none,0
2025-03-27 11:00:00,AWS_003,31.459817169759184,1009.3170616673576,90.36278490503247,none,0
2025-03-27 12:00:00,AWS_003,31.394790452675267,1008.3753785848221,85.22119669046097,none,0
2025-03-27 13:00:00,AWS_003,32.610972382462066,1009.0765640993731,87.43043949055458,none,0
2025-03-27 14:00:00,AWS_003,31.377507925107533,1008.9759794182523,84.42832567369248,none,0
2025-03-27 15:00:00,AWS_003,29.791073665002965,1008.3058446921435,83.54461048470036,none,0
2025-03-27 16:00:00,AWS_003,28.93714893668249,1008.5184404496938,89.46114810445128,none,0
2025-03-27 17:00:00,AWS_003,26.58236595816277,1007.721990485608,88.1435169249389,none,0
2025-03-27 18:00:00,AWS_003,25.121664636813822,1007.6724058408048,94.09382853409501,none,0
2025-03-27 19:00:00,AWS_003,24.595374549855947,1007.687628228716,95.92516851949759,none,0
2025-03-27 20:00:00,AWS_003,23.068436478768508,1007.6052938494232,91.16949956848647,none,0
2025-03-27 21:00:00,AWS_003,21.633522230499562,1006.9335367976871,95.97060023286878,none,0
2025-03-27 22:00:00,AWS_003,20.528545571710172,1006.8173786551574,96.81373108034418,none,0
2025-03-27 23:00:00,AWS_003,20.117981977550425,1006.9484507750429,90.81547678694959,none,0
2025-03-28 00:00:00,AWS_003,19.637738301203072,1006.288674374945,93.11154142110502,none,0
2025-03-28 01:00:00,AWS_003,20.26381215983711,1006.0186290956649,96.98816790631157,none,0
2025-03-28 02:00:00,AWS_003,20.981761979238282,1006.5867358429613,97.01706877313401,none,0
2025-03-28 03:00:00,AWS_003,21.273006799225715,1007.3787507202201,97.04340855341532,none,0
2025-03-28 04:00:00,AWS_003,23.098572509826596,1007.2666133843218,91.96982598712185,none,0
2025-03-28 05:00:00,AWS_003,24.20546589478201,1007.1894773427855,95.0451112895538,none,0
2025-03-28 06:00:00,AWS_003,25.6958445803671,1007.8148380956411,90.02190440829281,none,0
2025-03-28 07:00:00,AWS_003,27.151673931551404,1008.3067038136483,88.23907180736293,none,0
2025-03-28 08:00:00,AWS_003,29.03033542550607,1008.4209810230356,84.23182574222443,none,0
2025-03-28 09:00:00,AWS_003,29.923616242523636,1009.205340188296,87.51934162996574,none,0
2025-03-28 10:00:00,AWS_003,,,,dropout,1
2025-03-28 11:00:00,AWS_003,,,,dropout,1
2025-03-28 12:00:00,AWS_003,,,,dropout,1
2025-03-28 13:00:00,AWS_003,,,,dropout,1
2025-03-28 14:00:00,AWS_003,,,,dropout,1
2025-03-28 15:00:00,AWS_003,,,,dropout,1
2025-03-28 16:00:00,AWS_003,29.0746600747081,1008.0031918400772,94.34148092139439,none,0
2025-03-28 17:00:00,AWS_003,27.253413204389275,1007.375314820405,81.44341571684532,none,0
2025-03-28 18:00:00,AWS_003,26.089703636566174,1007.9071284421748,88.78901644379808,none,0
2025-03-28 19:00:00,AWS_003,24.235865254298545,1007.6318078176912,91.75870011526737,none,0
2025-03-28 20:00:00,AWS_003,22.9870354315672,1007.2297983730517,93.39500669498909,none,0
2025-03-28 21:00:00,AWS_003,21.742676951023377,1006.5332593413449,91.13476556932727,none,0
2025-03-28 22:00:00,AWS_003,21.04274927893738,1006.661716314438,95.45069802135069,none,0
2025-03-28 23:00:00,AWS_003,20.530261599687858,1006.6222916841041,93.7395362150125,none,0
2025-03-29 00:00:00,AWS_003,20.555695050141175,1006.5336195719976,94.63594525604489,none,0
2025-03-29 01:00:00,AWS_003,19.505999099101174,1006.6323659646694,95.54733191116772,none,0
2025-03-29 02:00:00,AWS_003,21.046534272499358,1006.9397343168525,90.7654238793945,none,0
2025-03-29 03:00:00,AWS_003,21.07683161733972,1006.5006149216033,89.69448480144723,none,0
2025-03-29 04:00:00,AWS_003,22.679108217642202,1007.8255536776685,94.81177546461943,none,0
2025-03-29 05:00:00,AWS_003,24.110426444585567,1007.2344573082657,88.70053444912402,none,0
2025-03-29 06:00:00,AWS_003,26.150217511098475,1007.4890133632039,87.76274046763876,none,0
2025-03-29 07:00:00,AWS_003,27.935206418332868,1007.8838508061909,92.26640036038036,none,0
2025-03-29 08:00:00,AWS_003,28.890260298198186,1008.2205414783896,88.37559393841806,none,0
2025-03-29 09:00:00,AWS_003,30.59013844235359,1008.6752741826988,87.22417402979204,none,0
2025-03-29 10:00:00,AWS_003,31.11896238645536,1008.3280511021665,85.31015260198542,none,0
2025-03-29 11:00:00,AWS_003,31.93138148142116,1009.4662420621077,82.08509572898996,none,0
2025-03-29 12:00:00,AWS_003,31.652360968211806,1008.648377753624,83.40418911854073,none,0
2025-03-29 13:00:00,AWS_003,31.792365476083024,1008.6011147589244,86.21871765129607,none,0
2025-03-29 14:00:00,AWS_003,30.99616890409552,1009.0392140393948,87.98802937262688,none,0
2025-03-29 15:00:00,AWS_003,29.306007379494595,1008.531525149113,87.51412472877658,none,0
2025-03-29 16:00:00,AWS_003,29.16172796127696,1008.7197559229861,151.32960973778435,spike,1
2025-03-29 17:00:00,AWS_003,27.85759106077764,1007.9616124788096,91.14884501459208,none,0
2025-03-29 18:00:00,AWS_003,25.03176167196293,1007.8274135795883,93.35379085618557,none,0
2025-03-29 19:00:00,AWS_003,24.43620407792551,1007.4735168400143,96.35261203695089,none,0
2025-03-29 20:00:00,AWS_003,23.135785663805116,1007.1245830572877,90.14742555767837,none,0
2025-03-29 21:00:00,AWS_003,31.953846874615323,995.5217753004307,98.0,multivariate_inconsistent,1
2025-03-29 22:00:00,AWS_003,20.546959337083102,1006.6873252154061,100.0,none,0
2025-03-29 23:00:00,AWS_003,20.66322345085036,1006.6536720189428,95.84104828410183,none,0
2025-03-30 00:00:00,AWS_003,20.18375885399626,1006.4936425775373,94.75548937801595,none,0
2025-03-30 01:00:00,AWS_003,20.835899070532047,1006.7316728608386,95.92201346052116,none,0
2025-03-30 02:00:00,AWS_003,20.6956880447011,1006.7178774438414,97.01210764877722,none,0
2025-03-30 03:00:00,AWS_003,21.277712175151226,1006.7998474420534,95.38448510015026,drift,1
2025-03-30 04:00:00,AWS_003,23.59150069297343,1007.3335899445241,93.69360763072852,drift,1
2025-03-30 05:00:00,AWS_003,25.446549335208562,1007.1613794727048,92.13066892289385,drift,1
2025-03-30 06:00:00,AWS_003,27.008075739274368,1007.6373464789806,89.8167220387534,drift,1
2025-03-30 07:00:00,AWS_003,29.210664556003437,1008.0360671814334,89.24078624181186,frozen,1
2025-03-30 08:00:00,AWS_003,29.210664556003437,1008.0360671814334,89.24078624181186,frozen,1
2025-03-30 09:00:00,AWS_003,29.210664556003437,1008.0360671814334,89.24078624181186,frozen,1
2025-03-30 10:00:00,AWS_003,29.210664556003437,1008.0360671814334,89.24078624181186,frozen,1
2025-03-30 11:00:00,AWS_003,36.376155180616635,1008.9434491344791,84.47417929450263,drift,1
2025-03-30 12:00:00,AWS_003,36.42942021639757,1009.5203371319052,86.79593363170483,drift,1
2025-03-30 13:00:00,AWS_003,36.43653265163901,1009.198777979184,91.89855630102929,drift,1
2025-03-30 14:00:00,AWS_003,36.288590832386205,1008.8657391784556,92.7731748289131,drift,1
2025-03-30 15:00:00,AWS_003,30.28739310081518,1008.740737873603,83.56053551972514,none,0
2025-03-30 16:00:00,AWS_003,29.260650607318528,1008.2876924421482,88.09685233574089,none,0
2025-03-30 17:00:00,AWS_003,27.448080351176724,1008.4176997882251,93.8025742883133,none,0
2025-03-30 18:00:00,AWS_003,25.98131047371247,1007.2925877091443,87.45529406001049,none,0
2025-03-30 19:00:00,AWS_003,24.038042178273617,1007.8612058145137,92.05562663789316,none,0
2025-03-30 20:00:00,AWS_003,21.984089343691387,1007.1785406325083,91.55856363056695,none,0
2025-03-30 21:00:00,AWS_003,21.281243050422184,1006.4215778027481,93.47478257367638,none,0
2025-03-30 22:00:00,AWS_003,21.08404911618511,1007.173483406718,94.8288648409217,none,0
2025-03-30 23:00:00,AWS_003,20.484718736306533,1006.8402259784439,97.66968998058519,none,0
2025-03-31 00:00:00,AWS_003,19.8257377899002,1006.3600905028319,100.0,none,0
2025-03-31 01:00:00,AWS_003,20.530270902787766,1006.8028606806203,99.4627335952673,none,0
2025-03-31 02:00:00,AWS_003,21.645723827654233,1006.7831706947329,95.98337780554016,none,0
2025-03-31 03:00:00,AWS_003,22.256563104153084,1007.3125490471722,92.76215735780929,none,0
2025-03-31 04:00:00,AWS_003,23.325623762933464,1007.541711289202,92.59947551643833,none,0
2025-03-31 05:00:00,AWS_003,25.63014212289468,1007.6142936323629,85.8632862056167,none,0
2025-03-31 06:00:00,AWS_003,25.83997593645525,1008.1916718443384,91.2480256671402,none,0
2025-03-31 07:00:00,AWS_003,27.66980671246115,1008.1105099156061,89.66191504624828,drift,1
2025-03-31 08:00:00,AWS_003,29.440020998918943,1008.7881446381494,88.68587133299285,drift,1
2025-03-31 09:00:00,AWS_003,29.439755505177686,1009.307733999631,88.86275594709917,drift,1
2025-03-31 10:00:00,AWS_003,,,,drift,1
2025-03-31 11:00:00,AWS_003,,,,drift,1
2025-03-31 12:00:00,AWS_003,,,,drift,1
2025-03-31 13:00:00,AWS_003,,,,drift,1
2025-03-31 14:00:00,AWS_003,,,,drift,1
2025-03-31 15:00:00,AWS_003,30.544338752309912,1011.1559232840802,87.19167587049053,drift,1
2025-03-31 16:00:00,AWS_003,28.930539947649603,1011.3347483018212,89.33388161677689,drift,1
2025-03-31 17:00:00,AWS_003,27.41619492859993,1011.4794278352167,90.6874944491947,drift,1
2025-03-31 18:00:00,AWS_003,25.793669159152557,1012.227854337578,90.55218163747259,drift,1
2025-03-31 19:00:00,AWS_003,25.204685683479877,1010.6919170331004,86.98856131211568,drift,1
2025-03-31 20:00:00,AWS_003,23.08129075358071,1011.4957907088419,92.31735971500552,drift,1
2025-03-31 21:00:00,AWS_003,21.997868406358595,1012.1103867462874,92.80032052640362,drift,1
2025-03-31 22:00:00,AWS_003,20.3220934919823,1011.9351927278881,100.0,drift,1
2025-03-31 23:00:00,AWS_003,20.075267134094332,1011.817037698666,100.0,drift,1
2025-01-01 00:00:00,AWS_004,16.653754421311863,1003.4057118570362,95.98761059270548,none,0
2025-01-01 01:00:00,AWS_004,15.904947888470328,1003.7512794661354,95.7689243812629,none,0
2025-01-01 02:00:00,AWS_004,17.27552890994045,1004.3998889196846,99.18434951275712,none,0
2025-01-01 03:00:00,AWS_004,17.48995392079161,1004.084453584232,95.43565038301834,none,0
2025-01-01 04:00:00,AWS_004,19.641156067273,1004.1796889153859,96.73616747603769,none,0
2025-01-01 05:00:00,AWS_004,20.037104478774573,1004.3410378618776,99.65181062661277,none,0
2025-01-01 06:00:00,AWS_004,21.92824912575049,1005.277249568899,93.45350791787942,none,0
2025-01-01 07:00:00,AWS_004,23.52272815615501,1005.8460556955162,85.95481454333972,none,0
2025-01-01 08:00:00,AWS_004,24.370368493375132,1005.8946502999559,94.3154884668032,none,0
2025-01-01 09:00:00,AWS_004,,,,dropout,1
2025-01-01 10:00:00,AWS_004,,,,dropout,1
2025-01-01 11:00:00,AWS_004,,,,dropout,1
2025-01-01 12:00:00,AWS_004,,,,dropout,1
2025-01-01 13:00:00,AWS_004,,,,dropout,1
2025-01-01 14:00:00,AWS_004,27.083480828726717,1006.3973282474634,88.60832996754085,none,0
2025-01-01 15:00:00,AWS_004,27.25085858007875,1006.1756773092513,90.15967913688682,none,0
2025-01-01 16:00:00,AWS_004,25.202771662530726,1005.9013623063393,89.13582033368027,none,0
2025-01-01 17:00:00,AWS_004,34.89522003148058,988.095865493638,98.0,multivariate_inconsistent,1
2025-01-01 18:00:00,AWS_004,22.392269008884348,1005.0928067175855,96.11796567484089,none,0
2025-01-01 19:00:00,AWS_004,20.607497644155334,1004.78186529962,94.90877350881199,none,0
2025-01-01 20:00:00,AWS_004,18.789848228632362,1004.2546920252445,100.0,none,0
2025-01-01 21:00:00,AWS_004,17.750393944972863,1004.0549899895268,96.42415803033892,none,0
2025-01-01 22:00:00,AWS_004,17.083584415584543,1004.2647520775248,92.0875746588945,none,0
2025-01-01 23:00:00,AWS_004,17.048323125407208,1003.9194098065972,99.45754189725687,none,0
2025-01-02 00:00:00,AWS_004,16.318534358853288,1003.5311065814042,100.0,none,0
2025-01-02 01:00:00,AWS_004,16.60788082167558,1003.6856224018696,92.11555267544023,none,0
2025-01-02 02:00:00,AWS_004,16.122112221065606,1003.6805146269236,97.15238037312214,none,0
2025-01-02 03:00:00,AWS_004,17.863608121001302,1003.7646132494372,96.89371116020544,none,0
2025-01-02 04:00:00,AWS_004,19.20225490732782,1004.5565434404813,94.02548264592923,none,0
2025-01-02 05:00:00,AWS_004,21.364466141848297,1004.8303779017394,91.89139074030172,none,0
2025-01-02 06:00:00,AWS_004,22.851115291851055,1004.9927782624609,89.55528364771914,none,0
2025-01-02 07:00:00,AWS_004,23.813997591651745,1004.8491114641614,92.61227648241453,none,0
2025-01-02 08:00:00,AWS_004,25.424947319549446,1005.4690701523597,94.18308222770992,none,0
2025-01-02 09:00:00,AWS_004,26.428636900602612,1005.2960994117183,86.34021577622885,none,0
2025-01-02 10:00:00,AWS_004,27.117822274715923,1006.059763683562,91.52098776351185,none,0
2025-01-02 11:00:00,AWS_004,28.015953794146757,1006.0573207472901,84.30759301680449,none,0
2025-01-02 12:00:00,AWS_004,28.06314988466033,1006.2269380688764,88.8262711384427,none,0
2025-01-02 13:00:00,AWS_004,28.138783043690832,1005.7946591976073,88.11174112415473,none,0
2025-01-02 14:00:00,AWS_004,27.683216200404974,1006.551630981654,87.19147081321232,none,0
2025-01-02 15:00:00,AWS_004,26.376501511432195,1006.0870979734307,88.6317160545361,none,0
2025-01-02 16:00:00,AWS_004,25.66026567677222,1006.0417216889207,92.58660800053488,none,0
2025-01-02 17:00:00,AWS_004,23.315024657326546,1005.1365099670377,94.11961727781193,none,0
2025-01-02 18:00:00,AWS_004,22.21980520887086,1004.8954914918507,97.00292378389118,none,0
2025-01-02 19:00:00,AWS_004,20.742176122369266,1005.1240508553888,99.87714196031249,none,0
2025-01-02 20:00:00,AWS_004,18.479734343128417,1004.7063984269827,100.0,none,0
2025-01-02 21:00:00,AWS_004,18.221567988623356,1004.0309617401834,97.53277414981865,none,0
2025-01-02 22:00:00,AWS_004,17.306341860265125,1003.8470877612287,100.0,none,0
2025-01-02 23:00:00,AWS_004,17.108550962356407,1003.5630766436358,100.0,none,0
2025-01-03 00:00:00,AWS_004,16.197453728923733,1003.8926196326964,96.46043509714487,none,0
2025-01-03 01:00:00,AWS_004,16.66376462077071,1003.5087580368796,93.2851611396388,none,0
2025-01-03 02:00:00,AWS_004,17.28121519209219,1004.2484980797607,97.46707391435055,none,0
2025-01-03 03:00:00,AWS_004,17.318970070131094,1004.189834002146,100.0,none,0
2025-01-03 04:00:00,AWS_004,19.33628699395919,1004.4677378482629,96.34735798021774,none,0
2025-01-03 05:00:00,AWS_004,20.085851723174613,1004.5345843589575,93.37319433489165,none,0
2025-01-03 06:00:00,AWS_004,22.33207613842586,1005.3438977529357,95.11453129937655,none,0
2025-01-03 07:00:00,AWS_004,24.061580627317774,1005.6234653521597,95.24037211997343,none,0
2025-01-03 08:00:00,AWS_004,25.326728447723365,1005.4650537538996,89.81842891397896,none,0
2025-01-03 09:00:00,AWS_004,25.63734986802834,1005.4691295291776,95.77249989740616,none,0
2025-01-03 10:00:00,AWS_004,27.999222239223904,1006.504164057784,86.25574565233678,none,0
2025-01-03 11:00:00,AWS_004,28.134873739851734,1005.6556362649507,92.20050238161525,none,0
2025-01-03 12:00:00,AWS_004,28.618296167852336,1006.3708572976805,91.2638163230954,none,0
2025-01-03 13:00:00,AWS_004,27.738653422161175,1005.5600356715848,89.51572484865633,none,0
2025-01-03 14:00:00,AWS_004,27.257998064454554,1006.7057295190999,91.14352524572263,none,0
2025-01-03 15:00:00,AWS_004,27.29580097457408,1006.0561142350633,91.94857920639588,none,0
2025-01-03 16:00:00,AWS_004,25.139505151737513,1005.3049147497736,90.84368406113566,none,0
2025-01-03 17:00:00,AWS_004,23.59937683867526,1005.2118133162629,91.05841055095856,none,0
2025-01-03 18:00:00,AWS_004,22.06963628652724,1005.1484428275289,96.64226208475385,none,0
2025-01-03 19:00:00,AWS_004,21.066896443284843,1003.8874967700204,94.2178157114735,none,0
2025-01-03 20:00:00,AWS_004,18.588567361388048,1003.799847463946,94.45400258838607,none,0
2025-01-03 21:00:00,AWS_004,17.848563524061483,1004.2546074847436,100.0,none,0
2025-01-03 22:00:00,AWS_004,16.667064387150276,1003.8685388275427,97.23290737903102,none,0
2025-01-03 23:00:00,AWS_004,17.427029313307404,1003.9183474019671,98.27568175647814,none,0
2025-01-04 00:00:00,AWS_004,16.654225482711887,1003.7997326112268,99.11423342502052,none,0
2025-01-04 01:00:00,AWS_004,16.465482942334084,1003.751443169763,97.6100594262373,none,0
2025-01-04 02:00:00,AWS_004,17.117561175658086,1004.2132422472768,99.01786565658527,none,0
2025-01-04 03:00:00,AWS_004,17.88717202223962,1004.4791993500102,94.08194380299116,none,0
2025-01-04 04:00:00,AWS_004,19.04467877917193,1004.175484684359,89.83804128515757,none,0
2025-01-04 05:00:00,AWS_004,20.601812385905266,1004.9547738256036,97.51785114457887,none,0
2025-01-04 06:00:00,AWS_004,22.932214082818167,1004.8890972409521,92.44399368561132,none,0
2025-01-04 07:00:00,AWS_004,23.65692713544124,1005.0941673926399,96.30973826779177,drift,1
2025-01-04 08:00:00,AWS_004,25.114254535829232,1006.2180039318425,85.27801438949042,drift,1
2025-01-04 09:00:00,AWS_004,26.588717676044688,1006.6560200933844,84.65006756684875,drift,1
2025-01-04 10:00:00,AWS_004,28.01176607404319,1007.7151516105934,92.96202654773178,drift,1
2025-01-04 11:00:00,AWS_004,28.210873542555703,1007.9267402785036,85.48797250564397,drift,1
2025-01-04 12:00:00,AWS_004,27.79682142808545,1009.0883161767738,92.5054955830058,drift,1
2025-01-04 13:00:00,AWS_004,28.043837283908683,1009.5019746297176,93.08092199345545,drift,1
2025-01-04 14:00:00,AWS_004,35.712930117519605,992.7383619328526,98.0,multivariate_inconsistent,1
2025-01-04 15:00:00,AWS_004,25.935396252863782,1010.2275959137694,88.2494964258772,drift,1
2025-01-04 16:00:00,AWS_004,24.92597030426467,1010.1923841284113,90.39508630502334,drift,1
2025-01-04 17:00:00,AWS_004,23.916159459048714,1010.8104962776259,95.83860556101489,drift,1
2025-01-04 18:00:00,AWS_004,22.051469383714643,1011.310587303274,90.95311634914742,drift,1
2025-01-04 19:00:00,AWS_004,21.345738952811992,1011.3634064109302,94.76074924634351,drift,1
2025-01-04 20:00:00,AWS_004,19.366546240028864,1011.9121344224347,97.61890797190723,drift,1
2025-01-04 21:00:00,AWS_004,17.798759336738296,1011.4659123608454,93.82201792927792,drift,1
2025-01-04 22:00:00,AWS_004,17.000244179328444,1012.0505639062256,98.73805699019663,drift,1
2025-01-04 23:00:00,AWS_004,16.06634039452073,1012.7023356050491,100.0,drift,1
2025-01-05 00:00:00,AWS_004,15.962165108810371,1013.0649314384358,98.15388007809348,drift,1
2025-01-05 01:00:00,AWS_004,16.74249577960882,1014.0057797147011,99.03317119520257,drift,1
2025-01-05 02:00:00,AWS_004,17.006146674433413,1014.1392307897527,94.7665983962486,drift,1
2025-01-05 03:00:00,AWS_004,17.216772468367303,1004.0666287761276,96.60621025753498,none,0
2025-01-05 04:00:00,AWS_004,18.6906613139066,1004.0403343862874,99.30196062703105,none,0
2025-01-05 05:00:00,AWS_004,20.911181010612783,1004.7380647914075,92.03242890688354,none,0
2025-01-05 06:00:00,AWS_004,21.773235184893156,1004.9804749986661,94.54094602556997,none,0
2025-01-05 07:00:00,AWS_004,23.65948327714239,1004.8548128528987,97.67732327581017,none,0
2025-01-05 08:00:00,AWS_004,,,,dropout,1
2025-01-05 09:00:00,AWS_004,,,98.0,multivariate_inconsistent,1
2025-01-05 10:00:00,AWS_004,,,,dropout,1
2025-01-05 11:00:00,AWS_004,,,,dropout,1
2025-01-05 12:00:00,AWS_004,,,,dropout,1
2025-01-05 13:00:00,AWS_004,,,,dropout,1
2025-01-05 14:00:00,AWS_004,26.94113086674303,1006.0215897208876,90.13242860413894,none,0
2025-01-05 15:00:00,AWS_004,26.51367969665928,1005.3884915767462,88.04978928946467,none,0
2025-01-05 16:00:00,AWS_004,25.894504661075416,1005.5726158359633,85.2383435077703,none,0
2025-01-05 17:00:00,AWS_004,23.941314143608604,1004.8400925632732,85.7058061283837,none,0
2025-01-05 18:00:00,AWS_004,22.864502398275853,1005.0192309648254,91.22108292613582,none,0
2025-01-05 19:00:00,AWS_004,21.183661448378565,1005.089945120926,91.6186922342571,none,0
2025-01-05 20:00:00,AWS_004,18.797545782848413,1004.4711004824027,92.61353869478339,none,0
2025-01-05 21:00:00,AWS_004,18.03123833912617,1004.370002738814,97.79600766509944,drift,1
2025-01-05 22:00:00,AWS_004,17.320618759677,1003.6034556343412,100.0,drift,1
2025-01-05 23:00:00,AWS_004,17.075413871047708,1003.5252310902698,94.85438898013064,drift,1
2025-01-06 00:00:00,AWS_004,17.670317868120097,1003.7108589933688,97.25209700821263,drift,1
2025-01-06 01:00:00,AWS_004,18.257655756806795,1003.7429822992857,99.31948406991212,drift,1
2025-01-06 02:00:00,AWS_004,18.898366020965053,1004.807954605008,99.434709843706,drift,1
2025-01-06 03:00:00,AWS_004,20.35181206625331,1003.9866123830849,97.08658727475155,drift,1
2025-01-06 04:00:00,AWS_004,21.17774131290895,1004.2419901646837,100.0,drift,1
2025-01-06 05:00:00,AWS_004,23.503504583623208,1004.516490803135,99.40306151044831,drift,1
2025-01-06 06:00:00,AWS_004,24.614573348552522,1004.8172409086836,96.73034084457797,drift,1
2025-01-06 07:00:00,AWS_004,26.761042729439968,1005.3932986986287,93.91565409669052,drift,1
2025-01-06 08:00:00,AWS_004,28.158130352143836,1005.4116155443188,90.29016037619333,drift,1
2025-01-06 09:00:00,AWS_004,30.70255901870024,1005.6095697189811,91.96683991637653,drift,1
2025-01-06 10:00:00,AWS_004,31.30179786900221,1006.0101842483203,92.46322114084782,drift,1
2025-01-06 11:00:00,AWS_004,32.69101783523442,1006.4005770473844,91.81091810154433,drift,1
2025-01-06 12:00:00,AWS_004,32.37440969989484,1005.8679208331882,89.23143934455067,drift,1
2025-01-06 13:00:00,AWS_004,33.09754861462743,1006.1350193429267,87.50224748247683,drift,1
2025-01-06 14:00:00,AWS_004,33.04376568635837,1006.245965148236,87.91648315764947,drift,1
2025-01-06 15:00:00,AWS_004,26.55266485576167,1006.591371225508,88.58593799531191,none,0
2025-01-06 16:00:00,AWS_004,25.34998827836237,1005.4519524522384,92.6399742431814,none,0
2025-01-06 17:00:00,AWS_004,23.889498780696616,1005.4262720267891,93.67552784722847,none,0
2025-01-06 18:00:00,AWS_004,22.25301800716683,1005.2490899857646,92.55153355381037,none,0
2025-01-06 19:00:00,AWS_004,20.57649890799483,1004.9322481946072,92.78665791602991,none,0
2025-01-06 20:00:00,AWS_004,18.937781591922334,1004.7727025625771,98.89380723233569,none,0
2025-01-06 21:00:00,AWS_004,18.449879149662927,1003.9531276194693,95.4813375037561,none,0
2025-01-06 22:00:00,AWS_004,17.086996556850647,1003.4034125945374,93.51620302981972,none,0
2025-01-06 23:00:00,AWS_004,16.514457792222068,1003.9127289672286,94.42413735775759,none,0
2025-01-07 00:00:00,AWS_004,16.41302794593191,1003.9261339842715,99.02612576703048,none,0
2025-01-07 01:00:00,AWS_004,15.98296100746026,1003.5641440839263,95.3408734198138,none,0
2025-01-07 02:00:00,AWS_004,16.539295623359074,1004.0604967863977,100.0,none,0
2025-01-07 03:00:00,AWS_004,17.500817201437002,1003.8520767842145,96.8973665530494,none,0
2025-01-07 04:00:00,AWS_004,19.999992375433003,1004.2620060838926,100.0,none,0
2025-01-07 05:00:00,AWS_004,20.619567677934388,1004.2729529928888,95.23278825663016,none,0
2025-01-07 06:00:00,AWS_004,22.569909698401727,1004.7245902469069,94.91016351481873,none,0
2025-01-07 07:00:00,AWS_004,23.101788868018176,1005.426362089197,87.3810053657171,none,0
2025-01-07 08:00:00,AWS_004,25.12702612189861,1005.5217785681267,85.94509094404432,none,0
2025-01-07 09:00:00,AWS_004,26.566359523614363,1005.9766172989114,86.36444844230702,none,0
2025-01-07 10:00:00,AWS_004,27.251684862936024,1006.1105636720134,86.38580879568823,none,0
2025-01-07 11:00:00,AWS_004,28.522746774014966,1006.3650223853981,84.10105336639998,none,0
2025-01-07 12:00:00,AWS_004,28.14590165708094,1005.9345842483319,91.20556139588211,none,0
2025-01-07 13:00:00,AWS_004,3.0481265355331786,1006.0589347328183,91.41352685147726,spike,1
2025-01-07 14:00:00,AWS_004,27.93486937018863,1006.3132333575267,86.20737547276568,none,0
2025-01-07 15:00:00,AWS_004,27.176568354498542,1006.0834535662856,87.52729373307739,none,0
2025-01-07 16:00:00,AWS_004,25.42366613642177,1005.3228113288314,91.8345474191832,none,0
2025-01-07 17:00:00,AWS_004,23.65935599016606,1004.7316365266897,88.0900453639352,none,0
2025-01-07 18:00:00,AWS_004,22.175248174942656,1005.098585810701,100.0,none,0
2025-01-07 19:00:00,AWS_004,21.220461580614582,1004.7591574332668,97.33431780846367,none,0
2025-01-07 20:00:00,AWS_004,18.856298287811512,1004.4550885673914,94.61236807120788,none,0
2025-01-07 21:00:00,AWS_004,17.63807623215314,1003.6008781195848,95.15794405686364,none,0
2025-01-07 22:00:00,AWS_004,16.703834695867304,1003.9223681275539,97.72262322226979,none,0
2025-01-07 23:00:00,AWS_004,16.901320068500517,1004.0625649846046,97.28981840065842,none,0
2025-01-08 00:00:00,AWS_004,16.452663926677477,1003.7602775682508,96.65748831891187,none,0
2025-01-08 01:00:00,AWS_004,16.124831152552456,1003.6660504524469,100.0,none,0
2025-01-08 02:00:00,AWS_004,16.78231137999039,1004.0738578758054,99.00238630493958,none,0
2025-01-08 03:00:00,AWS_004,18.027956980920383,1003.7943291438088,99.40517065423214,none,0
2025-01-08 04:00:00,AWS_004,19.062155759696566,1004.9533425693877,95.17763922813343,none,0
2025-01-08 05:00:00,AWS_004,20.2977080491603,1004.7847609751947,97.82031962609504,none,0
2025-01-08 06:00:00,AWS_004,21.934088592552083,1004.5993654468019,92.5283905862382,none,0
2025-01-08 07:00:00,AWS_004,23.742567261147872,1006.1047581694506,94.72535705356452,none,0
2025-01-08 08:00:00,AWS_004,25.023043119651238,1005.7242955129034,89.70925713959363,none,0
2025-01-08 09:00:00,AWS_004,26.497163920574387,1005.5545051915948,85.54795906094354,none,0
2025-01-08 10:00:00,AWS_004,27.31758638536222,1006.1212543508386,92.16920777535778,none,0
2025-01-08 11:00:00,AWS_004,27.77043693222214,1006.0886201795179,95.15782164304764,none,0
2025-01-08 12:00:00,AWS_004,31.4558816066613,1007.1585065176074,98.0,thermo_inconsistent,1
2025-01-08 13:00:00,AWS_004,28.25064062628117,1006.1674777364574,86.20051743233334,none,0
2025-01-08 14:00:00,AWS_004,26.66776412719787,1005.859944302558,92.30370350443933,none,0
2025-01-08 15:00:00,AWS_004,26.614354652389945,1006.0223966561317,93.06659995719336,none,0
2025-01-08 16:00:00,AWS_004,25.075758407237142,1005.5095280550617,87.26123095541962,none,0
2025-01-08 17:00:00,AWS_004,23.407550910141666,1005.3074086815723,93.80322243583824,none,0
2025-01-08 18:00:00,AWS_004,22.565727197191265,1004.6087115941738,91.38154892957651,none,0
2025-01-08 19:00:00,AWS_004,20.81487237164975,1004.8186727524082,94.93475604638054,none,0
2025-01-08 20:00:00,AWS_004,19.492460150572537,1004.2265147305397,93.99456808405598,none,0
2025-01-08 21:00:00,AWS_004,17.803270304468555,1004.1593497106144,97.98759431047371,none,0
2025-01-08 22:00:00,AWS_004,17.79152084047829,1004.2064586406585,93.79086577142834,none,0
2025-01-08 23:00:00,AWS_004,16.67322979624831,1003.789005453741,92.40361347418573,none,0
2025-01-09 00:00:00,AWS_004,16.02029824102856,1003.8806560695859,95.06265101008862,none,0
2025-01-09 01:00:00,AWS_004,17.237860077233197,1003.8833693439128,97.63101512278317,none,0
2025-01-09 02:00:00,AWS_004,16.73200392495449,1004.0159422721684,99.90939355634478,none,0
2025-01-09 03:00:00,AWS_004,18.63252135056989,1004.046219694499,96.27534756886422,none,0
2025-01-09 04:00:00,AWS_004,19.144323572326886,1004.7949143152122,97.80547525960246,none,0
2025-01-09 05:00:00,AWS_004,20.462912593386008,1004.5981733943003,95.11736839136036,none,0
2025-01-09 06:00:00,AWS_004,21.967876773368012,1004.9011088606879,94.53016917099671,none,0
2025-01-09 07:00:00,AWS_004,23.406861799159177,1005.1722039616745,97.25577270121212,none,0
2025-01-09 08:00:00,AWS_004,24.889512549781614,1005.6230994066208,96.62734304306592,none,0
2025-01-09 09:00:00,AWS_004,26.653116350237223,1006.2753742552432,88.4140070490785,none,0
2025-01-09 10:00:00,AWS_004,27.42287873431232,1006.2531466168606,89.02356417530302,none,0
2025-01-09 11:00:00,AWS_004,27.39945201427117,1006.4896885516982,86.12449716109174,none,0
2025-01-09 12:00:00,AWS_004,28.346590883033237,1005.9459778514549,91.8009893416986,none,0
2025-01-09 13:00:00,AWS_004,27.456964292256323,1005.3814508502226,85.75134414288307,none,0
2025-01-09 14:00:00,AWS_004,27.664865602138672,1006.2371434948975,86.74344905874752,none,0
2025-01-09 15:00:00,AWS_004,26.318455917052695,1005.755004066494,89.14415643949916,none,0
2025-01-09 16:00:00,AWS_004,25.17279740777964,1005.8640674815157,89.51503129445527,none,0
2025-01-09 17:00:00,AWS_004,24.29716353643497,1005.827211218468,90.02240327694804,none,0
2025-01-09 18:00:00,AWS_004,21.439674442169714,1005.2711122458473,91.6024346423988,none,0
2025-01-09 19:00:00,AWS_004,21.611305568768657,1004.509009643436,96.91627143261505,none,0
2025-01-09 20:00:00,AWS_004,20.51436763728701,1004.4925070474058,96.70869499183813,none,0
2025-01-09 21:00:00,AWS_004,18.468046935487266,1004.0153512813218,100.0,none,0
2025-01-09 22:00:00,AWS_004,17.30399422885863,1004.4525211472941,95.10525342760057,none,0
2025-01-09 23:00:00,AWS_004,16.19733084916969,1004.1127646899458,99.43306899573726,none,0
2025-01-10 00:00:00,AWS_004,16.712804327637063,1003.7650908706088,95.79676741762681,none,0
2025-01-10 01:00:00,AWS_004,16.399736960725605,1003.8402760354094,98.09437833459387,none,0
2025-01-10 02:00:00,AWS_004,16.959707677533395,1003.9071785165413,96.3018123698065,none,0
2025-01-10 03:00:00,AWS_004,17.707132518698153,1004.6803085508053,97.65484252065251,none,0
2025-01-10 04:00:00,AWS_004,19.840152607875,1003.9593164352806,94.27219653094924,none,0
2025-01-10 05:00:00,AWS_004,21.06706398102303,1004.7583141457472,91.25508787077352,none,0
2025-01-10 06:00:00,AWS_004,21.693972845465975,1004.7936701411912,95.9575982184535,none,0
2025-01-10 07:00:00,AWS_004,23.787225120698267,1005.5609748310286,92.24965282128043,none,0
2025-01-10 08:00:00,AWS_004,24.746272638564708,1005.9720895185116,97.05851058594943,none,0
2025-01-10 09:00:00,AWS_004,26.894431422262407,1005.6786271828457,85.44974949119002,frozen,1
2025-01-10 10:00:00,AWS_004,26.894431422262407,1005.6786271828457,85.44974949119002,frozen,1
2025-01-10 11:00:00,AWS_004,26.894431422262407,1005.6786271828457,85.44974949119002,frozen,1
2025-01-10 12:00:00,AWS_004,26.894431422262407,1005.6786271828457,85.44974949119002,frozen,1
2025-01-10 13:00:00,AWS_004,26.894431422262407,1005.6786271828457,85.44974949119002,frozen,1
2025-01-10 14:00:00,AWS_004,26.894431422262407,1005.6786271828457,85.44974949119002,frozen,1
2025-01-10 15:00:00,AWS_004,26.34092419445224,1006.1992496610989,91.7882830066826,none,0
2025-01-10 16:00:00,AWS_004,24.734794270033994,1005.537380733663,91.94713092046422,none,0
2025-01-10 17:00:00,AWS_004,24.413966787782478,1005.3558653501743,93.81808798732858,none,0
2025-01-10 18:00:00,AWS_004,26.62635032491569,1006.1176402494635,98.0,thermo_inconsistent,1
2025-01-10 19:00:00,AWS_004,20.015699195683958,1004.6299733056563,93.75459449851672,none,0
2025-01-10 20:00:00,AWS_004,18.81266154133234,1004.1287014508201,96.07160609064925,none,0
2025-01-10 21:00:00,AWS_004,18.951286910600306,1004.1409420800741,96.91761238544576,none,0
2025-01-10 22:00:00,AWS_004,17.354835994014348,1003.7051164186284,97.311890804824,none,0
2025-01-10 23:00:00,AWS_004,16.36036166920594,1003.7716998982979,100.0,none,0
2025-01-11 00:00:00,AWS_004,16.661859046525453,1004.3975957146549,100.0,none,0
2025-01-11 01:00:00,AWS_004,16.632259703873075,1003.8948441876693,100.0,none,0
2025-01-11 02:00:00,AWS_004,17.41129394258953,1004.0971204572666,97.97909543010815,none,0
2025-01-11 03:00:00,AWS_004,17.8901521120355,1004.1993072403407,93.80440393132321,none,0
2025-01-11 04:00:00,AWS_004,19.952731121100605,1004.3443281796671,95.08392324689432,none,0
2025-01-11 05:00:00,AWS_004,20.838992693031052,1004.4618669573229,96.3696923020553,none,0
2025-01-11 06:00:00,AWS_004,21.809156108478266,1005.0180312417947,94.31246158287165,none,0
2025-01-11 07:00:00,AWS_004,23.8243557344926,1005.1517927823205,93.42429548491346,none,0
2025-01-11 08:00:00,AWS_004,25.159879178680583,1005.8206237901517,92.26265173694952,none,0
2025-01-11 09:00:00,AWS_004,26.695520542727913,1005.8469795549929,94.95904136099325,none,0
2025-01-11 10:00:00,AWS_004,27.603220014231315,1005.673606856192,91.13160679300465,none,0
2025-01-11 11:00:00,AWS_004,28.13474308518273,1006.2315567135098,94.14991808194816,none,0
2025-01-11 12:00:00,AWS_004,27.95069582676156,1006.1103106819971,87.36662468205242,none,0
2025-01-11 13:00:00,AWS_004,28.1784980188932,1005.9548859586307,90.33095447065544,none,0
2025-01-11 14:00:00,AWS_004,27.25702294524336,1006.0754838689246,86.18938920897061,none,0
2025-01-11 15:00:00,AWS_004,27.198073443058792,1005.9023869632318,86.06868050862073,none,0
2025-01-11 16:00:00,AWS_004,24.829904524878256,1005.4837768366615,89.78636583853118,none,0
2025-01-11 17:00:00,AWS_004,23.736194734666284,1005.5671668433023,98.72293390246494,none,0
2025-01-11 18:00:00,AWS_004,22.089732342985272,1005.6119976040117,90.01964455787886,none,0
2025-01-11 19:00:00,AWS_004,20.339186548090805,1005.0345553800742,96.46027583817524,none,0
2025-01-11 20:00:00,AWS_004,19.463623189639012,1004.5139530050209,95.36216708269136,none,0
2025-01-11 21:00:00,AWS_004,18.181022134149277,1004.0057921114541,157.44334633057304,spike,1
2025-01-11 22:00:00,AWS_004,17.181809968964924,1003.8114003286793,100.0,none,0
2025-01-11 23:00:00,AWS_004,17.122995111889384,1003.4691550050508,100.0,none,0
2025-01-12 00:00:00,AWS_004,16.072261660017645,1003.6659594003494,99.74030996075443,none,0
2025-01-12 01:00:00,AWS_004,16.693410754736053,1003.6964480836792,100.0,none,0
2025-01-12 02:00:00,AWS_004,17.145860264478497,1003.9149979336812,95.35220554270882,none,0
2025-01-12 03:00:00,AWS_004,18.17455609347153,1004.2477443353359,100.0,none,0
2025-01-12 04:00:00,AWS_004,18.785526332749576,1004.4349287162056,100.0,none,0
2025-01-12 05:00:00,AWS_004,20.261475702561274,1005.2114361899036,95.44319668506823,none,0
2025-01-12 06:00:00,AWS_004,22.645680975981914,1005.1511256615756,94.2393604099963,none,0
2025-01-12 07:00:00,AWS_004,23.379814225206605,1006.0106518754428,94.78905490532033,none,0
2025-01-12 08:00:00,AWS_004,25.758056040943696,1005.4795964094592,93.5200056957903,none,0
2025-01-12 09:00:00,AWS_004,27.170606791715024,1005.5913030461041,94.11211463560254,none,0
2025-01-12 10:00:00,AWS_004,27.274854273196947,1006.0343599291,96.22449550845862,none,0
2025-01-12 11:00:00,AWS_004,28.245786689853013,1006.483671414841,86.4186107868332,none,0
2025-01-12 12:00:00,AWS_004,28.387302279371,1006.319048896354,88.33144420749834,none,0
2025-01-12 13:00:00,AWS_004,28.725881523543972,1006.0523760088996,87.46563800872042,none,0
2025-01-12 14:00:00,AWS_004,28.37779262925119,1005.9248663407091,88.67573442074925,none,0
2025-01-12 15:00:00,AWS_004,26.887619522745695,1005.9530451112166,90.74248095482294,none,0
2025-01-12 16:00:00,AWS_004,25.672084450080938,1006.0544350592036,90.56144738805706,none,0
2025-01-12 17:00:00,AWS_004,24.37717008966866,1005.460517915364,93.8352871917855,none,0
2025-01-12 18:00:00,AWS_004,21.93344237463206,1005.143614565746,92.59126815735956,none,0
2025-01-12 19:00:00,AWS_004,20.740073038556368,1004.7401245549361,91.90187425586949,none,0
2025-01-12 20:00:00,AWS_004,19.67977394415949,1004.3855023408743,95.0543858679855,none,0
2025-01-12 21:00:00,AWS_004,17.883045187280974,1004.3384251472933,100.0,none,0
2025-01-12 22:00:00,AWS_004,17.8040067955728,1004.1101564412088,100.0,none,0
2025-01-12 23:00:00,AWS_004,16.147909942667326,1004.0861716353501,96.91423871838785,none,0
2025-01-13 00:00:00,AWS_004,16.24676969553488,1003.8624392893367,97.54993865765756,none,0
2025-01-13 01:00:00,AWS_004,16.57151910096254,1004.064866287882,97.19161912900583,none,0
2025-01-13 02:00:00,AWS_004,17.399533259504487,1003.9850234462523,95.90438014823347,none,0
2025-01-13 03:00:00,AWS_004,17.70405881047867,1004.1248619673605,99.95743773368876,none,0
2025-01-13 04:00:00,AWS_004,19.16535817316815,1005.0542142620341,93.55272432733975,none,0
2025-01-13 05:00:00,AWS_004,20.914620398551946,1005.011168138279,91.57921424403973,none,0
2025-01-13 06:00:00,AWS_004,22.35560160619959,1005.2261899642289,98.86157360756809,none,0
2025-01-13 07:00:00,AWS_004,24.105359587715416,1005.6200690564933,92.12727193321203,none,0
2025-01-13 08:00:00,AWS_004,24.982462699872222,1005.6708406404226,97.12442607235563,none,0
2025-01-13 09:00:00,AWS_004,26.105516030719972,1006.31134700543,94.7510289176908,none,0
2025-01-13 10:00:00,AWS_004,26.348980591805272,1006.6371776934574,91.82741121077316,none,0
2025-01-13 11:00:00,AWS_004,27.558961243084088,1006.2201960857044,87.68313826049665,none,0
2025-01-13 12:00:00,AWS_004,28.090043535685496,1006.7458969997898,86.80488886572373,none,0
2025-01-13 13:00:00,AWS_004,27.476935835812686,1006.7590168283249,90.46476783571359,none,0
2025-01-13 14:00:00,AWS_004,27.310527669005616,1006.2283525245238,91.55962820892614,none,0
2025-01-13 15:00:00,AWS_004,26.858021133723465,1005.5769807529247,90.43852333884007,none,0
2025-01-13 16:00:00,AWS_004,25.07818506191521,1005.7890700486827,92.35307234424346,none,0
2025-01-13 17:00:00,AWS_004,24.19871485569415,1005.0995196690175,90.01176690928203,none,0
2025-01-13 18:00:00,AWS_004,22.57680316088562,1005.3907032636066,96.16479313779368,none,0
2025-01-13 19:00:00,AWS_004,20.735875584801043,1004.6045582813724,93.56866825295114,none,0
2025-01-13 20:00:00,AWS_004,19.572714162163,1004.6062145059285,94.41980776933883,none,0
2025-01-13 21:00:00,AWS_004,18.404632921626117,1004.4017642857143,95.63821289547334,none,0
2025-01-13 22:00:00,AWS_004,16.53525021112671,1003.9735199800502,100.0,none,0
2025-01-13 23:00:00,AWS_004,17.142107183741107,1003.5894153733128,99.26835318720632,none,0
2025-01-14 00:00:00,AWS_004,15.573788987895822,1004.2667025123985,98.3360992324822,none,0
2025-01-14 01:00:00,AWS_004,16.604250893817916,1003.7592671637823,96.99221385427357,none,0
2025-01-14 02:00:00,AWS_004,16.851013534821394,1003.7964604004495,96.58444457778765,none,0
2025-01-14 03:00:00,AWS_004,17.83092990756208,1004.3072521929616,99.07136879375477,none,0
2025-01-14 04:00:00,AWS_004,19.38169600758299,1004.4748178034004,96.59209134865401,none,0
2025-01-14 05:00:00,AWS_004,20.591605142325534,1004.431438697943,97.68244964982654,none,0
2025-01-14 06:00:00,AWS_004,22.22444200876386,1004.9884898450907,95.55564113240636,none,0
2025-01-14 07:00:00,AWS_004,23.841439439230527,1005.4401847728675,90.6696218161235,none,0
2025-01-14 08:00:00,AWS_004,24.949196545580396,1005.6788417736931,96.33191249179433,none,0
2025-01-14 09:00:00,AWS_004,26.64964575065737,1006.1127116741118,91.10347680017313,none,0
2025-01-14 10:00:00,AWS_004,27.075761305094684,1005.9826375351731,91.44465501050202,none,0
2025-01-14 11:00:00,AWS_004,36.36763906428172,988.4962515382481,98.0,multivariate_inconsistent,1
2025-01-14 12:00:00,AWS_004,27.8504684890678,1006.7692794529133,86.53276363914196,none,0
2025-01-14 13:00:00,AWS_004,28.236252359844933,1006.6628953349642,93.53457314140647,none,0
2025-01-14 14:00:00,AWS_004,27.334809451550978,1006.0421719539492,89.80599454953571,none,0
2025-01-14 15:00:00,AWS_004,27.18926718733711,1006.1607973489706,89.88081235287788,none,0
2025-01-14 16:00:00,AWS_004,24.972373446565506,1005.8245375975569,90.29824520254783,none,0
2025-01-14 17:00:00,AWS_004,24.402049367800263,1005.0228720748113,90.31525002014935,none,0
2025-01-14 18:00:00,AWS_004,22.217945117681577,1004.8988917576544,89.50922094030071,none,0
2025-01-14 19:00:00,AWS_004,20.17644029403603,1004.8081308084063,98.48387790587513,none,0
2025-01-14 20:00:00,AWS_004,19.948943719832936,1004.7720233883787,96.08918660411216,none,0
2025-01-14 21:00:00,AWS_004,18.546204597204355,1004.1318183851811,96.9264223067161,none,0
2025-01-14 22:00:00,AWS_004,17.88210986134579,1004.016445246167,94.73311643962504,none,0
2025-01-14 23:00:00,AWS_004,16.43097623386209,1003.3597321012747,100.0,none,0
2025-01-15 00:00:00,AWS_004,16.77135757727361,1003.8997807819311,93.79799763727144,none,0
2025-01-15 01:00:00,AWS_004,17.23076699562128,1003.7428249190069,100.0,none,0
2025-01-15 02:00:00,AWS_004,17.298521466474078,1004.053703167057,91.21599868112045,none,0
2025-01-15 03:00:00,AWS_004,19.343306347077377,1004.2458774174269,95.08493356546238,none,0
2025-01-15 04:00:00,AWS_004,19.35026422204988,1004.2773669718013,96.86294999789033,none,0
2025-01-15 05:00:00,AWS_004,21.30439926490604,1005.4167544150162,95.61077830878634,none,0
2025-01-15 06:00:00,AWS_004,22.110643682984062,1004.8808965159735,89.85486035234896,none,0
2025-01-15 07:00:00,AWS_004,23.72768447449272,1006.0368976284713,92.22895324163069,none,0
2025-01-15 08:00:00,AWS_004,25.327873325936448,1005.8134989767765,91.00240683749523,none,0
2025-01-15 09:00:00,AWS_004,26.691440924400084,1005.4632071392672,90.3425402422871,none,0
2025-01-15 10:00:00,AWS_004,27.779218791205757,1006.1411549346694,89.26316626357277,none,0
2025-01-15 11:00:00,AWS_004,28.489439095478257,1006.1817297840638,87.2995917213671,none,0
2025-01-15 12:00:00,AWS_004,27.630604786737923,1006.2181422844143,89.86214502331856,none,0
2025-01-15 13:00:00,AWS_004,28.32916390097508,1005.9993591376389,95.59091801463897,none,0
2025-01-15 14:00:00,AWS_004,27.456150024522326,1006.606565697433,95.52201565601351,none,0
2025-01-15 15:00:00,AWS_004,26.003442458310126,1005.4982927181294,89.90156038329063,none,0
2025-01-15 16:00:00,AWS_004,25.184901399711496,1005.3277714811242,90.10508615392288,none,0
2025-01-15 17:00:00,AWS_004,24.296887976905733,1005.1988484554541,88.23846323980683,none,0
2025-01-15 18:00:00,AWS_004,22.671822136927613,1005.5967957312164,95.6158323092228,none,0
2025-01-15 19:00:00,AWS_004,20.295937758309627,1004.9267857976586,98.85823613357076,none,0
2025-01-15 20:00:00,AWS_004,19.208180517967023,1004.2835481037914,98.2694892460645,none,0
2025-01-15 21:00:00,AWS_004,17.99787056153151,1003.8964657412821,96.7814995121122,none,0
2025-01-15 22:00:00,AWS_004,17.76674982294917,1004.5808024786055,95.77269444368712,none,0
2025-01-15 23:00:00,AWS_004,16.515625197624942,1004.1568615865656,92.36963466544681,none,0
2025-01-16 00:00:00,AWS_004,16.106746289239712,1003.7333271391578,94.9894469543827,none,0
2025-01-16 01:00:00,AWS_004,16.595458659013943,1004.0632293947023,98.46883908500125,none,0
2025-01-16 02:00:00,AWS_004,16.203946203625463,1004.42271693642,100.0,none,0
2025-01-16 03:00:00,AWS_004,18.18864370022515,1003.5839385052989,96.65871620361197,none,0
2025-01-16 04:00:00,AWS_004,19.774991158095933,1004.3198591982158,96.64738951721061,none,0
2025-01-16 05:00:00,AWS_004,20.995200124950976,1004.6599153818053,96.29974394474509,none,0
2025-01-16 06:00:00,AWS_004,21.651682855810137,1005.2235380393437,93.59301329780195,none,0
2025-01-16 07:00:00,AWS_004,24.908580405359796,1005.1459945068774,95.99437982726715,none,0
2025-01-16 08:00:00,AWS_004,25.621851720308058,1005.8408291252082,88.40084438348745,none,0
2025-01-16 09:00:00,AWS_004,26.572923529014844,1005.7362290732237,91.56679748434924,none,0
2025-01-16 10:00:00,AWS_004,27.538658375959592,1006.2808785325603,86.15325602638572,none,0
2025-01-16 11:00:00,AWS_004,28.51210963789965,1005.749829515734,90.64051751738066,none,0
2025-01-16 12:00:00,AWS_004,28.328683646203178,1006.950679080556,89.68765953790255,none,0
2025-01-16 13:00:00,AWS_004,28.126746555667197,1006.0272328080637,91.00846948842,none,0
2025-01-16 14:00:00,AWS_004,27.829473882139613,1005.6994103765838,87.5895403726829,none,0
2025-01-16 15:00:00,AWS_004,26.19546848101521,1005.3416099019734,90.71097842434817,none,0
2025-01-16 16:00:00,AWS_004,25.690716493511765,1005.7538197411783,92.12615798533196,none,0
2025-01-16 17:00:00,AWS_004,23.561392681091547,1005.513573447835,91.55536070612303,none,0
2025-01-16 18:00:00,AWS_004,22.567088178428186,1005.053350101134,91.99352668937951,none,0
2025-01-16 19:00:00,AWS_004,21.2600789723792,1004.2654516110972,93.2972425715806,none,0
2025-01-16 20:00:00,AWS_004,19.60286011487534,1004.4890025186962,93.14749415817722,none,0
2025-01-16 21:00:00,AWS_004,18.47983539788424,1004.74869209542,96.65606844464588,none,0
2025-01-16 22:00:00,AWS_004,17.04912928228937,1003.4304671780013,100.0,none,0
2025-01-16 23:00:00,AWS_004,16.288813214467115,1003.8378695366038,96.22127701089676,none,0
2025-01-17 00:00:00,AWS_004,16.814183583353902,1003.8828580225081,100.0,none,0
2025-01-17 01:00:00,AWS_004,16.548853946429322,1004.4602490437455,100.0,none,0
2025-01-17 02:00:00,AWS_004,16.86581992054878,1003.7506175049851,100.0,none,0
2025-01-17 03:00:00,AWS_004,17.943964358932288,1004.6136651944919,99.25458683114248,none,0
2025-01-17 04:00:00,AWS_004,19.11437508468709,1004.9175247026161,99.56825645752696,none,0
2025-01-17 05:00:00,AWS_004,21.13960508932017,1004.7814643414001,94.44272109044717,none,0
2025-01-17 06:00:00,AWS_004,22.637805965532063,1005.1454180401828,95.77293980207303,none,0
2025-01-17 07:00:00,AWS_004,24.540223764117556,1005.8478072473781,87.84653183451543,none,0
2025-01-17 08:00:00,AWS_004,24.96054950668839,1005.3680540633035,86.47517468314793,none,0
2025-01-17 09:00:00,AWS_004,26.670362377840696,1005.9148074878416,93.8552493704955,none,0
2025-01-17 10:00:00,AWS_004,27.569900913493203,1006.3170936672833,84.45787658148565,none,0
2025-01-17 11:00:00,AWS_004,27.374268758596557,1005.9339234088748,83.65189604202784,none,0
2025-01-17 12:00:00,AWS_004,28.382347148217793,1006.4271712409145,90.88044588081286,none,0
2025-01-17 13:00:00,AWS_004,28.448582673817757,1006.1816618416912,87.07925323222045,none,0
2025-01-17 14:00:00,AWS_004,27.276629165695105,1006.2957078612367,90.19765140670609,none,0
2025-01-17 15:00:00,AWS_004,26.15320513802004,1005.9168581065305,92.6653906972315,none,0
2025-01-17 16:00:00,AWS_004,26.347292889344253,1005.6717668198327,92.11250302491656,none,0
2025-01-17 17:00:00,AWS_004,23.427513328142002,1005.955527375875,96.06367845219872,none,0
2025-01-17 18:00:00,AWS_004,23.015877391975966,1004.9696085007788,97.16092880583174,none,0
2025-01-17 19:00:00,AWS_004,20.99085976516015,1004.664725531748,96.53476384389099,none,0
2025-01-17 20:00:00,AWS_004,19.58910287033893,1004.7847286522432,95.77616440548341,none,0
2025-01-17 21:00:00,AWS_004,17.966417281350584,1004.2450778714443,97.35642102684682,none,0
2025-01-17 22:00:00,AWS_004,16.829591248274525,1003.9940354378278,98.80902339052813,none,0
2025-01-17 23:00:00,AWS_004,17.205737741996458,1004.5694799233011,90.16059729968869,none,0
2025-01-18 00:00:00,AWS_004,17.17098953002515,1003.986644019719,100.0,none,0
2025-01-18 01:00:00,AWS_004,16.29526184745251,1003.8729291021781,94.26732881489923,none,0
2025-01-18 02:00:00,AWS_004,17.71474050203355,1003.8825930270195,99.96548552480702,none,0
2025-01-18 03:00:00,AWS_004,18.186805117101777,1004.107426497481,96.89069635883875,none,0
2025-01-18 04:00:00,AWS_004,19.744223117892766,1004.4591351376909,94.67048655326914,none,0
2025-01-18 05:00:00,AWS_004,20.795294599428928,1004.9753150650827,93.17432708314028,none,0
2025-01-18 06:00:00,AWS_004,22.153904703577908,1005.6242352868665,92.65723694003508,none,0
2025-01-18 07:00:00,AWS_004,23.363604601099922,1005.5168713021427,96.78632858720441,none,0
2025-01-18 08:00:00,AWS_004,24.739113669050635,1005.6264296882438,87.33608994511421,none,0
2025-01-18 09:00:00,AWS_004,26.624776614572212,1005.702129141827,86.80702458664064,none,0
2025-01-18 10:00:00,AWS_004,27.530568245487473,1006.2244699820197,84.50144396763832,none,0
2025-01-18 11:00:00,AWS_004,27.750168054188748,1006.2759740479655,85.10942440271066,none,0
2025-01-18 12:00:00,AWS_004,27.776540719642746,1006.6423496449012,88.13035302384898,none,0
2025-01-18 13:00:00,AWS_004,27.90120157180666,1006.3606344468952,94.67115881791545,none,0
2025-01-18 14:00:00,AWS_004,27.781863140523647,1006.3830184808547,93.0349856989124,none,0
2025-01-18 15:00:00,AWS_004,27.01773136706237,1006.1757132864914,89.88071288998188,none,0
2025-01-18 16:00:00,AWS_004,25.824126508514077,1005.9608633926026,90.61020747488423,none,0
2025-01-18 17:00:00,AWS_004,24.001742245608717,1005.5823717472426,95.36992112658572,none,0
2025-01-18 18:00:00,AWS_004,22.71787674432489,1005.7445900103821,91.82055213894121,none,0
2025-01-18 19:00:00,AWS_004,20.38131220598486,1004.6491818438466,96.60837066669374,none,0
2025-01-18 20:00:00,AWS_004,20.05458664874792,1004.7685278078325,94.03533547042073,none,0
2025-01-18 21:00:00,AWS_004,18.22130244474022,1004.3665484014701,98.07143288679887,none,0
2025-01-18 22:00:00,AWS_004,16.904955680752213,1003.9592624268453,97.07780309931933,none,0
2025-01-18 23:00:00,AWS_004,16.24658363900043,1003.9277306986016,100.0,none,0
2025-01-19 00:00:00,AWS_004,15.982970458991058,1004.2812393197737,100.0,none,0
2025-01-19 01:00:00,AWS_004,16.493616933276424,1003.7342191814241,100.0,none,0
2025-01-19 02:00:00,AWS_004,17.55502498681718,1003.8479355669931,97.05066845909475,none,0
2025-01-19 03:00:00,AWS_004,17.880317248717358,1004.1875104103334,100.0,none,0
2025-01-19 04:00:00,AWS_004,19.783274754438168,1004.4828957312366,100.0,none,0
2025-01-19 05:00:00,AWS_004,20.925033733166025,1004.5159978665636,96.29524306682676,none,0
2025-01-19 06:00:00,AWS_004,21.747620900780092,1005.4237468661449,96.98575980874013,none,0
2025-01-19 07:00:00,AWS_004,23.52518083525147,1005.4459570966372,90.22508224353417,none,0
2025-01-19 08:00:00,AWS_004,25.048165399996233,1005.4259818155214,85.5301757332632,none,0
2025-01-19 09:00:00,AWS_004,26.48428972821521,1005.9845933324876,86.96806607647925,none,0
2025-01-19 10:00:00,AWS_004,28.339959522678942,1006.6118192558764,87.78334068121701,none,0
2025-01-19 11:00:00,AWS_004,29.162135542044293,1006.61555785642,89.2457989946516,none,0
2025-01-19 12:00:00,AWS_004,28.529809551691056,1006.4615643320903,88.66021428158416,none,0
2025-01-19 13:00:00,AWS_004,28.335774631809752,1006.443543212377,93.60891667189134,none,0
2025-01-19 14:00:00,AWS_004,27.31433125427351,1006.5760397361107,88.38794979477206,none,0
2025-01-19 15:00:00,AWS_004,27.113302006380245,1005.5914464422297,90.45640540178286,none,0
2025-01-19 16:00:00,AWS_004,25.091417377527964,1006.2665902610916,88.33016027498176,none,0
2025-01-19 17:00:00,AWS_004,23.791716758797424,1005.2292900751455,95.21712500099322,none,0
2025-01-19 18:00:00,AWS_004,22.461625706011425,1005.2516486431853,87.54324692876597,none,0
2025-01-19 19:00:00,AWS_004,21.22741332942516,1004.7724794982068,94.20510235934314,none,0
2025-01-19 20:00:00,AWS_004,19.54520779899329,1004.8854931715298,96.87516236316156,none,0
2025-01-19 21:00:00,AWS_004,17.273262281040058,1004.3202989768923,97.53229509118096,none,0
2025-01-19 22:00:00,AWS_004,17.386933847688248,1004.162805087329,97.10933753886235,none,0
2025-01-19 23:00:00,AWS_004,16.4926310332245,1004.1570813849925,100.0,none,0
2025-01-20 00:00:00,AWS_004,16.577282027413414,1003.9169675730899,96.98281658974636,none,0
2025-01-20 01:00:00,AWS_004,17.189723043076885,1004.0142938923916,99.13692992717097,none,0
2025-01-20 02:00:00,AWS_004,16.622711617092268,1004.0538283456406,96.41201458699217,none,0
2025-01-20 03:00:00,AWS_004,18.290373470935194,1004.4826096908135,96.89349606673262,none,0
2025-01-20 04:00:00,AWS_004,19.823194014003214,1004.7102563013244,94.65318724598352,none,0
2025-01-20 05:00:00,AWS_004,20.294003704763554,1004.6530327167715,93.21247025470248,none,0
2025-01-20 06:00:00,AWS_004,22.990982461228384,1005.2398736496727,96.98354906144122,none,0
2025-01-20 07:00:00,AWS_004,24.263956142886542,1006.3168239006394,95.84595596419227,none,0
2025-01-20 08:00:00,AWS_004,25.576396460384224,1006.0126668682238,91.6668421527522,none,0
2025-01-20 09:00:00,AWS_004,26.393569789128424,1005.986512239296,89.39003130413595,none,0
2025-01-20 10:00:00,AWS_004,27.829878478623346,1006.0946040449725,88.39273663806102,none,0
2025-01-20 11:00:00,AWS_004,28.548683030707654,1006.3735575807142,86.73917684709144,none,0
2025-01-20 12:00:00,AWS_004,28.15112487170477,1006.660405275114,92.2791153269538,none,0
2025-01-20 13:00:00,AWS_004,28.018348794303588,1005.7619061572404,83.46228677127104,none,0
2025-01-20 14:00:00,AWS_004,27.317675055460406,1006.273533815705,84.97202147542559,none,0
2025-01-20 15:00:00,AWS_004,26.8113939284754,1005.9981011831449,92.43088846167116,none,0
2025-01-20 16:00:00,AWS_004,25.599574749588015,1006.2101765145285,86.72969133654664,drift,1
2025-01-20 17:00:00,AWS_004,24.378327723501,1005.9006450115438,93.18678868660297,drift,1
2025-01-20 18:00:00,AWS_004,22.607401431901582,1006.2875074850648,92.92767881749651,drift,1
2025-01-20 19:00:00,AWS_004,20.76386747793876,1005.5948429363023,93.7307408823511,drift,1
2025-01-20 20:00:00,AWS_004,19.4864179335994,1005.8808013309178,93.76249713416736,drift,1
2025-01-20 21:00:00,AWS_004,17.89116890218117,1006.486726692178,97.65850002393837,drift,1
2025-01-20 22:00:00,AWS_004,17.67458359492479,1006.2776994323085,94.45918144640393,drift,1
2025-01-20 23:00:00,AWS_004,16.31097113360588,1006.816195062731,100.0,drift,1
2025-01-21 00:00:00,AWS_004,16.14929891729337,1007.1097082754259,96.46296368874393,drift,1
2025-01-21 01:00:00,AWS_004,16.719632041286093,1007.2095484459546,97.35132928848704,drift,1
2025-01-21 02:00:00,AWS_004,16.555197307357055,1007.8466975791963,97.4674941078973,drift,1
2025-01-21 03:00:00,AWS_004,18.431801383421266,1008.716652090086,94.48791628516128,drift,1
2025-01-21 04:00:00,AWS_004,20.025803937348545,1009.1788716644415,96.14188314872844,drift,1
2025-01-21 05:00:00,AWS_004,21.20100674309961,1009.4693311629071,88.89270660556978,drift,1
2025-01-21 06:00:00,AWS_004,22.78484374293306,1010.2787820125224,92.77666748766131,drift,1
2025-01-21 07:00:00,AWS_004,24.25900102457895,1010.9972960877348,91.307803894706,drift,1
2025-01-21 08:00:00,AWS_004,25.525152943940963,1011.7467270850613,85.3575004020601,drift,1
2025-01-21 09:00:00,AWS_004,26.739649836750086,1012.6648879120829,95.59985657518459,drift,1
2025-01-21 10:00:00,AWS_004,27.262004255734173,1012.5785017976867,86.18144034717028,drift,1
2025-01-21 11:00:00,AWS_004,28.44820342968376,1013.3208693357138,86.24487296643353,drift,1
2025-01-21 12:00:00,AWS_004,28.864592088319277,1006.6151092182273,84.2728169426218,none,0
2025-01-21 13:00:00,AWS_004,29.073507620968734,1006.2695114102619,87.04584993504871,none,0
2025-01-21 14:00:00,AWS_004,27.564752174183766,1006.1710764432008,90.44668728944387,none,0
2025-01-21 15:00:00,AWS_004,26.915336128238106,1005.766569121588,91.97301714088005,none,0
2025-01-21 16:00:00,AWS_004,25.71818170022409,1005.448669389765,92.66664318991782,none,0
2025-01-21 17:00:00,AWS_004,23.931726959258203,1005.8294452256509,91.09318265189137,none,0
2025-01-21 18:00:00,AWS_004,22.356328146610263,1005.3751056337751,91.02786547378147,none,0
2025-01-21 19:00:00,AWS_004,20.821025378300344,1004.9256766582135,88.75129973456175,none,0
2025-01-21 20:00:00,AWS_004,19.42745045296493,1004.5428015735018,97.67636765018311,none,0
2025-01-21 21:00:00,AWS_004,18.925566971936913,1004.2377546232827,97.85477787168524,none,0
2025-01-21 22:00:00,AWS_004,16.681068539937016,1004.377941930978,96.93471965912396,none,0
2025-01-21 23:00:00,AWS_004,16.27970356188236,1003.9496447296234,100.0,none,0
2025-01-22 00:00:00,AWS_004,15.983518378096232,1003.9481579547056,90.48723065947111,none,0
2025-01-22 01:00:00,AWS_004,16.872546349957084,1003.5057172082963,98.20825154729792,none,0
2025-01-22 02:00:00,AWS_004,17.570466285806585,1004.2143666961899,100.0,none,0
2025-01-22 03:00:00,AWS_004,17.917590666362166,1004.0851639112462,99.54630987346025,none,0
2025-01-22 04:00:00,AWS_004,19.903969464720507,1004.6951116199251,91.89850063858171,none,0
2025-01-22 05:00:00,AWS_004,,,,dropout,1
2025-01-22 06:00:00,AWS_004,,,,dropout,1
2025-01-22 07:00:00,AWS_004,,,,dropout,1
2025-01-22 08:00:00,AWS_004,,,,dropout,1
2025-01-22 09:00:00,AWS_004,,,,dropout,1
2025-01-22 10:00:00,AWS_004,,,,dropout,1
2025-01-22 11:00:00,AWS_004,,,,dropout,1
2025-01-22 12:00:00,AWS_004,,,,dropout,1
2025-01-22 13:00:00,AWS_004,,,,dropout,1
2025-01-22 14:00:00,AWS_004,28.069697380440296,1006.0225407067995,87.01622488048007,none,0
2025-01-22 15:00:00,AWS_004,27.083720759867,1006.5763626814145,93.72836479560385,none,0
2025-01-22 16:00:00,AWS_004,25.42579622959044,1005.6916064339883,94.24734163553717,none,0
2025-01-22 17:00:00,AWS_004,24.49392660616768,1005.6664489200306,94.85342591838486,none,0
2025-01-22 18:00:00,AWS_004,22.95187362634792,1005.393489080979,90.25709972679827,none,0
2025-01-22 19:00:00,AWS_004,21.4607968248976,1005.1305325452486,94.48983275531297,none,0
2025-01-22 20:00:00,AWS_004,19.181380772098013,1004.5463994037289,97.12446833447318,none,0
2025-01-22 21:00:00,AWS_004,18.613502894371187,1004.0800552194314,96.88198643055816,none,0
2025-01-22 22:00:00,AWS_004,17.455546082687047,1004.5052318839982,100.0,none,0
2025-01-22 23:00:00,AWS_004,16.52029748982086,1004.4745058968314,100.0,none,0
2025-01-23 00:00:00,AWS_004,16.65121944810729,1003.837906180027,98.16944276097628,none,0
2025-01-23 01:00:00,AWS_004,16.584858807206373,1004.4377125604872,96.40752781344945,none,0
2025-01-23 02:00:00,AWS_004,17.83960092324122,1004.1754708781324,100.0,none,0
2025-01-23 03:00:00,AWS_004,18.298857769570944,1004.8779573215985,99.79644054422874,none,0
2025-01-23 04:00:00,AWS_004,19.75156016154632,1005.0365459560142,95.74612423267173,none,0
2025-01-23 05:00:00,AWS_004,21.393728242867276,1004.6503078227742,96.36661128615309,none,0
2025-01-23 06:00:00,AWS_004,23.344410783065943,1005.5721116150721,95.1032626097189,none,0
2025-01-23 07:00:00,AWS_004,24.432871264129517,1005.5524963684545,93.97321168990723,none,0
2025-01-23 08:00:00,AWS_004,25.125027687029757,1005.4226344901438,93.55128064088295,none,0
2025-01-23 09:00:00,AWS_004,27.445562165854547,1006.2274121420918,85.54994673625542,none,0
2025-01-23 10:00:00,AWS_004,27.90089342558879,1006.1559367021072,83.40428768755943,none,0
2025-01-23 11:00:00,AWS_004,28.863037130987543,1006.0569685457746,89.7973238111145,none,0
2025-01-23 12:00:00,AWS_004,28.674161532989174,1006.7149428082528,81.64428573992932,none,0
2025-01-23 13:00:00,AWS_004,28.273635271001773,1006.5716339329376,90.14439387105297,none,0
2025-01-23 14:00:00,AWS_004,27.25847052018885,1006.1193072146617,95.01166187690978,none,0
2025-01-23 15:00:00,AWS_004,26.924068649410447,1006.1745749961489,88.74898619159771,none,0
2025-01-23 16:00:00,AWS_004,25.93303754477224,1005.4800615884973,93.58338214648296,none,0
2025-01-23 17:00:00,AWS_004,23.95261811908463,1005.6788821078013,93.23833298730833,none,0
2025-01-23 18:00:00,AWS_004,22.391123301784354,1004.8419175009698,93.3697481753102,none,0
2025-01-23 19:00:00,AWS_004,20.782319215477397,1004.7313675443165,97.32975545141693,none,0
2025-01-23 20:00:00,AWS_004,19.552560382242156,1004.5053254963938,96.19446725062403,none,0
2025-01-23 21:00:00,AWS_004,18.413996457194138,1004.6086858650855,100.0,none,0
2025-01-23 22:00:00,AWS_004,17.74953933611207,1004.6251057552591,93.61621501220682,none,0
2025-01-23 23:00:00,AWS_004,16.689083593150347,1003.7604510553937,93.85079187424478,none,0
2025-01-24 00:00:00,AWS_004,16.69393114919629,1004.297981829889,100.0,none,0
2025-01-24 01:00:00,AWS_004,16.415548468794555,1004.2122116139756,93.73293253620389,none,0
2025-01-24 02:00:00,AWS_004,17.806910831779255,1004.620325284733,95.32178697083387,none,0
2025-01-24 03:00:00,AWS_004,18.379896168674275,1004.5484143254951,98.58375428091611,none,0
2025-01-24 04:00:00,AWS_004,19.069575761343213,1004.3967398183107,100.0,none,0
2025-01-24 05:00:00,AWS_004,20.693673145397728,1004.9082035240488,94.37040908659414,none,0
2025-01-24 06:00:00,AWS_004,22.550703508771825,1004.7820468245645,93.93523264326228,none,0
2025-01-24 07:00:00,AWS_004,24.631616784216696,1005.8026115093166,89.2603263104991,none,0
2025-01-24 08:00:00,AWS_004,25.649750716171656,1006.1146355512615,88.47067838195272,none,0
2025-01-24 09:00:00,AWS_004,27.51129476589383,1006.4040178299846,92.4704194818204,none,0
2025-01-24 10:00:00,AWS_004,28.010055663814068,1006.3664529553447,89.78890824309295,none,0
2025-01-24 11:00:00,AWS_004,28.085313249649904,1006.50480981689,88.03138191156822,none,0
2025-01-24 12:00:00,AWS_004,28.334550416510645,1006.1551040179287,90.49832740829926,none,0
2025-01-24 13:00:00,AWS_004,29.11412247103064,1006.4990865468656,86.03729542662984,none,0
2025-01-24 14:00:00,AWS_004,27.53645051639684,1006.0397890899272,89.2191400207538,none,0
2025-01-24 15:00:00,AWS_004,26.559267062674095,1006.2795521254988,85.96956825383113,none,0
2025-01-24 16:00:00,AWS_004,30.64254538779437,1006.7469229306383,98.0,thermo_inconsistent,1
2025-01-24 17:00:00,AWS_004,23.66694970484341,1005.6642000684773,91.50628054785857,none,0
2025-01-24 18:00:00,AWS_004,22.9445068023134,1004.686815048291,87.74935639964409,none,0
2025-01-24 19:00:00,AWS_004,21.451664238984026,1005.0002159541466,92.9694573130248,none,0
2025-01-24 20:00:00,AWS_004,19.22559170632136,1004.2431932685865,99.06299564898902,none,0
2025-01-24 21:00:00,AWS_004,19.08578950969675,1004.6742127566372,97.05836517801704,none,0
2025-01-24 22:00:00,AWS_004,17.843024752540583,1004.2371799659833,88.46923974092186,none,0
2025-01-24 23:00:00,AWS_004,16.725257567996287,1003.9458702911153,98.51031043400462,none,0
2025-01-25 00:00:00,AWS_004,16.07465293208384,1004.107648655377,98.69343385981891,none,0
2025-01-25 01:00:00,AWS_004,16.69253675596996,1004.1383454560106,99.68250797240415,none,0
2025-01-25 02:00:00,AWS_004,17.29182035597159,1004.2097254356589,97.80637147815176,none,0
2025-01-25 03:00:00,AWS_004,18.693472322557668,1004.0653834390707,98.2810252076475,none,0
2025-01-25 04:00:00,AWS_004,19.487479815344592,1004.537913697994,95.21746252390002,none,0
2025-01-25 05:00:00,AWS_004,21.475502630899186,1004.5653785236577,93.86117054579883,none,0
2025-01-25 06:00:00,AWS_004,23.634853111713944,1005.0331592109887,93.32886350757988,none,0
2025-01-25 07:00:00,AWS_004,23.90858427178951,1005.1732610400513,96.26756407112336,none,0
2025-01-25 08:00:00,AWS_004,25.41584206914947,1006.1599001592498,97.41550096802399,none,0
2025-01-25 09:00:00,AWS_004,27.402133890192502,1006.4673208424359,89.4273471262168,none,0
2025-01-25 10:00:00,AWS_004,28.586725145161935,1006.5455417288989,81.27852489084638,none,0
2025-01-25 11:00:00,AWS_004,27.7000917603665,1006.3705211713151,87.35359071743814,none,0
2025-01-25 12:00:00,AWS_004,28.43444220706485,1006.3592014774514,86.14611125613479,none,0
2025-01-25 13:00:00,AWS_004,27.803019665380763,1006.5081905550848,91.19248537040735,none,0
2025-01-25 14:00:00,AWS_004,28.00882530761467,1006.5906394122642,86.9034747650428,none,0
2025-01-25 15:00:00,AWS_004,26.958173991185856,1006.1252512731023,89.06521221612041,none,0
2025-01-25 16:00:00,AWS_004,25.350009983141064,1005.6237034333493,87.90056337020833,none,0
2025-01-25 17:00:00,AWS_004,24.3229586091798,1005.0763419852091,89.6684320501725,none,0
2025-01-25 18:00:00,AWS_004,23.154576227311207,1005.5028822437673,91.80293046798771,none,0
2025-01-25 19:00:00,AWS_004,19.84867280498366,1005.2174221149987,98.18843636298026,none,0
2025-01-25 20:00:00,AWS_004,19.01504475601769,1004.6771982453093,98.46746204362495,none,0
2025-01-25 21:00:00,AWS_004,18.10515682470693,1004.1451103497858,88.74870853004832,none,0
2025-01-25 22:00:00,AWS_004,17.453737294480838,1004.7209410749734,95.2171206449573,none,0
2025-01-25 23:00:00,AWS_004,17.04523227476451,1004.4564104361802,99.24686276850834,none,0
2025-01-26 00:00:00,AWS_004,16.7563702201831,1004.4555834588787,100.0,none,0
2025-01-26 01:00:00,AWS_004,17.607956739409193,1004.485103121492,97.32973643925322,none,0
2025-01-26 02:00:00,AWS_004,17.519364303136108,1004.3345126444257,96.60985246875516,none,0
2025-01-26 03:00:00,AWS_004,18.135839760956916,1004.1551974384021,93.8863692601892,none,0
2025-01-26 04:00:00,AWS_004,19.357660414996495,1004.553686276271,92.87569624848149,none,0
2025-01-26 05:00:00,AWS_004,20.296496957992133,1005.0017442634396,96.0807318128501,none,0
2025-01-26 06:00:00,AWS_004,22.61413419300507,1005.5877484883863,92.36890898564707,drift,1
2025-01-26 07:00:00,AWS_004,24.45950424046054,1005.986391440219,89.44314512126226,drift,1
2025-01-26 08:00:00,AWS_004,25.226750848169203,1007.1765171022237,93.23506850808846,drift,1
2025-01-26 09:00:00,AWS_004,27.28372055554744,1007.4772538615757,91.40589234983356,drift,1
2025-01-26 10:00:00,AWS_004,27.354029089577136,1008.4970126966801,86.3844511275781,drift,1
2025-01-26 11:00:00,AWS_004,28.757899115312462,1009.0319440432488,84.97081667444913,drift,1
2025-01-26 12:00:00,AWS_004,28.621610957718868,1009.7532570909617,93.86465820137099,drift,1
2025-01-26 13:00:00,AWS_004,29.187450669590262,1009.4631974776596,88.72062754893221,drift,1
2025-01-26 14:00:00,AWS_004,28.020902077788065,1010.2229791172144,86.6688868870431,drift,1
2025-01-26 15:00:00,AWS_004,27.043545194423125,1010.4384535222551,90.82433719885911,drift,1
2025-01-26 16:00:00,AWS_004,25.552217961293312,1010.6295251932262,93.48291880875534,drift,1
2025-01-26 17:00:00,AWS_004,23.80585023754823,1011.664811686141,90.16441083670661,drift,1
2025-01-26 18:00:00,AWS_004,22.460484486362894,1011.3189126166743,91.5100164807705,drift,1
2025-01-26 19:00:00,AWS_004,20.759633258168318,1011.7478528036297,95.96154100841602,drift,1
2025-01-26 20:00:00,AWS_004,19.096929408442406,1011.2937722825554,97.79413294992422,drift,1
2025-01-26 21:00:00,AWS_004,18.970909513813805,1004.2886089531786,95.96993256221607,none,0
2025-01-26 22:00:00,AWS_004,17.941608551552786,1004.1790343298047,98.09343523180033,none,0
2025-01-26 23:00:00,AWS_004,17.14211874099762,1004.2123591605282,97.02834172737172,none,0
2025-01-27 00:00:00,AWS_004,16.956478576869554,1004.2351669341066,96.39700716428892,none,0
2025-01-27 01:00:00,AWS_004,16.368162346256092,1004.5877818966826,97.78665425653207,none,0
2025-01-27 02:00:00,AWS_004,16.419039646487647,1004.1447191952981,98.40310922719699,none,0
2025-01-27 03:00:00,AWS_004,18.704791181325273,1004.7419659293705,95.98388237910599,none,0
2025-01-27 04:00:00,AWS_004,19.937719261030413,1004.7858210240507,96.3237088158742,none,0
2025-01-27 05:00:00,AWS_004,21.407839815082454,1005.1262603873047,32.343491667590854,spike,1
2025-01-27 06:00:00,AWS_004,23.08290729449092,1005.3726795747311,92.15335385527644,none,0
2025-01-27 07:00:00,AWS_004,24.57513055394268,1005.4757541213546,89.14083515368144,none,0
2025-01-27 08:00:00,AWS_004,25.46899852755048,1006.2755155216263,90.16384579230645,none,0
2025-01-27 09:00:00,AWS_004,27.25798052726217,1005.875038483748,90.22648832915371,none,0
2025-01-27 10:00:00,AWS_004,28.188205626956776,1006.4338705033102,86.443867468466,none,0
2025-01-27 11:00:00,AWS_004,29.18988179766601,1006.1795168238109,89.955202137201,none,0
2025-01-27 12:00:00,AWS_004,29.02766685077233,1006.7912041948822,90.70710253768563,none,0
2025-01-27 13:00:00,AWS_004,28.648993815195123,1006.3330947719993,88.57451280099886,none,0
2025-01-27 14:00:00,AWS_004,28.04098466975196,1005.9018616081837,85.0244602090499,none,0
2025-01-27 15:00:00,AWS_004,26.672792473060426,1006.1844123871289,90.06401593552079,none,0
2025-01-27 16:00:00,AWS_004,25.624893490436065,1005.48551611704,89.47102099272323,none,0
2025-01-27 17:00:00,AWS_004,24.679539321930886,1005.7041659582394,93.17655519606379,none,0
2025-01-27 18:00:00,AWS_004,21.991393740096925,1005.4461620056557,92.24115980389449,none,0
2025-01-27 19:00:00,AWS_004,20.842935785164837,1004.9832953792926,97.42631976096398,none,0
2025-01-27 20:00:00,AWS_004,20.077310886985174,1004.2778443302558,94.38468505097939,none,0
2025-01-27 21:00:00,AWS_004,18.250253808598632,1004.8854691590625,93.84591443341374,none,0
2025-01-27 22:00:00,AWS_004,16.902027659212667,1003.6978781525945,100.0,none,0
2025-01-27 23:00:00,AWS_004,17.156079862566617,1003.9694073477984,100.0,none,0
2025-01-28 00:00:00,AWS_004,17.01886750743099,1003.6332407202086,99.81806926728999,none,0
2025-01-28 01:00:00,AWS_004,17.13846729948534,1003.9755007106945,97.47958665851183,none,0
2025-01-28 02:00:00,AWS_004,17.69139622514857,1004.2600991350222,97.26862200763998,none,0
2025-01-28 03:00:00,AWS_004,17.96311947249708,1004.7472363105474,97.27682842034673,none,0
2025-01-28 04:00:00,AWS_004,20.85459486955485,1004.6830675647633,100.0,none,0
2025-01-28 05:00:00,AWS_004,20.914017228981617,1004.9951762001646,100.0,none,0
2025-01-28 06:00:00,AWS_004,22.499941422939276,1005.4137875351867,90.70345834855341,none,0
2025-01-28 07:00:00,AWS_004,24.614976881766278,1006.2200272102939,92.66824886103099,none,0
2025-01-28 08:00:00,AWS_004,26.048199739323483,1005.8656141807439,93.28738842205026,none,0
2025-01-28 09:00:00,AWS_004,27.073474175556115,1005.7735780233252,91.0730207170756,none,0
2025-01-28 10:00:00,AWS_004,28.10101571563376,1006.4140577223811,85.81262248601763,none,0
2025-01-28 11:00:00,AWS_004,28.88179062649556,1006.5010338589701,88.09114741529096,none,0
2025-01-28 12:00:00,AWS_004,28.97983854662918,1006.788986290337,89.36003446942735,none,0
2025-01-28 13:00:00,AWS_004,28.289881023963275,1006.4582546627519,90.50588064433389,none,0
2025-01-28 14:00:00,AWS_004,28.080435593685113,1006.1378430616867,89.9418590870495,none,0
2025-01-28 15:00:00,AWS_004,27.220258262508338,1006.6086615225861,94.38491364105106,none,0
2025-01-28 16:00:00,AWS_004,25.976361501182364,1005.7880944236473,89.66651112909027,none,0
2025-01-28 17:00:00,AWS_004,24.372276422812735,1004.9823214151945,89.93045950323328,none,0
2025-01-28 18:00:00,AWS_004,22.428962203127305,1005.3186983352632,93.3405883548716,none,0
2025-01-28 19:00:00,AWS_004,21.478768520504605,1005.0722057900599,89.59334147454985,none,0
2025-01-28 20:00:00,AWS_004,20.12218086723063,1004.8471060301089,98.62899611690983,none,0
2025-01-28 21:00:00,AWS_004,18.75141672753631,1004.6695677222317,96.66366589415655,none,0
2025-01-28 22:00:00,AWS_004,16.981343982503336,1004.2754100481192,94.74120471353038,none,0
2025-01-28 23:00:00,AWS_004,17.191941357455526,1004.0750612707478,95.32939387569719,none,0
2025-01-29 00:00:00,AWS_004,17.467507566785876,1004.4805620806637,95.20416617963824,none,0
2025-01-29 01:00:00,AWS_004,17.246000680303084,1003.5177378996815,99.10319488656482,none,0
2025-01-29 02:00:00,AWS_004,17.460256136140405,1004.5463491655753,95.52893891539888,none,0
2025-01-29 03:00:00,AWS_004,18.72565266274729,1004.809990093122,95.87087414357897,none,0
2025-01-29 04:00:00,AWS_004,19.810128571087855,1004.7285680694899,99.37782398341088,none,0
2025-01-29 05:00:00,AWS_004,21.160088353514755,1005.0995261014868,94.64631629682547,none,0
2025-01-29 06:00:00,AWS_004,23.06512213727801,1005.1616545699203,99.90698344376413,none,0
2025-01-29 07:00:00,AWS_004,24.522933774464843,1006.1246861388602,93.95964399884114,none,0
2025-01-29 08:00:00,AWS_004,25.55848775828507,1005.9206367982405,88.95700477987104,none,0
2025-01-29 09:00:00,AWS_004,27.824716882445458,1006.0455743791497,89.70639132514398,none,0
2025-01-29 10:00:00,AWS_004,28.456033824047772,1006.4038777605666,92.42606727941528,none,0
2025-01-29 11:00:00,AWS_004,27.97300278235843,1006.1012739888214,91.87597393409735,none,0
2025-01-29 12:00:00,AWS_004,28.801210872527065,1006.9111893208268,91.65516430015143,none,0
2025-01-29 13:00:00,AWS_004,28.632151688507886,1006.9713670321108,87.51093242967623,none,0
2025-01-29 14:00:00,AWS_004,27.0163784630498,1006.41709592218,86.04152622631709,none,0
2025-01-29 15:00:00,AWS_004,26.603518052603317,1005.9345807289617,85.3810430619409,none,0
2025-01-29 16:00:00,AWS_004,26.29743052370125,1006.0794558295244,91.32229625241732,none,0
2025-01-29 17:00:00,AWS_004,24.405878180545525,1005.6311563953948,90.86261612062941,none,0
2025-01-29 18:00:00,AWS_004,27.077138149114006,1007.4571069281213,98.0,thermo_inconsistent,1
2025-01-29 19:00:00,AWS_004,21.401441848857978,1005.1374564420718,95.52718125268967,none,0
2025-01-29 20:00:00,AWS_004,19.88779598766372,1005.0066575874984,96.5075640318411,none,0
2025-01-29 21:00:00,AWS_004,18.430926560975216,1004.265165465966,92.32886067617537,none,0
2025-01-29 22:00:00,AWS_004,17.158291516549184,1004.4061107551526,100.0,none,0
2025-01-29 23:00:00,AWS_004,16.37292937962456,1004.3671938178417,94.45746019706633,none,0
2025-01-30 00:00:00,AWS_004,16.54952346319568,1004.2020315126175,100.0,none,0
2025-01-30 01:00:00,AWS_004,17.422125338916373,1004.6035205119266,100.0,none,0
2025-01-30 02:00:00,AWS_004,18.078172720278435,1004.2999166839754,94.00376665417727,none,0
2025-01-30 03:00:00,AWS_004,19.17057230395367,1004.2554573319138,95.11343758339781,none,0
2025-01-30 04:00:00,AWS_004,19.82154536817724,1004.4884054578315,93.2825630973678,none,0
2025-01-30 05:00:00,AWS_004,20.990612505499552,1005.1665760211845,98.24095461254201,none,0
2025-01-30 06:00:00,AWS_004,23.476687985386857,1005.426545877479,92.46536101886427,none,0
2025-01-30 07:00:00,AWS_004,24.860275776064054,1005.949981125764,90.58532637823649,none,0
2025-01-30 08:00:00,AWS_004,26.097334995399233,1005.9833673976099,89.45512362474611,none,0
2025-01-30 09:00:00,AWS_004,27.317330239216044,1006.1985139959401,85.60377433647743,none,0
2025-01-30 10:00:00,AWS_004,27.90706628420933,1006.4734667843203,85.89699253069722,none,0
2025-01-30 11:00:00,AWS_004,29.184537328948753,1006.7363369279617,86.03509081939481,none,0
2025-01-30 12:00:00,AWS_004,28.174910407722454,1006.7796497548868,88.85597693975214,none,0
2025-01-30 13:00:00,AWS_004,28.537201207353295,1006.4078597929671,90.34166013082945,none,0
2025-01-30 14:00:00,AWS_004,28.340630296270056,1006.6144574742287,88.42594396551019,none,0
2025-01-30 15:00:00,AWS_004,27.159862808668997,1006.2592265737142,87.30553636659242,none,0
2025-01-30 16:00:00,AWS_004,26.54975758887883,1005.8387509098892,96.00183861546427,none,0
2025-01-30 17:00:00,AWS_004,24.63148214891024,1005.6601629645799,94.05599354889937,none,0
2025-01-30 18:00:00,AWS_004,22.63085786414394,1005.2142027434476,87.80253655181009,none,0
2025-01-30 19:00:00,AWS_004,21.035691318739197,1005.164494329784,89.94623448301678,none,0
2025-01-30 20:00:00,AWS_004,19.03951568094168,1004.9189863967938,96.78658785099024,none,0
2025-01-30 21:00:00,AWS_004,19.17249206809309,1004.8095024642521,98.33822186099296,none,0
2025-01-30 22:00:00,AWS_004,17.782651972956778,1004.472018474292,98.34235233604014,none,0
2025-01-30 23:00:00,AWS_004,17.397455734307744,1004.0778151076842,97.13133589152245,none,0
2025-01-31 00:00:00,AWS_004,16.449447413366656,1004.6068315282863,96.6211689821063,none,0
2025-01-31 01:00:00,AWS_004,16.72060413679312,1004.4356731539755,97.07679080891302,none,0
2025-01-31 02:00:00,AWS_004,17.9573194753071,1004.5372697033223,96.14253955580402,none,0
2025-01-31 03:00:00,AWS_004,18.48056693374875,1004.3970629475158,95.08579878182341,none,0
2025-01-31 04:00:00,AWS_004,19.913279392600757,1004.7662591595745,93.14833079876416,none,0
2025-01-31 05:00:00,AWS_004,22.001874368976015,1005.0905293019684,95.20066884062389,none,0
2025-01-31 06:00:00,AWS_004,23.112111555226893,1005.1476158228754,94.98621773028562,none,0
2025-01-31 07:00:00,AWS_004,24.66562906039962,1005.2853774814198,89.01801303054837,none,0
2025-01-31 08:00:00,AWS_004,26.058377345863462,1006.0317426791901,91.24462795684458,none,0
2025-01-31 09:00:00,AWS_004,27.009776514815368,1006.2022937306178,91.09342806335746,none,0
2025-01-31 10:00:00,AWS_004,28.460688036720846,1005.8139995777817,83.48186092241775,none,0
2025-01-31 11:00:00,AWS_004,33.9003872836906,1007.1064649897634,98.0,thermo_inconsistent,1
2025-01-31 12:00:00,AWS_004,29.944022425984244,1007.1298799393293,85.2458855483438,none,0
2025-01-31 13:00:00,AWS_004,29.055039885909714,1006.7182054128295,89.34139721339575,none,0
2025-01-31 14:00:00,AWS_004,27.520305360772163,1006.5543375891749,93.58470827323829,none,0
2025-01-31 15:00:00,AWS_004,27.102449038780737,1006.3658381342539,89.85806925176131,none,0
2025-01-31 16:00:00,AWS_004,25.63640353747375,1006.3111446191594,94.40306018233936,none,0
2025-01-31 17:00:00,AWS_004,25.13834865222191,1005.8010911115458,86.30982948349504,none,0
2025-01-31 18:00:00,AWS_004,22.948996050642172,1005.6730824023139,92.72627865128386,none,0
2025-01-31 19:00:00,AWS_004,20.94206950357981,1005.2536916852492,93.98512730585847,none,0
2025-01-31 20:00:00,AWS_004,19.85705244070038,1004.9108241439371,100.0,none,0
2025-01-31 21:00:00,AWS_004,19.179379488308268,1004.7556929471815,96.20686679753254,none,0
2025-01-31 22:00:00,AWS_004,18.130155375179314,1004.1408199391448,93.96989767424891,none,0
2025-01-31 23:00:00,AWS_004,17.26962238707429,1003.8146173331581,97.13671053611932,none,0
2025-02-01 00:00:00,AWS_004,17.06723445526014,1004.1581897917457,99.12788455804481,none,0
2025-02-01 01:00:00,AWS_004,16.693520782128637,1004.2866191202633,95.8553729583996,none,0
2025-02-01 02:00:00,AWS_004,17.643261848441007,1004.2825086126986,96.85746784296484,none,0
2025-02-01 03:00:00,AWS_004,18.684788732035347,1004.5759432537563,93.36083907720342,none,0
2025-02-01 04:00:00,AWS_004,19.649957160231825,1004.9659331685599,92.64573392861304,none,0
2025-02-01 05:00:00,AWS_004,21.513386651601127,1005.3475249851331,90.4127458437362,none,0
2025-02-01 06:00:00,AWS_004,22.540541094505876,1005.611683728082,92.40968726045507,none,0
2025-02-01 07:00:00,AWS_004,24.93328580254347,1005.5536962289646,95.10291262036989,none,0
2025-02-01 08:00:00,AWS_004,25.69809998472489,1005.9589908959251,86.540663888341,none,0
2025-02-01 09:00:00,AWS_004,26.83201802026917,1006.707995205488,88.85151243892157,none,0
2025-02-01 10:00:00,AWS_004,27.70924867188042,1006.0447662099186,89.31084247290471,none,0
2025-02-01 11:00:00,AWS_004,28.621186955808966,1006.5624572712554,85.8667015976315,none,0
2025-02-01 12:00:00,AWS_004,29.10896000848505,1007.0995472597372,86.46875817059666,none,0
2025-02-01 13:00:00,AWS_004,28.864210123768586,1006.786104321697,89.97161433291149,none,0
2025-02-01 14:00:00,AWS_004,27.856641791058966,1006.5316457920773,85.33946904547575,none,0
2025-02-01 15:00:00,AWS_004,27.261052558309117,1006.3963437420028,86.10944237521703,none,0
2025-02-01 16:00:00,AWS_004,25.51484739094775,1005.6108327297915,88.27946494015953,none,0
2025-02-01 17:00:00,AWS_004,24.456775964885676,1005.0167074418946,88.8809624216206,none,0
2025-02-01 18:00:00,AWS_004,23.152081178183177,1005.6183403555459,97.85739734696077,none,0
2025-02-01 19:00:00,AWS_004,21.443252220891413,1004.9240879729197,93.40436352428348,none,0
2025-02-01 20:00:00,AWS_004,19.711983525829424,1004.3563919334163,99.70194943658682,none,0
2025-02-01 21:00:00,AWS_004,18.363093075094305,1004.1638975946898,97.06502440453973,none,0
2025-02-01 22:00:00,AWS_004,17.84043250559852,1004.3907773837651,100.0,none,0
2025-02-01 23:00:00,AWS_004,17.111729800558145,1004.2537905036756,95.66413906590375,none,0
2025-02-02 00:00:00,AWS_004,16.192429746714055,1004.0439394479112,100.0,none,0
2025-02-02 01:00:00,AWS_004,16.732268957346946,1004.5846548042608,96.30112042200304,none,0
2025-02-02 02:00:00,AWS_004,17.61517679576058,1004.6948656535033,96.51627569370967,none,0
2025-02-02 03:00:00,AWS_004,18.74073829781082,1005.0426404220719,93.08379867668849,none,0
2025-02-02 04:00:00,AWS_004,19.882443804817044,1005.1352571550998,92.99314634948858,none,0
2025-02-02 05:00:00,AWS_004,21.91549817426149,1005.3975405109338,94.59232736064145,none,0
2025-02-02 06:00:00,AWS_004,22.475171286301197,1005.9159630507475,93.15571583893599,none,0
2025-02-02 07:00:00,AWS_004,25.041399683026086,1005.45156045312,92.58923676306054,none,0
2025-02-02 08:00:00,AWS_004,25.7770491278587,1005.941592256586,92.43786400173153,none,0
2025-02-02 09:00:00,AWS_004,27.31395866048022,1006.4800847978578,87.75545104583611,none,0
2025-02-02 10:00:00,AWS_004,27.995393092374403,1006.3074961316228,87.12010840455373,none,0
2025-02-02 11:00:00,AWS_004,28.8370287634139,1006.6600860030103,88.06172704416,none,0
2025-02-02 12:00:00,AWS_004,28.37669961595196,1006.6618930486258,90.87073196149404,none,0
2025-02-02 13:00:00,AWS_004,29.336812143777617,1006.7565149630891,90.14169478882667,none,0
2025-02-02 14:00:00,AWS_004,27.966813630774624,1006.1857575177819,87.53093612729994,none,0
2025-02-02 15:00:00,AWS_004,27.180518144772883,1006.2614836261711,87.9730827710371,none,0
2025-02-02 16:00:00,AWS_004,25.082672607813794,1006.2205242343891,93.39860738926801,none,0
2025-02-02 17:00:00,AWS_004,24.513358251283677,1005.4698174038973,86.41611655757868,none,0
2025-02-02 18:00:00,AWS_004,22.74314730280529,1005.4710195731286,94.6292053784846,none,0
2025-02-02 19:00:00,AWS_004,21.753034240988793,1004.8483275696069,91.8371219698554,none,0
2025-02-02 20:00:00,AWS_004,20.15371993492672,1005.26236516128,91.28465429862814,none,0
2025-02-02 21:00:00,AWS_004,18.57699857135553,1004.5614559745369,94.81039528928866,none,0
2025-02-02 22:00:00,AWS_004,17.257015268130985,1004.8904059889209,97.05543974307241,none,0
2025-02-02 23:00:00,AWS_004,-7.2322101199374025,1004.2606982387375,96.63732070566189,spike,1
2025-02-03 00:00:00,AWS_004,16.89061290325851,1004.4965491629155,96.3002887871791,none,0
2025-02-03 01:00:00,AWS_004,17.639689541760788,1004.2127702268825,98.70001117859809,none,0
2025-02-03 02:00:00,AWS_004,18.241855118788635,1004.3907235772928,99.0185827829593,none,0
2025-02-03 03:00:00,AWS_004,19.382633591112274,1004.0729650946515,94.9290761122965,none,0
2025-02-03 04:00:00,AWS_004,19.524558611352163,1005.3300774069767,99.64519010712544,none,0
2025-02-03 05:00:00,AWS_004,21.03445052559978,1005.2711085707549,98.73955530488739,none,0
2025-02-03 06:00:00,AWS_004,22.886359882145367,1005.2616331718173,94.65521984919874,drift,1
2025-02-03 07:00:00,AWS_004,24.87962580729774,1005.2875181135552,93.16702187896698,drift,1
2025-02-03 08:00:00,AWS_004,27.44930481222773,1005.8556520111975,94.80642911553014,drift,1
2025-02-03 09:00:00,AWS_004,29.099187207612328,1006.4333725292735,98.0415877488606,drift,1
2025-02-03 10:00:00,AWS_004,30.74731350959416,1006.3879799474489,90.91078365742055,drift,1
2025-02-03 11:00:00,AWS_004,31.725671353111046,1005.9262170674854,92.9337288591969,drift,1
2025-02-03 12:00:00,AWS_004,32.591697842215126,1006.5676709045969,94.97165651044536,drift,1
2025-02-03 13:00:00,AWS_004,32.96899525589003,1006.5949303511218,86.8123634667113,drift,1
2025-02-03 14:00:00,AWS_004,32.787417266101,1006.7693252181504,84.5988755017313,drift,1
2025-02-03 15:00:00,AWS_004,32.13109723801526,1006.4360834130221,87.06031824884683,drift,1
2025-02-03 16:00:00,AWS_004,32.14381813423501,1006.1291200377999,92.34331659322044,drift,1
2025-02-03 17:00:00,AWS_004,30.63669385333708,1005.9765482518715,84.124945764162,drift,1
2025-02-03 18:00:00,AWS_004,29.14241604193881,1005.4017229782675,92.23177492344215,drift,1
2025-02-03 19:00:00,AWS_004,28.024690556280664,1005.4560565075569,97.77065744546418,drift,1
2025-02-03 20:00:00,AWS_004,28.100650571662587,1005.1260466072146,93.48057663927555,drift,1
2025-02-03 21:00:00,AWS_004,27.06844287560789,1004.005521441331,97.17401862304277,drift,1
2025-02-03 22:00:00,AWS_004,26.63713836056976,1004.2223472992184,91.4078387444844,drift,1
2025-02-03 23:00:00,AWS_004,26.241558265899886,1004.8460772106463,96.54640015908089,drift,1
2025-02-04 00:00:00,AWS_004,27.214326632570295,1004.0476808645284,94.42278091595078,drift,1
2025-02-04 01:00:00,AWS_004,28.283318672040703,1003.978425172404,93.81066196441107,drift,1
2025-02-04 02:00:00,AWS_004,29.182265378989072,1004.5691418939946,99.77033075472934,drift,1
2025-02-04 03:00:00,AWS_004,30.14111959260268,1004.6436615686055,92.58066207372691,drift,1
2025-02-04 04:00:00,AWS_004,32.300081750662955,1004.6960454628376,97.3454093882311,drift,1
2025-02-04 05:00:00,AWS_004,34.42520201929449,1005.7948045786934,92.64373506537366,drift,1
2025-02-04 06:00:00,AWS_004,22.742194805407486,1005.0895726702796,94.4018363289612,none,0
2025-02-04 07:00:00,AWS_004,24.200575573383947,1005.6853807277378,88.73806236835509,none,0
2025-02-04 08:00:00,AWS_004,37.218144579225275,995.1745694351354,98.0,multivariate_inconsistent,1
2025-02-04 09:00:00,AWS_004,28.088259040679116,1006.4077521060663,87.64942920043096,none,0
2025-02-04 10:00:00,AWS_004,28.87310111436321,1006.5552364091202,91.15223637407098,none,0
2025-02-04 11:00:00,AWS_004,28.878972770357837,1006.8687300820138,86.55316619435338,none,0
2025-02-04 12:00:00,AWS_004,29.18969550161973,1006.5874389714512,86.36372291190996,none,0
2025-02-04 13:00:00,AWS_004,29.373870983418204,1006.9490052331721,88.00274983321057,none,0
2025-02-04 14:00:00,AWS_004,28.754403597494534,1006.4695162526795,86.27627656939194,none,0
2025-02-04 15:00:00,AWS_004,27.664101850569402,1006.4558939847419,87.97030566770603,none,0
2025-02-04 16:00:00,AWS_004,25.787249898524127,1006.4496952283972,91.6220281090806,none,0
2025-02-04 17:00:00,AWS_004,24.319839533618968,1005.7080991885219,89.73564371278268,none,0
2025-02-04 18:00:00,AWS_004,23.114118971487933,1005.9488985647711,96.8868895104693,none,0
2025-02-04 19:00:00,AWS_004,21.893663985496218,1005.366892521412,88.71116763626085,none,0
2025-02-04 20:00:00,AWS_004,20.38808729067425,1005.3413448911895,92.3405540006198,none,0
2025-02-04 21:00:00,AWS_004,18.85322926241599,1004.5516432646142,100.0,none,0
2025-02-04 22:00:00,AWS_004,17.647069907281292,1004.4115337384258,94.38279446690836,none,0
2025-02-04 23:00:00,AWS_004,17.98299157724699,1003.8374705526879,94.96335831082331,none,0
2025-02-05 00:00:00,AWS_004,16.79572908453018,1004.3052230872795,94.99346678311322,none,0
2025-02-05 01:00:00,AWS_004,17.39919737863732,1004.3552133666619,99.4822991748325,none,0
2025-02-05 02:00:00,AWS_004,18.033361979454433,1004.388617310895,100.0,none,0
2025-02-05 03:00:00,AWS_004,19.10227966806517,1004.7383447967956,95.56453757286954,none,0
2025-02-05 04:00:00,AWS_004,20.71444297507727,1005.3907275424175,88.97956235468115,none,0
2025-02-05 05:00:00,AWS_004,20.83456357554982,1005.447035821754,96.67439984955189,none,0
2025-02-05 06:00:00,AWS_004,22.05646967065207,1005.6026472282769,91.79152584177007,none,0
2025-02-05 07:00:00,AWS_004,24.88828384607625,1005.6484668564913,85.14053027513165,none,0
2025-02-05 08:00:00,AWS_004,36.08648187982307,991.9315298347827,98.0,multivariate_inconsistent,1
2025-02-05 09:00:00,AWS_004,27.756750114905838,1006.8514455120329,87.65704905879568,none,0
2025-02-05 10:00:00,AWS_004,28.632960367557246,1005.5872660883462,91.25240206662116,none,0
2025-02-05 11:00:00,AWS_004,28.93213339031837,1006.9552843515859,86.37893333079775,none,0
2025-02-05 12:00:00,AWS_004,29.075872046078793,1007.1139821377324,85.48277538139938,none,0
2025-02-05 13:00:00,AWS_004,29.7296408914366,1006.3550966157189,90.20227735552224,none,0
2025-02-05 14:00:00,AWS_004,28.05701474729871,1006.2933759342532,86.61355796027789,none,0
2025-02-05 15:00:00,AWS_004,27.836019720913747,1006.053812497301,89.62652455163932,none,0
2025-02-05 16:00:00,AWS_004,26.065155557265353,1005.7035379431234,97.34085109658434,none,0
2025-02-05 17:00:00,AWS_004,24.7000104929819,1005.9209158150436,94.19393000072968,none,0
2025-02-05 18:00:00,AWS_004,22.749247556040903,1005.5206464920859,88.31719372119737,none,0
2025-02-05 19:00:00,AWS_004,21.460004241490317,1005.2382844296843,96.86729562352878,none,0
2025-02-05 20:00:00,AWS_004,19.83492107278121,1004.9972513183654,98.00679262885774,none,0
2025-02-05 21:00:00,AWS_004,18.213339661912347,1004.793200570998,100.0,none,0
2025-02-05 22:00:00,AWS_004,17.48027514647562,1004.6150006854081,95.52750719179087,none,0
2025-02-05 23:00:00,AWS_004,16.546753295914925,1004.6242608814146,100.0,none,0
2025-02-06 00:00:00,AWS_004,17.411093788644383,1004.2801309015376,93.85093982086387,none,0
2025-02-06 01:00:00,AWS_004,16.857520153783554,1004.5609368738394,100.0,none,0
2025-02-06 02:00:00,AWS_004,17.683507336775634,1004.6818210110832,98.7951666605975,none,0
2025-02-06 03:00:00,AWS_004,19.46414778431021,1004.2509439327497,97.79674598041242,none,0
2025-02-06 04:00:00,AWS_004,20.31482556357287,1005.1242554881264,99.6535349861927,none,0
2025-02-06 05:00:00,AWS_004,21.32950018942621,1005.6839400405737,92.4662001662896,none,0
2025-02-06 06:00:00,AWS_004,23.435379641704746,1005.4549299807492,86.88103723614459,none,0
2025-02-06 07:00:00,AWS_004,24.728986620291387,1005.976811860132,86.75943151428277,none,0
2025-02-06 08:00:00,AWS_004,26.305912224347864,1005.9302129267837,90.63779173365452,none,0
2025-02-06 09:00:00,AWS_004,26.95871718610194,1006.3410640458189,93.7306469258281,none,0
2025-02-06 10:00:00,AWS_004,28.59978818706396,1006.5871582830746,81.60743447783474,drift,1
2025-02-06 11:00:00,AWS_004,,,,dropout,1
2025-02-06 12:00:00,AWS_004,,,,dropout,1
2025-02-06 13:00:00,AWS_004,,,,dropout,1
2025-02-06 14:00:00,AWS_004,29.48668947052652,1006.9595303720815,86.43475305127808,drift,1
2025-02-06 15:00:00,AWS_004,28.63700077550643,1006.9106741372786,94.24202983069509,drift,1
2025-02-06 16:00:00,AWS_004,28.119724141380676,1005.8202341234323,92.62927818888043,drift,1
2025-02-06 17:00:00,AWS_004,27.01636872526501,1005.7850307717971,90.03980085551817,drift,1
2025-02-06 18:00:00,AWS_004,25.430038629235767,1006.1432372652122,95.64902050708523,drift,1
2025-02-06 19:00:00,AWS_004,25.043970813189645,1004.8076302362575,95.93201796140409,drift,1
2025-02-06 20:00:00,AWS_004,23.76479509594775,1005.3868426819394,98.63165720530988,drift,1
2025-02-06 21:00:00,AWS_004,21.991539066024224,1003.8059702122927,95.38891703437747,drift,1
2025-02-06 22:00:00,AWS_004,22.515440406166565,1004.2128172517426,95.22871956178956,drift,1
2025-02-06 23:00:00,AWS_004,17.045734920056624,1004.719984837723,96.43908050443987,none,0
2025-02-07 00:00:00,AWS_004,16.547890924470245,1003.834029153364,98.03094705056277,none,0
2025-02-07 01:00:00,AWS_004,17.365744882218383,1004.2540411364812,96.8820162800942,none,0
2025-02-07 02:00:00,AWS_004,18.41557461370207,1004.9837687400142,95.95284218433746,none,0
2025-02-07 03:00:00,AWS_004,19.523989507625977,1004.7698057453199,94.7077187745216,none,0
2025-02-07 04:00:00,AWS_004,19.96956008620869,1004.9630374176579,98.9558441309247,none,0
2025-02-07 05:00:00,AWS_004,21.76924875497209,1004.7765062852163,95.76810236037765,none,0
2025-02-07 06:00:00,AWS_004,23.294121289399556,1005.6042843130322,100.0,none,0
2025-02-07 07:00:00,AWS_004,25.33487436700846,1005.6756548120151,95.94549269437498,none,0
2025-02-07 08:00:00,AWS_004,26.614289786566456,1005.9632664948339,91.51064003769622,none,0
2025-02-07 09:00:00,AWS_004,27.70557880662898,1006.7329111470929,87.98941965545549,none,0
2025-02-07 10:00:00,AWS_004,28.620328726340908,1007.5043728696676,92.24780655172032,none,0
2025-02-07 11:00:00,AWS_004,29.183518570217664,1006.9832812614193,85.80212296235956,none,0
2025-02-07 12:00:00,AWS_004,29.382926710364877,1007.4768159543748,85.7566460765129,none,0
2025-02-07 13:00:00,AWS_004,29.003522266404996,1006.3137477867051,85.65610837259611,none,0
2025-02-07 14:00:00,AWS_004,28.221914837909345,1006.115104004756,92.74017708129651,none,0
2025-02-07 15:00:00,AWS_004,28.08152409972591,1006.4669458984553,89.51398762315348,none,0
2025-02-07 16:00:00,AWS_004,26.333235866590275,1006.4757495448404,84.58492412971816,none,0
2025-02-07 17:00:00,AWS_004,24.9220150093497,1005.6456529558232,92.75023710222801,none,0
2025-02-07 18:00:00,AWS_004,23.176150746088826,1006.1581908875764,92.81906220842795,none,0
2025-02-07 19:00:00,AWS_004,21.877935234326987,1005.6862011845087,90.77568758722555,none,0
2025-02-07 20:00:00,AWS_004,20.054847020511286,1004.8001709417111,91.17902339477892,none,0
2025-02-07 21:00:00,AWS_004,19.193533149748628,1004.8280116630477,94.53283442970027,none,0
2025-02-07 22:00:00,AWS_004,18.005980247979796,1004.8944184327147,96.18874966571899,none,0
2025-02-07 23:00:00,AWS_004,17.975113380868258,1004.3941648980642,95.85833181139714,none,0
2025-02-08 00:00:00,AWS_004,16.54334377459276,1004.484721368358,100.0,none,0
2025-02-08 01:00:00,AWS_004,18.035028903069538,1004.3178205603446,96.00120402101562,none,0
2025-02-08 02:00:00,AWS_004,18.189340662899752,1004.4607085190048,98.86772681769935,none,0
2025-02-08 03:00:00,AWS_004,18.645544338677585,1004.8005852341604,95.38710098566592,none,0
2025-02-08 04:00:00,AWS_004,20.518252145091992,1004.5595777056467,95.30717706746917,none,0
2025-02-08 05:00:00,AWS_004,21.60966304508052,1005.3020646567372,93.09655539495104,none,0
2025-02-08 06:00:00,AWS_004,23.442862648502096,1006.0889183790354,89.01367589451877,none,0
2025-02-08 07:00:00,AWS_004,24.759644528976207,1005.6906917534911,92.94133239749198,none,0
2025-02-08 08:00:00,AWS_004,26.355834415669907,1006.7854867711006,87.77509318811589,none,0
2025-02-08 09:00:00,AWS_004,27.524482231654094,1006.4933381123067,90.86371681730911,none,0
2025-02-08 10:00:00,AWS_004,28.357883795892338,1006.179669914347,88.75384355299045,none,0
2025-02-08 11:00:00,AWS_004,28.870924039285157,1006.945743679698,85.08611623732506,none,0
2025-02-08 12:00:00,AWS_004,29.560836919245503,1006.6818626932899,88.74056869197643,none,0
2025-02-08 13:00:00,AWS_004,29.4137215105177,1006.9833015895927,89.50959107018724,none,0
2025-02-08 14:00:00,AWS_004,28.825282504566935,1006.0733971347361,84.41534705665579,none,0
2025-02-08 15:00:00,AWS_004,27.42228254579701,1006.9236312435125,92.26034299821069,none,0
2025-02-08 16:00:00,AWS_004,26.364286104524403,1006.2065449168665,89.88493121249962,none,0
2025-02-08 17:00:00,AWS_004,24.981068277134504,1006.2348863187092,94.61629129210236,none,0
2025-02-08 18:00:00,AWS_004,23.42491309420338,1005.8373560347198,92.7939281856411,none,0
2025-02-08 19:00:00,AWS_004,21.787151550602072,1005.2169660448532,92.32099249496625,none,0
2025-02-08 20:00:00,AWS_004,20.549366301198987,1005.0842137880344,93.78528952306894,none,0
2025-02-08 21:00:00,AWS_004,18.918440170196135,1004.8184506230292,97.31779681931599,none,0
2025-02-08 22:00:00,AWS_004,18.368383697534423,1004.2648298976562,100.0,none,0
2025-02-08 23:00:00,AWS_004,17.139447374074447,1004.6130195287475,100.0,none,0
2025-02-09 00:00:00,AWS_004,17.250706282288906,1004.8358079505172,100.0,none,0
2025-02-09 01:00:00,AWS_004,17.376887039767873,1004.3811180629705,98.89597491432829,none,0
2025-02-09 02:00:00,AWS_004,17.984180212515046,1004.3789402852377,93.79523810187156,none,0
2025-02-09 03:00:00,AWS_004,19.483202465144025,1004.8791256880371,94.805994925643,none,0
2025-02-09 04:00:00,AWS_004,19.820475993491524,1004.4635340447009,95.19795048006422,none,0
2025-02-09 05:00:00,AWS_004,21.673009570817438,1004.7433148708795,99.03036723171897,none,0
2025-02-09 06:00:00,AWS_004,23.28454331712016,1005.8769788339558,90.07402663631987,none,0
2025-02-09 07:00:00,AWS_004,25.091863372719217,1005.6518411161238,92.56367355928869,none,0
2025-02-09 08:00:00,AWS_004,25.959119816036853,1005.9778998822698,87.26209409415344,none,0
2025-02-09 09:00:00,AWS_004,27.116127816731286,1006.8822969590811,91.22198198076072,none,0
2025-02-09 10:00:00,AWS_004,28.27011457119851,1007.0649101141415,82.42703149487082,none,0
2025-02-09 11:00:00,AWS_004,29.093493748933774,1006.8755185247221,89.7393752681812,none,0
2025-02-09 12:00:00,AWS_004,29.46214412788206,1006.4088147473755,89.72561210363683,none,0
2025-02-09 13:00:00,AWS_004,,,,dropout,1
2025-02-09 14:00:00,AWS_004,,,,dropout,1
2025-02-09 15:00:00,AWS_004,,,,dropout,1
2025-02-09 16:00:00,AWS_004,,,,dropout,1
2025-02-09 17:00:00,AWS_004,,,,dropout,1
2025-02-09 18:00:00,AWS_004,,,,dropout,1
2025-02-09 19:00:00,AWS_004,21.764914051949113,1005.746447550826,96.02363945706523,none,0
2025-02-09 20:00:00,AWS_004,20.251682574097494,1005.4811947019086,94.70611163572482,none,0
2025-02-09 21:00:00,AWS_004,19.846410688540214,1004.4354547206555,94.55303501805196,none,0
2025-02-09 22:00:00,AWS_004,18.397359927665498,1004.925340171943,98.01490319444733,none,0
2025-02-09 23:00:00,AWS_004,17.328035192284144,1004.5605421429498,96.26743112244691,none,0
2025-02-10 00:00:00,AWS_004,17.85117484989834,1004.5826428006799,94.10979789501017,none,0
2025-02-10 01:00:00,AWS_004,17.27733833761597,1004.2712483964714,94.52510006750843,none,0
2025-02-10 02:00:00,AWS_004,18.080940294913848,1005.206922857429,96.04501015784524,none,0
2025-02-10 03:00:00,AWS_004,19.250536894089752,1005.1679272591084,96.48370054527639,none,0
2025-02-10 04:00:00,AWS_004,20.36963470933844,1004.9937424615867,94.99141997530029,none,0
2025-02-10 05:00:00,AWS_004,21.738627949954626,1004.5581343329083,94.02565786750102,none,0
2025-02-10 06:00:00,AWS_004,23.195336917328596,1005.9644926945526,94.8387526409054,none,0
2025-02-10 07:00:00,AWS_004,24.69261541169332,1005.843726255601,90.03474275961462,none,0
2025-02-10 08:00:00,AWS_004,25.972872615773028,1006.2271842091322,91.9543035782269,none,0
2025-02-10 09:00:00,AWS_004,27.768940956599554,1006.722807320605,87.41935099927547,none,0
2025-02-10 10:00:00,AWS_004,29.053862867188172,1006.7197329261124,89.48199870695801,none,0
2025-02-10 11:00:00,AWS_004,28.88791407144175,1006.6579368879951,88.0237537444939,none,0
2025-02-10 12:00:00,AWS_004,29.653296180519657,1007.0041857427142,89.69461407207844,none,0
2025-02-10 13:00:00,AWS_004,29.528439907255667,1007.2067950613797,81.04347223970048,none,0
2025-02-10 14:00:00,AWS_004,28.167694186853527,1006.5179110273673,87.28029782777716,none,0
2025-02-10 15:00:00,AWS_004,28.053268696453216,1006.418324182925,88.92643965340069,none,0
2025-02-10 16:00:00,AWS_004,26.768161460484418,1005.8582761407883,92.00291391711039,none,0
2025-02-10 17:00:00,AWS_004,24.984167802873152,1005.9418913308264,91.65052873619888,none,0
2025-02-10 18:00:00,AWS_004,23.192515223073308,1005.4450500233279,99.57070401259777,none,0
2025-02-10 19:00:00,AWS_004,22.1382873732565,1005.3913805160201,92.05476123076275,none,0
2025-02-10 20:00:00,AWS_004,20.60881788696635,1005.2705415535117,99.45683714518675,none,0
2025-02-10 21:00:00,AWS_004,18.954208375457522,1005.1934105514688,97.64643962656118,none,0
2025-02-10 22:00:00,AWS_004,17.330722812755887,1004.5231442178774,99.15422327209048,none,0
2025-02-10 23:00:00,AWS_004,18.14035575711105,1004.3546080566856,100.0,none,0
2025-02-11 00:00:00,AWS_004,16.413310937376036,1004.7578579358054,99.06707912621209,none,0
2025-02-11 01:00:00,AWS_004,17.623099085617824,1004.4685097680615,100.0,none,0
2025-02-11 02:00:00,AWS_004,,,,dropout,1
2025-02-11 03:00:00,AWS_004,,,,dropout,1
2025-02-11 04:00:00,AWS_004,,,,dropout,1
2025-02-11 05:00:00,AWS_004,,,,dropout,1
2025-02-11 06:00:00,AWS_004,,,,dropout,1
2025-02-11 07:00:00,AWS_004,25.220910071786452,1005.6117322855214,95.38562094253,none,0
2025-02-11 08:00:00,AWS_004,26.044980372663847,1006.8549939459496,92.39936386434847,none,0
2025-02-11 09:00:00,AWS_004,27.99925413048026,1006.758799545092,82.76474178154878,none,0
2025-02-11 10:00:00,AWS_004,28.870134826857097,1007.0761307177478,89.65993196342107,none,0
2025-02-11 11:00:00,AWS_004,28.891640398066112,1006.3666498685664,92.5424577356086,none,0
2025-02-11 12:00:00,AWS_004,29.593016056122234,1006.989575183074,92.63891668409588,none,0
2025-02-11 13:00:00,AWS_004,28.93393547114872,1007.1435295051456,87.7826393568348,none,0
2025-02-11 14:00:00,AWS_004,28.710882480194886,1006.4163994741602,86.58527312018555,none,0
2025-02-11 15:00:00,AWS_004,27.2216166610063,1006.0419275726363,88.7000824695147,none,0
2025-02-11 16:00:00,AWS_004,26.542454277406534,1006.354234592427,95.34363200396055,none,0
2025-02-11 17:00:00,AWS_004,25.525029994743907,1006.2092409707369,85.48463966127538,none,0
2025-02-11 18:00:00,AWS_004,23.270971047320227,1005.4690961060728,86.10169777333365,none,0
2025-02-11 19:00:00,AWS_004,21.99779702320806,1005.7090822007065,98.37228907270124,none,0
2025-02-11 20:00:00,AWS_004,21.19618201268852,1005.6174725867663,93.53311408457145,none,0
2025-02-11 21:00:00,AWS_004,20.26147244845155,1004.6193891780528,92.764436431738,none,0
2025-02-11 22:00:00,AWS_004,17.84258323239295,1004.4723584034075,98.7561642757695,none,0
2025-02-11 23:00:00,AWS_004,17.528026611081224,1004.4437215096335,100.0,none,0
2025-02-12 00:00:00,AWS_004,16.605520873054115,1004.0898679376445,100.0,none,0
2025-02-12 01:00:00,AWS_004,17.079760221472434,1004.2908501434209,100.0,none,0
2025-02-12 02:00:00,AWS_004,18.982604433045854,1004.5722232240704,93.12756258617034,none,0
2025-02-12 03:00:00,AWS_004,19.09964650386368,1004.9408580565062,91.81614790438981,none,0
2025-02-12 04:00:00,AWS_004,20.32398122836715,1005.4026129536533,92.37371828361864,none,0
2025-02-12 05:00:00,AWS_004,21.787070302481524,1005.4262593077857,95.15027889197872,none,0
2025-02-12 06:00:00,AWS_004,23.926221141184886,1006.0042743511814,86.46254024738825,none,0
2025-02-12 07:00:00,AWS_004,24.543248906057496,1006.4865445717421,90.26926405962203,none,0
2025-02-12 08:00:00,AWS_004,26.19535222653604,1006.6895204400406,90.93632154446307,none,0
2025-02-12 09:00:00,AWS_004,27.640769567874308,1006.5698181650728,86.53633013969423,none,0
2025-02-12 10:00:00,AWS_004,28.419846845020203,1006.6745465195872,84.97504213989293,none,0
2025-02-12 11:00:00,AWS_004,29.40343740771519,1006.7763018441701,81.99091575344801,none,0
2025-02-12 12:00:00,AWS_004,30.109225691515043,1006.990694684424,89.43637840856424,none,0
2025-02-12 13:00:00,AWS_004,29.090362065309755,1007.3162420088694,88.39840754402343,none,0
2025-02-12 14:00:00,AWS_004,28.76898001769585,1006.6700058132357,89.77336219256547,none,0
2025-02-12 15:00:00,AWS_004,28.33098303646442,1005.986419247319,86.82518856629972,none,0
2025-02-12 16:00:00,AWS_004,26.552028889099933,1006.5959202279524,87.00314606800218,none,0
2025-02-12 17:00:00,AWS_004,24.658278866294363,1005.6272055815507,90.37573970624145,none,0
2025-02-12 18:00:00,AWS_004,23.79057014123198,1005.964498789722,91.98909044149364,none,0
2025-02-12 19:00:00,AWS_004,22.274565118085945,1005.3881627764014,99.09090237890335,none,0
2025-02-12 20:00:00,AWS_004,21.16689251990095,1005.6746164904308,92.95961523392198,none,0
2025-02-12 21:00:00,AWS_004,19.262643695592807,1004.5451902811133,94.66046963631076,none,0
2025-02-12 22:00:00,AWS_004,18.766687677994906,1004.67357664173,96.33279595724547,none,0
2025-02-12 23:00:00,AWS_004,18.23109848935782,1004.2975851684645,96.69635071191557,none,0
2025-02-13 00:00:00,AWS_004,16.755942748705444,1005.0310033433534,100.0,none,0
2025-02-13 01:00:00,AWS_004,17.681254205827493,1004.4881215306027,100.0,none,0
2025-02-13 02:00:00,AWS_004,19.081725682118787,1004.4453216454868,99.74185982927618,none,0
2025-02-13 03:00:00,AWS_004,18.957747550531508,1005.3305486510005,95.74382328855252,none,0
2025-02-13 04:00:00,AWS_004,21.055155348205503,1004.9693277156631,96.41847062800625,none,0
2025-02-13 05:00:00,AWS_004,21.891118395360337,1005.8661803189556,89.48963892587841,frozen,1
2025-02-13 06:00:00,AWS_004,21.891118395360337,1005.8661803189556,89.48963892587841,frozen,1
2025-02-13 07:00:00,AWS_004,21.891118395360337,1005.8661803189556,89.48963892587841,frozen,1
2025-02-13 08:00:00,AWS_004,21.891118395360337,1005.8661803189556,89.48963892587841,frozen,1
2025-02-13 09:00:00,AWS_004,27.238339090164086,1006.9812746092721,90.5634835012207,none,0
2025-02-13 10:00:00,AWS_004,29.42834971061196,1006.7065609814506,83.09381679851671,none,0
2025-02-13 11:00:00,AWS_004,28.41759610274488,1007.2931575432225,90.64345555672476,none,0
2025-02-13 12:00:00,AWS_004,29.908689577671943,1007.2744949432557,84.84703201758127,none,0
2025-02-13 13:00:00,AWS_004,29.22328853516819,1006.5094999348219,91.8867939711792,none,0
2025-02-13 14:00:00,AWS_004,29.126825463554994,1006.8593714527029,84.77005921835871,none,0
2025-02-13 15:00:00,AWS_004,27.19540822397666,1006.4804895230274,93.13617614707371,none,0
2025-02-13 16:00:00,AWS_004,26.643479122799008,1006.2984045684809,88.85146869130159,none,0
2025-02-13 17:00:00,AWS_004,24.72168896540238,1006.4419535870677,90.32346597535677,none,0
2025-02-13 18:00:00,AWS_004,23.83048792378343,1005.7921806370193,88.03204308749207,none,0
2025-02-13 19:00:00,AWS_004,22.574314882819607,1005.7544590669175,95.30209680388724,none,0
2025-02-13 20:00:00,AWS_004,20.760509917802466,1004.983757727593,91.67697943635508,none,0
2025-02-13 21:00:00,AWS_004,19.320425976153896,1004.390876183243,95.52654319897182,none,0
2025-02-13 22:00:00,AWS_004,18.69424111856267,1004.6146617982799,94.41975995652807,none,0
2025-02-13 23:00:00,AWS_004,18.005684050319818,1004.3226376960686,94.49820677696698,none,0
2025-02-14 00:00:00,AWS_004,17.29275014968691,1004.5272226094426,95.74254702070668,none,0
2025-02-14 01:00:00,AWS_004,16.90349670755903,1004.593507211439,99.03632092977955,none,0
2025-02-14 02:00:00,AWS_004,18.184092000620815,1004.8282300116579,97.55380202573886,none,0
2025-02-14 03:00:00,AWS_004,18.430346671138864,1004.6653812556522,97.62871577351378,none,0
2025-02-14 04:00:00,AWS_004,20.22228275555112,1005.4031530884217,93.87702740987298,none,0
2025-02-14 05:00:00,AWS_004,23.008233538012906,1005.9484175300871,92.12951082525497,none,0
2025-02-14 06:00:00,AWS_004,24.188545362670826,1006.2035550102272,94.32983438483055,none,0
2025-02-14 07:00:00,AWS_004,24.89835529334291,1005.9026141677078,87.52239596980162,none,0
2025-02-14 08:00:00,AWS_004,26.719432057656334,1006.4395931030114,88.0776688409776,none,0
2025-02-14 09:00:00,AWS_004,28.473465867386228,1006.374439731947,87.21183673981616,none,0
2025-02-14 10:00:00,AWS_004,28.75832871550269,1006.9350280691782,86.05689733555386,none,0
2025-02-14 11:00:00,AWS_004,28.657076053998615,1006.4954370309459,88.50198976801896,none,0
2025-02-14 12:00:00,AWS_004,28.908681391516463,1007.2771847447523,88.55916175808757,none,0
2025-02-14 13:00:00,AWS_004,29.94313319317032,1006.8100285945852,89.47866700737299,none,0
2025-02-14 14:00:00,AWS_004,29.362928860427154,1006.7989898912635,86.66793781427715,none,0
2025-02-14 15:00:00,AWS_004,28.359399353207113,1007.0559398764112,91.19022785462846,none,0
2025-02-14 16:00:00,AWS_004,26.824908298451387,1006.6645475309672,89.42717119293135,none,0
2025-02-14 17:00:00,AWS_004,25.296515218450192,1006.2053540714161,97.991489134983,none,0
2025-02-14 18:00:00,AWS_004,36.45315950371355,992.6494280363157,98.0,multivariate_inconsistent,1
2025-02-14 19:00:00,AWS_004,21.946872259799083,1005.4070474570885,93.07440945782872,none,0
2025-02-14 20:00:00,AWS_004,20.7661491200134,1005.3773754749917,93.6716572183111,none,0
2025-02-14 21:00:00,AWS_004,19.597871861892912,1005.0340428810177,96.45088994774247,none,0
2025-02-14 22:00:00,AWS_004,18.033366229931406,1004.8968236447214,100.0,none,0
2025-02-14 23:00:00,AWS_004,18.66271588739784,1005.0276743972447,93.51689234485481,none,0
2025-02-15 00:00:00,AWS_004,17.900618701784015,1004.1703687989334,98.41246009534372,none,0
2025-02-15 01:00:00,AWS_004,18.241454211066507,1004.5251298780347,98.53737528881774,none,0
2025-02-15 02:00:00,AWS_004,18.182635625693056,1005.0282644612695,97.76841794285059,none,0
2025-02-15 03:00:00,AWS_004,19.429925593060403,1004.9409922158384,92.04352092094089,none,0
2025-02-15 04:00:00,AWS_004,20.525706877750455,1005.5169500842712,98.62928148162119,none,0
2025-02-15 05:00:00,AWS_004,21.672545507733876,1005.6410170261995,94.45119857436707,none,0
2025-02-15 06:00:00,AWS_004,23.42412515810077,1005.9304557272009,92.52200785021769,none,0
2025-02-15 07:00:00,AWS_004,26.15338155899142,1005.79013780243,93.42914949105757,none,0
2025-02-15 08:00:00,AWS_004,26.832796469134802,1007.0682192963232,93.8481237168405,none,0
2025-02-15 09:00:00,AWS_004,28.22521634330686,1007.0528090685024,89.83427390647732,none,0
2025-02-15 10:00:00,AWS_004,28.96966948887868,1007.1403851700906,92.56401227390356,none,0
2025-02-15 11:00:00,AWS_004,29.56407309257618,1006.7259609075368,91.51117769207244,none,0
2025-02-15 12:00:00,AWS_004,29.428304566394473,1006.5083504018484,87.57140406491864,none,0
2025-02-15 13:00:00,AWS_004,29.706951785550473,1006.7055852379826,89.9601779953492,none,0
2025-02-15 14:00:00,AWS_004,28.592372746566905,1006.7510020260203,92.92548724280788,none,0
2025-02-15 15:00:00,AWS_004,28.13060020458864,1006.9714150327702,91.27828501792013,none,0
2025-02-15 16:00:00,AWS_004,26.181778495268496,1006.6205554223764,91.66843166703757,none,0
2025-02-15 17:00:00,AWS_004,24.971557823588448,1006.5311329731317,92.74164809257664,none,0
2025-02-15 18:00:00,AWS_004,23.57493825257337,1005.7655881221567,92.38106181195144,none,0
2025-02-15 19:00:00,AWS_004,22.367198196373028,1005.265854717746,92.40242088112451,none,0
2025-02-15 20:00:00,AWS_004,20.286943512731234,1005.1216090082744,92.81377927709362,none,0
2025-02-15 21:00:00,AWS_004,19.559355040285105,1004.804027312791,95.32490541919852,none,0
2025-02-15 22:00:00,AWS_004,18.702986366806087,1004.7137687761802,90.92787057708364,none,0
2025-02-15 23:00:00,AWS_004,18.24367706722587,1004.7313785297015,98.73067483337411,none,0
2025-02-16 00:00:00,AWS_004,17.79203499881019,1004.5681368378036,91.49785205889613,none,0
2025-02-16 01:00:00,AWS_004,18.014008157135855,1004.7786195986549,100.0,none,0
2025-02-16 02:00:00,AWS_004,18.509927232345085,1004.6174378120013,93.73621417058172,none,0
2025-02-16 03:00:00,AWS_004,19.01275715164151,1005.3520457421017,92.79769228691966,none,0
2025-02-16 04:00:00,AWS_004,20.917875656496193,1005.4766531410121,92.49481262177704,none,0
2025-02-16 05:00:00,AWS_004,21.98761566082481,1005.6312515456822,92.28937233692125,none,0
2025-02-16 06:00:00,AWS_004,23.808505456163473,1005.9507353910719,94.57360195430299,none,0
2025-02-16 07:00:00,AWS_004,25.91915009129831,1005.9218465625223,89.40353409933914,none,0
2025-02-16 08:00:00,AWS_004,27.058992973465266,1006.5669001673018,87.01083509825254,none,0
2025-02-16 09:00:00,AWS_004,28.098240537485587,1007.1346536303339,87.58857084532045,none,0
2025-02-16 10:00:00,AWS_004,28.857596791534654,1007.5068005427701,87.34732264513852,none,0
2025-02-16 11:00:00,AWS_004,29.323554096959004,1006.7633746867399,80.85866429521352,none,0
2025-02-16 12:00:00,AWS_004,29.25866940546627,1007.0515665997452,82.22203805153377,none,0
2025-02-16 13:00:00,AWS_004,29.592630969440236,1006.8710649584625,91.11410683982584,none,0
2025-02-16 14:00:00,AWS_004,29.545548786705993,1006.8384542757126,82.76336079670716,none,0
2025-02-16 15:00:00,AWS_004,28.16912460522153,1007.4803871935422,81.75476153302266,none,0
2025-02-16 16:00:00,AWS_004,26.4224403290918,1006.7681825028076,92.68078333545952,none,0
2025-02-16 17:00:00,AWS_004,25.72352121568813,1005.8518906522575,90.46662362202792,none,0
2025-02-16 18:00:00,AWS_004,23.41389788829426,1005.8489183772809,96.36655418035544,none,0
2025-02-16 19:00:00,AWS_004,21.898833847718276,1005.3576441807089,93.98191758197316,none,0
2025-02-16 20:00:00,AWS_004,21.170204842089216,1005.0516649583718,95.05890422465136,none,0
2025-02-16 21:00:00,AWS_004,19.79310958918995,1004.8563515629884,100.0,none,0
2025-02-16 22:00:00,AWS_004,19.238629270121315,1005.3507889115639,100.0,none,0
2025-02-16 23:00:00,AWS_004,17.565612898865265,1004.7821214483691,97.62398768684119,none,0
2025-02-17 00:00:00,AWS_004,17.931934263799132,1004.6418720185613,96.4288345593133,none,0
2025-02-17 01:00:00,AWS_004,18.09760869430923,1004.3091036483224,94.30627897596008,none,0
2025-02-17 02:00:00,AWS_004,18.567310436421142,1005.1781865126172,95.2440708123142,none,0
2025-02-17 03:00:00,AWS_004,19.55324662273531,1005.5699437272332,96.73722972183187,none,0
2025-02-17 04:00:00,AWS_004,20.071990248847435,1005.5285296457538,95.35656663374787,none,0
2025-02-17 05:00:00,AWS_004,22.25768995203656,1005.8126945001077,90.75380954607343,none,0
2025-02-17 06:00:00,AWS_004,23.42294736339217,1005.832373965222,97.08297286559187,none,0
2025-02-17 07:00:00,AWS_004,25.413429929755335,1006.2102554230797,91.57455624423109,none,0
2025-02-17 08:00:00,AWS_004,26.432241835794038,1006.2626523846244,87.396536555198,none,0
2025-02-17 09:00:00,AWS_004,28.37442309036807,1006.6332980002836,89.03073413697427,none,0
2025-02-17 10:00:00,AWS_004,29.120659724914923,1007.408633313089,89.02659309988557,none,0
2025-02-17 11:00:00,AWS_004,29.564773991227728,1007.3017115353528,89.47073587590377,none,0
2025-02-17 12:00:00,AWS_004,29.824782934057723,1007.5111012257203,88.82743252159258,none,0
2025-02-17 13:00:00,AWS_004,29.34677284645445,1007.222221860231,89.08948123624329,none,0
2025-02-17 14:00:00,AWS_004,29.44604904721361,1006.6155624119414,91.39445029757823,none,0
2025-02-17 15:00:00,AWS_004,28.245908021478535,1006.6383686377645,92.36406831937983,none,0
2025-02-17 16:00:00,AWS_004,26.855961033029097,1006.8324518650036,87.83256266294273,none,0
2025-02-17 17:00:00,AWS_004,25.362861977796936,1006.4718358262195,92.99019458799265,none,0
2025-02-17 18:00:00,AWS_004,23.81093413857619,1006.1668317775221,91.47495899195636,none,0
2025-02-17 19:00:00,AWS_004,22.33645827223685,1005.268403514276,93.59479507179792,none,0
2025-02-17 20:00:00,AWS_004,20.6598702444453,1006.112214511849,96.33658369997445,none,0
2025-02-17 21:00:00,AWS_004,19.046639977130763,1004.7058828371687,95.70682443009105,none,0
2025-02-17 22:00:00,AWS_004,17.847494815993254,1005.0110005833513,100.0,none,0
2025-02-17 23:00:00,AWS_004,17.462781340326245,1004.4381242148618,97.32608743487691,none,0
2025-02-18 00:00:00,AWS_004,22.48943671712403,1005.8009936817007,98.0,thermo_inconsistent,1
2025-02-18 01:00:00,AWS_004,17.731432869860836,1005.2014400092957,100.0,none,0
2025-02-18 02:00:00,AWS_004,18.87989040573484,1004.9598632344765,93.6452705660397,none,0
2025-02-18 03:00:00,AWS_004,20.161215414735576,1005.4870334938196,92.45560424660442,none,0
2025-02-18 04:00:00,AWS_004,20.931146938619822,1005.3865971715265,99.48807401339056,none,0
2025-02-18 05:00:00,AWS_004,22.214330098804258,1005.5657613434158,95.58406536112199,none,0
2025-02-18 06:00:00,AWS_004,23.826364555584245,1006.5669031894947,89.60612784257731,none,0
2025-02-18 07:00:00,AWS_004,25.795889705170424,1006.4244643356543,91.26668971967277,none,0
2025-02-18 08:00:00,AWS_004,26.577737982061606,1006.5056153419281,88.70829296628202,none,0
2025-02-18 09:00:00,AWS_004,28.361603463887363,1006.3735142544497,84.29299315863469,none,0
2025-02-18 10:00:00,AWS_004,29.91198726897758,1006.7859514346115,85.60268392841405,none,0
2025-02-18 11:00:00,AWS_004,29.97837865765725,1006.7981024845425,88.22280293522343,none,0
2025-02-18 12:00:00,AWS_004,30.12837641843374,1007.4442412218489,84.94791990388475,none,0
2025-02-18 13:00:00,AWS_004,29.863427811243266,1007.157030138064,89.47106500568479,none,0
2025-02-18 14:00:00,AWS_004,29.0273584163218,1007.2573474062443,88.86130161922163,none,0
2025-02-18 15:00:00,AWS_004,27.624493500744688,1007.313951285121,87.01736912884684,none,0
2025-02-18 16:00:00,AWS_004,27.2300972513421,1006.5857634304009,92.23147210979701,none,0
2025-02-18 17:00:00,AWS_004,25.810369421066213,1006.2236528818175,90.57869836827062,none,0
2025-02-18 18:00:00,AWS_004,23.33317184158405,1006.149396961388,90.89924815964613,none,0
2025-02-18 19:00:00,AWS_004,22.418463698345477,1006.3177391195161,91.37209245670384,none,0
2025-02-18 20:00:00,AWS_004,21.434649935028407,1005.4219060209759,91.40056704153578,none,0
2025-02-18 21:00:00,AWS_004,20.037297144993342,1005.4286782941917,97.23346059965652,none,0
2025-02-18 22:00:00,AWS_004,19.03717144737283,1005.1638946560693,100.0,none,0
2025-02-18 23:00:00,AWS_004,17.850937819398222,1005.4482561211082,97.78531000179026,none,0
2025-02-19 00:00:00,AWS_004,17.58974742518224,1004.7617617068721,97.06390268009875,none,0
2025-02-19 01:00:00,AWS_004,18.176563127727448,1005.3806298772238,96.37922112443631,none,0
2025-02-19 02:00:00,AWS_004,19.225729167814354,1005.4136602179578,96.85045851184753,none,0
2025-02-19 03:00:00,AWS_004,19.499652001490546,1005.1555108873398,92.04782203442451,none,0
2025-02-19 04:00:00,AWS_004,21.67468758371999,1005.4175765599825,94.0894810084606,none,0
2025-02-19 05:00:00,AWS_004,21.98259561320035,1005.7395097932175,96.3430399971872,none,0
2025-02-19 06:00:00,AWS_004,23.750313584555755,1005.6082556912066,96.11075205114903,none,0
2025-02-19 07:00:00,AWS_004,25.995260586549065,1006.2492793379079,93.04235435901458,none,0
2025-02-19 08:00:00,AWS_004,26.409486239504012,1006.4928023184057,94.28667054963792,frozen,1
2025-02-19 09:00:00,AWS_004,26.409486239504012,1006.4928023184057,94.28667054963792,frozen,1
2025-02-19 10:00:00,AWS_004,26.409486239504012,1006.4928023184057,94.28667054963792,frozen,1
2025-02-19 11:00:00,AWS_004,26.409486239504012,1006.4928023184057,94.28667054963792,frozen,1
2025-02-19 12:00:00,AWS_004,26.409486239504012,1006.4928023184057,94.28667054963792,frozen,1
2025-02-19 13:00:00,AWS_004,26.409486239504012,1006.4928023184057,94.28667054963792,frozen,1
2025-02-19 14:00:00,AWS_004,28.684500061184927,1006.8819141645408,89.0196706347677,none,0
2025-02-19 15:00:00,AWS_004,28.12410522139537,1007.4758651160945,88.26446592545189,none,0
2025-02-19 16:00:00,AWS_004,26.772384303663742,1006.1722430508178,92.22760882978825,none,0
2025-02-19 17:00:00,AWS_004,24.946514300884804,1005.9872249454252,91.17803769660298,none,0
2025-02-19 18:00:00,AWS_004,23.480510309243833,1005.5630784291478,90.21625682713072,none,0
2025-02-19 19:00:00,AWS_004,22.715964000029963,1005.5889569408088,88.63467768163805,none,0
2025-02-19 20:00:00,AWS_004,20.795175776545815,1005.6199791960407,94.85858798149712,none,0
2025-02-19 21:00:00,AWS_004,19.41763959888301,1004.6350478261336,92.28937652444678,none,0
2025-02-19 22:00:00,AWS_004,18.74046963715673,1004.8740314311468,98.83160038954237,none,0
2025-02-19 23:00:00,AWS_004,17.474826329548627,1004.6189353377274,96.86196892102872,none,0
2025-02-20 00:00:00,AWS_004,18.21810521845766,1004.6967561563674,93.68282183485806,none,0
2025-02-20 01:00:00,AWS_004,18.54863890682057,1004.4919784406377,98.83889775602603,none,0
2025-02-20 02:00:00,AWS_004,19.57443630358097,1005.0742014987233,94.0358644380991,none,0
2025-02-20 03:00:00,AWS_004,19.672404855252672,1004.8340697651028,98.13386935677302,none,0
2025-02-20 04:00:00,AWS_004,21.369366576925714,1005.226383224661,91.11536618060126,none,0
2025-02-20 05:00:00,AWS_004,22.233642952743345,1005.5388254444987,94.56303396629852,none,0
2025-02-20 06:00:00,AWS_004,23.71395272279927,1005.9512739714925,94.12247101432874,none,0
2025-02-20 07:00:00,AWS_004,25.321135487501337,1006.3877609579814,88.63379752172983,none,0
2025-02-20 08:00:00,AWS_004,27.07640269755436,1006.9497095096732,88.1535332232101,none,0
2025-02-20 09:00:00,AWS_004,28.066360783405916,1006.6415596851638,89.91040356722887,none,0
2025-02-20 10:00:00,AWS_004,29.250923848688338,1006.9484647412528,88.97647029828704,none,0
2025-02-20 11:00:00,AWS_004,29.485628492890175,1007.5379463551866,86.08812464585004,none,0
2025-02-20 12:00:00,AWS_004,29.611021146229806,1007.1668240324694,85.87643838883059,none,0
2025-02-20 13:00:00,AWS_004,30.09946500571834,1007.1527222691436,86.61901737526458,none,0
2025-02-20 14:00:00,AWS_004,28.68835887862023,1006.9164783772626,88.5138382295409,none,0
2025-02-20 15:00:00,AWS_004,28.099880553194485,1007.3253036965093,87.87816668627968,none,0
2025-02-20 16:00:00,AWS_004,27.505995885473816,1006.5923363039016,86.34116089182757,none,0
2025-02-20 17:00:00,AWS_004,25.626233198924485,1006.2025262178246,95.46583898899047,none,0
2025-02-20 18:00:00,AWS_004,24.117774229756034,1005.9431617247752,92.2707450949707,none,0
2025-02-20 19:00:00,AWS_004,22.283145524866022,1005.9921949833313,93.91003388848958,none,0
2025-02-20 20:00:00,AWS_004,20.69220921941487,1005.5870909496567,94.6573477145611,none,0
2025-02-20 21:00:00,AWS_004,20.117174550842627,1005.0276178880298,98.42653372281683,none,0
2025-02-20 22:00:00,AWS_004,18.72946599696898,1005.1575935592346,92.84983796169135,none,0
2025-02-20 23:00:00,AWS_004,18.215542976945002,1004.892471766219,95.09501699935848,none,0
2025-02-21 00:00:00,AWS_004,18.24577040703368,1005.1045359858165,100.0,none,0
2025-02-21 01:00:00,AWS_004,17.846823466052896,1005.1293803377025,100.0,none,0
2025-02-21 02:00:00,AWS_004,18.826651402216257,1005.1553491328998,96.33861702729219,none,0
2025-02-21 03:00:00,AWS_004,18.403534875270758,1005.6252090443483,96.92289523523165,none,0
2025-02-21 04:00:00,AWS_004,21.552057066627373,1005.6473470729161,93.96756723139193,none,0
2025-02-21 05:00:00,AWS_004,22.854853328294727,1005.835321777569,94.25724045040678,none,0
2025-02-21 06:00:00,AWS_004,23.403519520096882,1006.2274413874567,95.15072472502317,none,0
2025-02-21 07:00:00,AWS_004,25.65441583109694,1006.828390939283,93.52081372366413,none,0
2025-02-21 08:00:00,AWS_004,27.036896186723265,1006.6475614464348,82.69927621103814,none,0
2025-02-21 09:00:00,AWS_004,27.674291164930942,1007.2239945974325,90.26202637624658,none,0
2025-02-21 10:00:00,AWS_004,29.021935994784904,1007.04461114279,88.57861179197414,none,0
2025-02-21 11:00:00,AWS_004,29.460510405771984,1008.060134452847,84.71856360637697,none,0
2025-02-21 12:00:00,AWS_004,29.66439053225194,1007.2264113432042,82.77159209768476,none,0
2025-02-21 13:00:00,AWS_004,29.609409214065963,1007.4216518840432,85.76542525920145,none,0
2025-02-21 14:00:00,AWS_004,29.361704953188692,1007.2609490776513,86.63312852329697,none,0
2025-02-21 15:00:00,AWS_004,27.913555299903923,1006.8528021966706,86.56660488607264,none,0
2025-02-21 16:00:00,AWS_004,26.73172916151688,1006.6410958653751,85.78868295673841,none,0
2025-02-21 17:00:00,AWS_004,25.234261071226452,1006.0638546662769,91.91509422806777,none,0
2025-02-21 18:00:00,AWS_004,23.368278695540887,1006.6714912149521,96.59169645413459,none,0
2025-02-21 19:00:00,AWS_004,22.448676763998034,1006.1543769242005,95.14911668327227,none,0
2025-02-21 20:00:00,AWS_004,21.67526496015649,1005.8360227247515,95.24537903480164,none,0
2025-02-21 21:00:00,AWS_004,20.151687827354973,1005.5780921975165,91.78560091022231,none,0
2025-02-21 22:00:00,AWS_004,18.323113046670993,1005.7804226573123,93.54224502426885,none,0
2025-02-21 23:00:00,AWS_004,18.329802458626503,1004.547682062171,91.6655042213932,none,0
2025-02-22 00:00:00,AWS_004,17.677830373776064,1004.8240487259209,100.0,none,0
2025-02-22 01:00:00,AWS_004,18.602885475724413,1005.1624572258487,100.0,none,0
2025-02-22 02:00:00,AWS_004,18.10617317143426,1005.2922690425373,94.21373124020874,none,0
2025-02-22 03:00:00,AWS_004,20.29247767207285,1005.2562532646914,96.63341504699079,none,0
2025-02-22 04:00:00,AWS_004,20.418382492985863,1005.479582683965,95.29040982159444,none,0
2025-02-22 05:00:00,AWS_004,22.721912820437208,1005.6130266632878,93.39377747001123,none,0
2025-02-22 06:00:00,AWS_004,24.582215088700735,1005.9574838441189,97.06307964685844,none,0
2025-02-22 07:00:00,AWS_004,25.65989609159716,1006.7585913570811,91.75497357696923,none,0
2025-02-22 08:00:00,AWS_004,27.665071283987423,1006.8391853499501,87.76963942392379,none,0
2025-02-22 09:00:00,AWS_004,28.238110031485405,1006.5217406448941,90.7737253180865,none,0
2025-02-22 10:00:00,AWS_004,29.92778985149144,1007.3638740160443,84.30187950567716,none,0
2025-02-22 11:00:00,AWS_004,29.685177090489432,1007.4342548865822,84.46285370773624,none,0
2025-02-22 12:00:00,AWS_004,30.09498030447992,1007.3515953624673,83.5204373166834,none,0
2025-02-22 13:00:00,AWS_004,30.130644568831332,1007.0237675271842,85.2661796793734,none,0
2025-02-22 14:00:00,AWS_004,30.27720140425096,1007.1710620979204,89.69565571831076,none,0
2025-02-22 15:00:00,AWS_004,28.09365905174614,1006.9911130176619,84.91795413733932,none,0
2025-02-22 16:00:00,AWS_004,26.804392319580735,1007.0562840110732,87.80337360283846,none,0
2025-02-22 17:00:00,AWS_004,26.19092842522137,1006.2550759362122,89.94872903386171,none,0
2025-02-22 18:00:00,AWS_004,24.19391120345783,1005.3734016698672,94.74047009148869,none,0
2025-02-22 19:00:00,AWS_004,22.313343962906874,1005.8628956060359,94.13070368555321,none,0
2025-02-22 20:00:00,AWS_004,21.07074857735545,1006.0196072597608,89.09689023402606,none,0
2025-02-22 21:00:00,AWS_004,20.263972288636108,1005.2495807679961,93.65066972865081,none,0
2025-02-22 22:00:00,AWS_004,18.6576543505452,1005.1377721201795,94.80341291133962,none,0
2025-02-22 23:00:00,AWS_004,18.02017953575676,1005.0497406079588,94.24821046053918,none,0
2025-02-23 00:00:00,AWS_004,18.352500332848475,1004.4560746243301,96.05730202139765,none,0
2025-02-23 01:00:00,AWS_004,18.630102988287813,1004.9333860473822,98.41737047328407,none,0
2025-02-23 02:00:00,AWS_004,18.761505985961076,1004.8566352731899,97.68657075568991,none,0
2025-02-23 03:00:00,AWS_004,19.882201164076648,1005.4161090747183,97.31383936617178,none,0
2025-02-23 04:00:00,AWS_004,21.667876510920642,1005.7494443152707,93.71615976597303,none,0
2025-02-23 05:00:00,AWS_004,22.15378326272956,1005.8546618539483,94.54524146070706,none,0
2025-02-23 06:00:00,AWS_004,23.804427499634695,1006.0505631653383,98.42891416988815,none,0
2025-02-23 07:00:00,AWS_004,26.30885879245563,1006.4098228272377,95.1871326176987,none,0
2025-02-23 08:00:00,AWS_004,27.566019883082337,1006.860680588142,81.38137105287566,none,0
2025-02-23 09:00:00,AWS_004,29.14371664706329,1006.9741919420616,92.0706090343583,none,0
2025-02-23 10:00:00,AWS_004,29.57645998447498,1007.4874216187393,86.63675618954055,none,0
2025-02-23 11:00:00,AWS_004,30.10652295832742,1007.2827586019469,83.87635512639832,none,0
2025-02-23 12:00:00,AWS_004,30.45169274236627,1007.7333649797766,90.96527029472897,none,0
2025-02-23 13:00:00,AWS_004,29.438779102572948,1007.3864754979367,91.33041063175556,none,0
2025-02-23 14:00:00,AWS_004,29.02887227067263,1007.4602593796023,92.48462114822428,none,0
2025-02-23 15:00:00,AWS_004,28.73082104222871,1006.895107536496,89.05310336699513,none,0
2025-02-23 16:00:00,AWS_004,27.50484926461641,1006.891591083696,87.32417748865817,none,0
2025-02-23 17:00:00,AWS_004,26.145619753255488,1006.1148623306456,89.701651274131,none,0
2025-02-23 18:00:00,AWS_004,24.508748114218218,1006.1460230179807,90.64581330211168,none,0
2025-02-23 19:00:00,AWS_004,22.777728905773895,1005.598284004619,96.31904122414359,none,0
2025-02-23 20:00:00,AWS_004,20.821412411040463,1005.6074533860094,94.85285681098235,none,0
2025-02-23 21:00:00,AWS_004,20.22707795647007,1005.7520309989741,98.09349656804102,none,0
2025-02-23 22:00:00,AWS_004,19.179363781235093,1005.1564026755823,93.83371027018592,none,0
2025-02-23 23:00:00,AWS_004,17.85761923208648,1004.871343662124,96.30941208982134,none,0
2025-02-24 00:00:00,AWS_004,18.5840415670141,1005.0632783558275,97.66258149393413,none,0
2025-02-24 01:00:00,AWS_004,18.593142281799636,1004.632352689131,97.56289198504935,none,0
2025-02-24 02:00:00,AWS_004,19.337664175842562,1005.8006905834163,94.91433609120503,none,0
2025-02-24 03:00:00,AWS_004,19.687318338979342,1005.20920004097,95.82954177342745,none,0
2025-02-24 04:00:00,AWS_004,21.07621525781453,1005.6735876764154,93.18445549712419,none,0
2025-02-24 05:00:00,AWS_004,23.8560198633085,1005.2998930596468,87.63939185032346,none,0
2025-02-24 06:00:00,AWS_004,24.095823635138327,1006.0854857654311,92.50534289836206,none,0
2025-02-24 07:00:00,AWS_004,25.732059167822083,1006.3417841158355,88.00479833426324,none,0
2025-02-24 08:00:00,AWS_004,27.645210482895273,1006.8588278644096,93.68126509570678,none,0
2025-02-24 09:00:00,AWS_004,27.672240930063072,1007.1598066440602,90.22685451206905,none,0
2025-02-24 10:00:00,AWS_004,29.558019642496884,1006.6967270317124,92.77596718363401,none,0
2025-02-24 11:00:00,AWS_004,30.341394785806695,1007.1590410198734,87.65266346766705,none,0
2025-02-24 12:00:00,AWS_004,30.640578237927507,1007.1320792415288,89.5989265988606,none,0
2025-02-24 13:00:00,AWS_004,30.353797060939783,1007.4505976765245,91.52637144079215,none,0
2025-02-24 14:00:00,AWS_004,28.906159315973245,1007.6894247060991,88.17775449627047,none,0
2025-02-24 15:00:00,AWS_004,28.643277759548553,1007.051681507197,86.35138633177871,none,0
2025-02-24 16:00:00,AWS_004,27.508669539839637,1006.6292355151929,89.04451320200394,none,0
2025-02-24 17:00:00,AWS_004,24.953925045095268,1006.611523217143,89.75805156440882,none,0
2025-02-24 18:00:00,AWS_004,24.49539344702685,1006.1489090923103,94.5663719228222,none,0
2025-02-24 19:00:00,AWS_004,22.584688028388484,1006.0528094341597,96.13071825635876,none,0
2025-02-24 20:00:00,AWS_004,21.392526558989513,1005.6833026482415,92.4899156706156,none,0
2025-02-24 21:00:00,AWS_004,20.118516425126725,1005.2304361172453,95.31527865397507,none,0
2025-02-24 22:00:00,AWS_004,19.08581512520478,1005.3208216559668,93.43932538503375,none,0
2025-02-24 23:00:00,AWS_004,18.746931313663673,1005.3779321619713,93.16835648484764,none,0
2025-02-25 00:00:00,AWS_004,18.48884077661454,1005.0113196769119,95.43297454893178,none,0
2025-02-25 01:00:00,AWS_004,18.93717168778293,1005.6059877996485,95.58369185775774,none,0
2025-02-25 02:00:00,AWS_004,19.31262292364183,1005.1970681014342,95.41068569132632,none,0
2025-02-25 03:00:00,AWS_004,19.78212147821858,1005.6449917327518,92.71905073294583,none,0
2025-02-25 04:00:00,AWS_004,21.99338383198535,1005.6659913260129,92.09785647948078,none,0
2025-02-25 05:00:00,AWS_004,22.877012372193438,1006.372837091445,86.98447037480132,none,0
2025-02-25 06:00:00,AWS_004,23.74266237965086,1006.4849768702626,90.02227070335591,none,0
2025-02-25 07:00:00,AWS_004,26.120484549251604,1006.4774296486753,89.74406343280238,none,0
2025-02-25 08:00:00,AWS_004,27.498576400130037,1006.9576170200686,90.57432200947223,none,0
2025-02-25 09:00:00,AWS_004,28.94898319815254,1007.5933157022306,94.5643344169649,none,0
2025-02-25 10:00:00,AWS_004,30.11117719619286,1007.0301429388859,85.91274318592986,none,0
2025-02-25 11:00:00,AWS_004,30.262227825423835,1007.6581873227287,83.93506781520134,none,0
2025-02-25 12:00:00,AWS_004,30.066119304214304,1007.3296283367085,84.49615505324829,none,0
2025-02-25 13:00:00,AWS_004,30.566559055191895,1007.2241879953312,87.83675816341093,none,0
2025-02-25 14:00:00,AWS_004,29.381686360498545,1006.5963821088053,87.87516579143681,none,0
2025-02-25 15:00:00,AWS_004,28.555022341589225,1007.4600272398366,86.19583316633505,none,0
2025-02-25 16:00:00,AWS_004,27.60418658245761,1006.7511402897657,85.85271208869987,none,0
2025-02-25 17:00:00,AWS_004,25.745536577484792,1006.1635988064128,89.75434183303916,none,0
2025-02-25 18:00:00,AWS_004,24.179281301253248,1006.1513579276755,88.81052251232042,none,0
2025-02-25 19:00:00,AWS_004,23.394137131294464,1006.2698737305069,96.96919857243947,none,0
2025-02-25 20:00:00,AWS_004,21.440531644330026,1005.8254984161815,94.16368493236466,none,0
2025-02-25 21:00:00,AWS_004,20.342495419396993,1005.3104033171501,96.74155633294596,none,0
2025-02-25 22:00:00,AWS_004,19.10047457062429,1005.2363691726166,95.35919597438155,none,0
2025-02-25 23:00:00,AWS_004,18.571235562564148,1005.0947905768892,93.34433394410308,drift,1
2025-02-26 00:00:00,AWS_004,18.542591373304116,1004.9409677286496,94.04006624786679,drift,1
2025-02-26 01:00:00,AWS_004,19.38982402169129,1005.3830827641,100.0,drift,1
2025-02-26 02:00:00,AWS_004,20.216350072133693,1005.3760988211963,100.0,drift,1
2025-02-26 03:00:00,AWS_004,21.5460706728653,1005.4018800791165,94.96632578380267,drift,1
2025-02-26 04:00:00,AWS_004,22.967080684267376,1005.428869156856,97.24650470755851,drift,1
2025-02-26 05:00:00,AWS_004,26.011766887926786,1006.0626807667954,92.63464286088896,drift,1
2025-02-26 06:00:00,AWS_004,27.3230051894206,1006.0873576985651,93.82294224515444,drift,1
2025-02-26 07:00:00,AWS_004,28.531255687241835,1006.7313504010569,84.09612663728802,drift,1
2025-02-26 08:00:00,AWS_004,30.049841237046834,1006.7336669062379,87.79572767186707,drift,1
2025-02-26 09:00:00,AWS_004,32.53706023197823,1007.4267354565213,88.64728561404856,drift,1
2025-02-26 10:00:00,AWS_004,33.52790548914315,1007.0219898933414,87.39404575018715,drift,1
2025-02-26 11:00:00,AWS_004,34.24156456089552,1007.215316198858,89.48071234094276,drift,1
2025-02-26 12:00:00,AWS_004,35.24857452800218,1007.5554386958539,91.07048460170743,drift,1
2025-02-26 13:00:00,AWS_004,29.929912247885714,1007.2684864075926,89.23383639231069,none,0
2025-02-26 14:00:00,AWS_004,30.284667343468673,1007.4268751574191,83.8333637339216,none,0
2025-02-26 15:00:00,AWS_004,28.659352277344386,1007.144236311694,90.63578469061714,none,0
2025-02-26 16:00:00,AWS_004,26.983782138364855,1007.2020862286314,88.06060586006967,none,0
2025-02-26 17:00:00,AWS_004,25.334088328203556,1006.3166977994815,87.94819825073121,none,0
2025-02-26 18:00:00,AWS_004,25.102548932616582,1006.7277302736929,94.30909910381128,none,0
2025-02-26 19:00:00,AWS_004,22.668396681288133,1005.1135934983873,94.8977775382373,none,0
2025-02-26 20:00:00,AWS_004,21.298916401501888,1006.0694278072202,94.16898161912276,none,0
2025-02-26 21:00:00,AWS_004,20.29555489667672,1005.7268840039764,96.24767509924715,none,0
2025-02-26 22:00:00,AWS_004,18.904688289266854,1004.6441341086909,97.09568903247148,none,0
2025-02-26 23:00:00,AWS_004,18.139976804328242,1005.2125502166197,100.0,none,0
2025-02-27 00:00:00,AWS_004,18.1529007137765,1005.6242882518256,96.03952397857276,none,0
2025-02-27 01:00:00,AWS_004,18.756327655573433,1004.8820341553095,95.36651869443978,none,0
2025-02-27 02:00:00,AWS_004,19.256318830704178,1005.2826071842201,96.99895565997741,none,0
2025-02-27 03:00:00,AWS_004,19.871322910667367,1005.2853731119726,88.80881140020874,none,0
2025-02-27 04:00:00,AWS_004,27.261868111009882,1007.1051942344463,98.0,thermo_inconsistent,1
2025-02-27 05:00:00,AWS_004,23.506033095956965,1006.5290037085282,94.64696452316423,none,0
2025-02-27 06:00:00,AWS_004,24.879715412644646,1006.4363255324396,90.43531458936914,none,0
2025-02-27 07:00:00,AWS_004,25.874179311799136,1007.153063785478,90.0237416295702,none,0
2025-02-27 08:00:00,AWS_004,27.579229837285148,1007.1693705559844,84.16752221159439,none,0
2025-02-27 09:00:00,AWS_004,28.69048682270452,1007.0634436343882,91.0357091917621,none,0
2025-02-27 10:00:00,AWS_004,29.862126383342336,1007.5388701608653,87.42099338967306,none,0
2025-02-27 11:00:00,AWS_004,31.11554120692065,1007.4339134749166,86.1201480036936,none,0
2025-02-27 12:00:00,AWS_004,30.29234118543544,1007.7418828503603,90.20180808119868,none,0
2025-02-27 13:00:00,AWS_004,30.485969904828615,1007.2913410197881,81.80961687465417,none,0
2025-02-27 14:00:00,AWS_004,29.74358883468154,1007.0924209586593,84.94441490052704,none,0
2025-02-27 15:00:00,AWS_004,,,,dropout,1
2025-02-27 16:00:00,AWS_004,,,,dropout,1
2025-02-27 17:00:00,AWS_004,,,,dropout,1
2025-02-27 18:00:00,AWS_004,,,,dropout,1
2025-02-27 19:00:00,AWS_004,22.129498360929446,1005.7209906452366,97.58967363537579,none,0
2025-02-27 20:00:00,AWS_004,21.069947215707504,1005.7982167523882,95.69359335618879,none,0
2025-02-27 21:00:00,AWS_004,20.110733424946698,1005.5872526552871,90.70716079354392,none,0
2025-02-27 22:00:00,AWS_004,19.635028540811675,1005.7692186797417,96.84657329199456,none,0
2025-02-27 23:00:00,AWS_004,19.058037715944604,1005.1870008180189,91.83894285883189,none,0
2025-02-28 00:00:00,AWS_004,18.512898362556633,1005.0511047054725,100.0,none,0
2025-02-28 01:00:00,AWS_004,18.483239746852636,1005.0973755537569,94.90078297930076,none,0
2025-02-28 02:00:00,AWS_004,18.87559818189132,1004.8626216779231,97.75131673651009,none,0
2025-02-28 03:00:00,AWS_004,19.65300365874802,1005.6561204921284,96.88435538157486,none,0
2025-02-28 04:00:00,AWS_004,21.570906354661098,1006.0016759557288,97.1966588671343,none,0
2025-02-28 05:00:00,AWS_004,23.22219161665625,1006.383345035348,92.67990697363632,none,0
2025-02-28 06:00:00,AWS_004,24.51430985301058,1006.2457561481069,91.19967743581829,none,0
2025-02-28 07:00:00,AWS_004,25.674583538717787,1006.7478632045166,92.42744316288345,none,0
2025-02-28 08:00:00,AWS_004,27.137088618990035,1007.2380392584828,90.46075158803843,none,0
2025-02-28 09:00:00,AWS_004,29.4072995539805,1007.6474093462614,88.13046027219588,none,0
2025-02-28 10:00:00,AWS_004,29.90352331528083,1007.5961762538261,85.96153645894645,none,0
2025-02-28 11:00:00,AWS_004,30.18647929465625,1007.5413204656022,87.01807587355253,none,0
2025-02-28 12:00:00,AWS_004,30.934814195105982,1008.0187667750996,85.57037838170402,none,0
2025-02-28 13:00:00,AWS_004,30.41408050391202,1007.8044183037124,89.01816660716997,none,0
2025-02-28 14:00:00,AWS_004,29.125050850039933,1007.0532021629473,83.46342105844553,none,0
2025-02-28 15:00:00,AWS_004,28.913548378679753,1007.2495960719243,90.73100969548972,none,0
2025-02-28 16:00:00,AWS_004,27.677241215347415,1006.8126654545223,86.30534578484705,none,0
2025-02-28 17:00:00,AWS_004,26.63978286486425,1007.2691825712753,88.40740276202315,none,0
2025-02-28 18:00:00,AWS_004,24.278950439129787,1006.2465375000698,90.53404365021365,none,0
2025-02-28 19:00:00,AWS_004,23.321498235564018,1006.1207722054622,91.48654882316222,none,0
2025-02-28 20:00:00,AWS_004,21.862821115510872,1005.7408630323025,89.68207355167755,none,0
2025-02-28 21:00:00,AWS_004,29.928719525637604,990.7639449064181,98.0,multivariate_inconsistent,1
2025-02-28 22:00:00,AWS_004,19.403283376710718,1005.4530798848099,98.21887811595141,none,0
2025-02-28 23:00:00,AWS_004,18.80821144162317,1005.4234778260419,98.12075284789394,none,0
2025-03-01 00:00:00,AWS_004,18.542955477208682,1005.0613799746097,100.0,none,0
2025-03-01 01:00:00,AWS_004,18.860602784510508,1005.1014019883613,100.0,none,0
2025-03-01 02:00:00,AWS_004,19.673813063237212,1005.0651584840602,95.84125775662773,none,0
2025-03-01 03:00:00,AWS_004,20.322522452002357,1005.7989027851759,96.44583287379344,none,0
2025-03-01 04:00:00,AWS_004,21.34112627514241,1005.7774595206573,97.68811537621454,none,0
2025-03-01 05:00:00,AWS_004,22.896051893730323,1006.0489527416432,92.9137657846039,none,0
2025-03-01 06:00:00,AWS_004,24.480706430761582,1006.672105179587,92.17653136315603,none,0
2025-03-01 07:00:00,AWS_004,26.04719707733338,1006.8345854874374,91.39136162318086,none,0
2025-03-01 08:00:00,AWS_004,27.616091957843203,1007.3492313289507,88.55183128513143,none,0
2025-03-01 09:00:00,AWS_004,28.257735790469923,1007.513423944206,83.09501156676963,none,0
2025-03-01 10:00:00,AWS_004,29.946327522537352,1007.1689966347884,85.92495275932542,none,0
2025-03-01 11:00:00,AWS_004,31.190151509424936,1008.0304302585592,95.68536444376858,none,0
2025-03-01 12:00:00,AWS_004,30.971539732244736,1007.7721720270798,90.20502098378115,none,0
2025-03-01 13:00:00,AWS_004,30.193664187662012,1007.4197275353815,84.73175539956895,none,0
2025-03-01 14:00:00,AWS_004,29.23686434600089,1007.3738051417048,87.26814416748594,none,0
2025-03-01 15:00:00,AWS_004,28.778890709689783,1007.6669196605524,88.31599910277886,none,0
2025-03-01 16:00:00,AWS_004,27.516470536332342,1006.4350548456821,84.12298079819121,none,0
2025-03-01 17:00:00,AWS_004,26.1975275145228,1006.9343017443023,87.12010192657515,none,0
2025-03-01 18:00:00,AWS_004,24.266189712029096,1006.2920368296428,94.61664919328123,none,0
2025-03-01 19:00:00,AWS_004,22.72266937014412,1006.1471865593762,93.94652967530143,none,0
2025-03-01 20:00:00,AWS_004,21.881682528880063,1005.1862348287539,88.98217821051605,none,0
2025-03-01 21:00:00,AWS_004,20.281230350461783,1005.645115931276,93.72524131613146,none,0
2025-03-01 22:00:00,AWS_004,19.870219492965163,1005.4286941520903,93.53868489656381,none,0
2025-03-01 23:00:00,AWS_004,18.42303316802236,1006.1452820560681,94.611295151826,none,0
2025-03-02 00:00:00,AWS_004,17.977451753386266,1005.2563418868656,97.52494659002402,none,0
2025-03-02 01:00:00,AWS_004,19.037561346091334,1005.2636710048182,89.68892714154167,none,0
2025-03-02 02:00:00,AWS_004,19.077030086106937,1005.3806932899454,96.31990492015328,none,0
2025-03-02 03:00:00,AWS_004,20.104214215359622,1005.3429118269072,95.77912648152564,none,0
2025-03-02 04:00:00,AWS_004,21.93824064369666,1006.0610156124847,94.98550782512054,none,0
2025-03-02 05:00:00,AWS_004,22.946577186436787,1005.7159590685674,94.03966731947584,none,0
2025-03-02 06:00:00,AWS_004,24.959085608108172,1006.554448007755,93.99600168430833,none,0
2025-03-02 07:00:00,AWS_004,25.96790565272864,1006.5992115755803,91.24826897305113,none,0
2025-03-02 08:00:00,AWS_004,27.70976773681133,1006.9301117330546,90.92746682180659,none,0
2025-03-02 09:00:00,AWS_004,29.086256001532053,1007.0208862720214,87.3872614287772,none,0
2025-03-02 10:00:00,AWS_004,30.25017481062584,1007.1939021621778,84.8868811442479,frozen,1
2025-03-02 11:00:00,AWS_004,30.25017481062584,1007.1939021621778,84.8868811442479,frozen,1
2025-03-02 12:00:00,AWS_004,30.25017481062584,1007.1939021621778,84.8868811442479,frozen,1
2025-03-02 13:00:00,AWS_004,30.25017481062584,1007.1939021621778,84.8868811442479,frozen,1
2025-03-02 14:00:00,AWS_004,30.241684497611566,1007.3178782352311,87.51717359362188,none,0
2025-03-02 15:00:00,AWS_004,29.34153290975251,1007.2611818727145,86.89306020717305,none,0
2025-03-02 16:00:00,AWS_004,28.078115917035444,1006.9490013171833,88.17146365676454,none,0
2025-03-02 17:00:00,AWS_004,25.698877463373133,1006.5860284296208,92.94459855729096,none,0
2025-03-02 18:00:00,AWS_004,24.092025439851678,1006.6925237712613,91.49314496809554,none,0
2025-03-02 19:00:00,AWS_004,23.18941950277018,1006.2498380985775,96.42815134583884,none,0
2025-03-02 20:00:00,AWS_004,21.29338543194945,1005.5939086988568,92.50576387283795,none,0
2025-03-02 21:00:00,AWS_004,20.290472284200902,1005.5437884085273,91.10009328927372,none,0
2025-03-02 22:00:00,AWS_004,19.54734372164023,1005.1055983508157,92.84114575346975,none,0
2025-03-02 23:00:00,AWS_004,18.806848661470667,1005.0023515211508,95.92458442290791,none,0
2025-03-03 00:00:00,AWS_004,18.778950799869623,1005.3618569169361,90.72205489305881,none,0
2025-03-03 01:00:00,AWS_004,19.569324414054215,1005.549102174954,93.84282341616277,none,0
2025-03-03 02:00:00,AWS_004,19.095592090341416,1005.4349645481874,96.31788857606182,none,0
2025-03-03 03:00:00,AWS_004,20.529479722908984,1005.7290099391489,93.1351787302351,none,0
2025-03-03 04:00:00,AWS_004,21.457416682117533,1005.9865678297576,94.46000607214971,none,0
2025-03-03 05:00:00,AWS_004,23.032464128946852,1006.8438574280638,95.46918616740474,none,0
2025-03-03 06:00:00,AWS_004,24.297814666247096,1006.2069693227199,94.23290744028182,none,0
2025-03-03 07:00:00,AWS_004,26.457453215417576,1006.8802676747248,89.17822591479585,none,0
2025-03-03 08:00:00,AWS_004,27.60538236578394,1007.1350111877204,86.65047139895539,none,0
2025-03-03 09:00:00,AWS_004,29.638216744037216,1007.4448587543022,89.15566136975943,none,0
2025-03-03 10:00:00,AWS_004,30.331683739335432,1007.8305477008644,84.50004369883848,none,0
2025-03-03 11:00:00,AWS_004,29.955758715350495,1007.5725065738575,85.87022590149303,none,0
2025-03-03 12:00:00,AWS_004,30.997306265078382,1008.0748591484781,82.5364353841662,none,0
2025-03-03 13:00:00,AWS_004,30.45122146997536,1007.4491879753058,83.38383156828375,none,0
2025-03-03 14:00:00,AWS_004,29.85163515393477,1007.5915046700629,83.57247823522906,none,0
2025-03-03 15:00:00,AWS_004,29.462522835020188,1008.0183585441299,87.52235246171895,none,0
2025-03-03 16:00:00,AWS_004,28.644878433282454,1007.1158304476547,81.41388500739856,none,0
2025-03-03 17:00:00,AWS_004,25.87243960266798,1006.98529938069,94.92488244110572,none,0
2025-03-03 18:00:00,AWS_004,24.389490646529502,1006.7239006626721,94.79335049975927,none,0
2025-03-03 19:00:00,AWS_004,22.895843166145887,1006.2824933447257,94.35284250397682,none,0
2025-03-03 20:00:00,AWS_004,21.990612956913445,1006.6279702821852,95.24105586038165,none,0
2025-03-03 21:00:00,AWS_004,20.29876810353639,1005.8677221562118,97.04638133566738,none,0
2025-03-03 22:00:00,AWS_004,19.936311927166944,1005.3550051677433,97.98979488534782,none,0
2025-03-03 23:00:00,AWS_004,18.054686132424116,1005.6093861065158,98.80482411957993,none,0
2025-03-04 00:00:00,AWS_004,18.404136034018222,1005.5123762042425,88.01413014214502,none,0
2025-03-04 01:00:00,AWS_004,19.332529548705217,1005.2058826368688,95.4130810087159,none,0
2025-03-04 02:00:00,AWS_004,20.07382368818852,1005.6027627183568,99.0559715508972,none,0
2025-03-04 03:00:00,AWS_004,20.09155970614182,1005.6680613218198,100.0,none,0
2025-03-04 04:00:00,AWS_004,21.254703283170436,1005.8050801431084,93.22947593481787,none,0
2025-03-04 05:00:00,AWS_004,23.07513900644506,1006.4595403319372,90.29918242695106,none,0
2025-03-04 06:00:00,AWS_004,24.62733951426553,1006.6153679563926,89.61604884901206,none,0
2025-03-04 07:00:00,AWS_004,26.183572646866565,1007.1101999341624,87.93320502998994,none,0
2025-03-04 08:00:00,AWS_004,27.51786001881095,1007.4729307913949,87.03989524074699,none,0
2025-03-04 09:00:00,AWS_004,30.083015669194996,1007.0288216095498,86.91203478457847,none,0
2025-03-04 10:00:00,AWS_004,30.40593210062342,1007.1877876838088,88.69451019535462,none,0
2025-03-04 11:00:00,AWS_004,30.318655771021298,1007.435911214441,88.13661477322107,none,0
2025-03-04 12:00:00,AWS_004,30.56314278586639,1007.6908816053816,89.3477401659461,none,0
2025-03-04 13:00:00,AWS_004,30.63648692633695,1007.4737689402593,86.20714438792005,none,0
2025-03-04 14:00:00,AWS_004,30.24018654551328,1007.7118323944845,86.81581293168774,none,0
2025-03-04 15:00:00,AWS_004,29.747479487859692,1007.4126935218698,90.0288464637791,none,0
2025-03-04 16:00:00,AWS_004,28.34751512497757,1007.1366370361103,87.35895353246038,none,0
2025-03-04 17:00:00,AWS_004,26.52213019679757,1007.0454941992564,89.69111970582904,none,0
2025-03-04 18:00:00,AWS_004,24.67488841061538,1006.4901265020869,94.20198458267532,none,0
2025-03-04 19:00:00,AWS_004,23.730662522581287,1006.3175825297939,89.73282637243811,none,0
2025-03-04 20:00:00,AWS_004,22.216721603789207,1006.4890590146961,95.69143405535762,none,0
2025-03-04 21:00:00,AWS_004,20.25062984314748,1005.4260908701118,90.46998263890072,none,0
2025-03-04 22:00:00,AWS_004,19.01136665403662,1005.8167643123679,93.35386070941075,none,0
2025-03-04 23:00:00,AWS_004,18.97579009429569,1005.5214246673838,93.4654117207397,none,0
2025-03-05 00:00:00,AWS_004,18.993449478956684,1005.1670842250004,94.7723512950746,none,0
2025-03-05 01:00:00,AWS_004,19.008494271668884,1005.3928461852634,94.28864841166195,none,0
2025-03-05 02:00:00,AWS_004,19.457831196559475,1005.3647191389075,95.64707406817404,none,0
2025-03-05 03:00:00,AWS_004,20.255885063654343,1006.1683871630636,96.89784415302941,none,0
2025-03-05 04:00:00,AWS_004,22.47973987021241,1006.0537969007306,98.70985704165643,none,0
2025-03-05 05:00:00,AWS_004,23.27105504360843,1006.1590678800118,97.2200557928811,none,0
2025-03-05 06:00:00,AWS_004,24.489819158571528,1006.7557745282173,92.69036357680453,none,0
2025-03-05 07:00:00,AWS_004,26.01720059704972,1006.834588802068,92.18350382375293,none,0
2025-03-05 08:00:00,AWS_004,28.047653063772543,1007.3712513291111,86.76032389272284,none,0
2025-03-05 09:00:00,AWS_004,28.702294015870574,1007.0841579577201,91.97771207179127,none,0
2025-03-05 10:00:00,AWS_004,30.663781170506525,1007.9022360281792,85.7551699634895,none,0
2025-03-05 11:00:00,AWS_004,30.090201802946282,1007.0289296495769,89.01488892989316,none,0
2025-03-05 12:00:00,AWS_004,30.527661388772767,1007.4128844107482,83.1977897348171,none,0
2025-03-05 13:00:00,AWS_004,30.02544224430599,1007.292878823218,86.12899082253588,none,0
2025-03-05 14:00:00,AWS_004,30.29121902004114,1007.1705440145063,90.9284607892528,none,0
2025-03-05 15:00:00,AWS_004,28.519928988512252,1007.3798475589246,91.56990820871366,none,0
2025-03-05 16:00:00,AWS_004,27.29691966645265,1007.3275046267341,90.10557264540803,none,0
2025-03-05 17:00:00,AWS_004,26.66353691434731,1006.7869317699143,96.8456277690325,none,0
2025-03-05 18:00:00,AWS_004,25.306329084806933,1006.4073301017139,92.45372896927776,none,0
2025-03-05 19:00:00,AWS_004,23.08864143636916,1006.5140736913108,91.06071404859368,none,0
2025-03-05 20:00:00,AWS_004,22.446215388652252,1005.279195540012,91.11512719099728,none,0
2025-03-05 21:00:00,AWS_004,29.203774786020404,996.0448600235064,98.0,multivariate_inconsistent,1
2025-03-05 22:00:00,AWS_004,18.951454978829386,1005.416473329422,99.19403624920962,none,0
2025-03-05 23:00:00,AWS_004,19.38291927278925,1005.2527927929794,98.24441168911113,none,0
2025-03-06 00:00:00,AWS_004,19.532916296952045,1005.558109473073,98.29376944542483,none,0
2025-03-06 01:00:00,AWS_004,19.198680656169582,1005.2020072412276,96.45656779967717,none,0
2025-03-06 02:00:00,AWS_004,19.39040356792318,1005.4753682395234,100.0,none,0
2025-03-06 03:00:00,AWS_004,20.60108181036665,1005.3896671382075,93.72502737888779,none,0
2025-03-06 04:00:00,AWS_004,21.630874990857425,1005.9985485327911,94.32618851186041,none,0
2025-03-06 05:00:00,AWS_004,23.51462222651402,1006.0714510065644,99.88103123639573,none,0
2025-03-06 06:00:00,AWS_004,25.409044157020976,1006.4104627903804,96.67814320346514,none,0
2025-03-06 07:00:00,AWS_004,26.656910505501106,1006.7853448553178,86.58919123446591,none,0
2025-03-06 08:00:00,AWS_004,28.136085643783442,1007.1128253089105,90.4301450026968,none,0
2025-03-06 09:00:00,AWS_004,41.58102422908639,995.3562739001186,98.0,multivariate_inconsistent,1
2025-03-06 10:00:00,AWS_004,30.245834095659852,1007.6521848445046,84.45425513163991,none,0
2025-03-06 11:00:00,AWS_004,31.34161796632613,1007.3179055250912,87.26894074473422,none,0
2025-03-06 12:00:00,AWS_004,30.582986945062643,1007.7148155481171,90.30666090772553,none,0
2025-03-06 13:00:00,AWS_004,30.573599679146227,1007.5601825111311,88.3815195735756,none,0
2025-03-06 14:00:00,AWS_004,30.543593313008174,1007.5818710036865,90.23335294069098,none,0
2025-03-06 15:00:00,AWS_004,29.81091490697663,1007.0788868414272,86.14087577634787,none,0
2025-03-06 16:00:00,AWS_004,28.48571222729395,1007.1649691146342,86.86228687025437,none,0
2025-03-06 17:00:00,AWS_004,26.968945477848546,1007.1956575781339,92.55867881754772,none,0
2025-03-06 18:00:00,AWS_004,25.163657455552503,1006.8522297534458,86.4304899959043,none,0
2025-03-06 19:00:00,AWS_004,23.816173722450582,1006.8718223543585,92.63805467493881,none,0
2025-03-06 20:00:00,AWS_004,22.48141373245142,1006.1129677085494,96.9969055028975,none,0
2025-03-06 21:00:00,AWS_004,20.771847913811943,1005.6565840470408,94.42460827309348,none,0
2025-03-06 22:00:00,AWS_004,19.110474961327004,1005.6583654052433,97.86850334772666,none,0
2025-03-06 23:00:00,AWS_004,18.91230853496722,1004.7056053203321,97.30533093744806,none,0
2025-03-07 00:00:00,AWS_004,19.861106022467744,1005.0838049899746,97.03993922889433,none,0
2025-03-07 01:00:00,AWS_004,19.248176858452155,1005.58556395108,92.00831041892488,none,0
2025-03-07 02:00:00,AWS_004,19.757252825323192,1005.7752825737002,98.36285405111157,none,0
2025-03-07 03:00:00,AWS_004,20.512472757637145,1005.3336925149795,96.69684991624267,none,0
2025-03-07 04:00:00,AWS_004,22.142589588146812,1005.7095678685594,98.77969848454018,none,0
2025-03-07 05:00:00,AWS_004,23.284115595235185,1006.6425533381048,89.06674711805496,none,0
2025-03-07 06:00:00,AWS_004,25.453497746915613,1006.4370569969508,85.42034837415353,none,0
2025-03-07 07:00:00,AWS_004,26.8147646915613,1007.2975465794192,91.49438074470532,none,0
2025-03-07 08:00:00,AWS_004,27.30764299036542,1006.9710306743959,88.41938849174979,none,0
2025-03-07 09:00:00,AWS_004,29.030313291308584,1007.5873718576701,96.32237355914621,none,0
2025-03-07 10:00:00,AWS_004,30.219462223517297,1007.9987016348604,89.02082787369524,none,0
2025-03-07 11:00:00,AWS_004,30.62446497430984,1007.5619678914296,86.07956585837005,none,0
2025-03-07 12:00:00,AWS_004,30.988879503821096,1007.8111155411261,84.88845972154344,none,0
2025-03-07 13:00:00,AWS_004,31.00325161183797,1008.2083279669897,89.56729952796813,none,0
2025-03-07 14:00:00,AWS_004,30.119174725064113,1008.2365870186513,85.73768860634907,none,0
2025-03-07 15:00:00,AWS_004,28.878867906066674,1007.7376373627076,88.3420084076323,none,0
2025-03-07 16:00:00,AWS_004,28.14164300959617,1006.9447207451185,90.81181848312299,none,0
2025-03-07 17:00:00,AWS_004,26.463407272188114,1007.3507094008803,94.05557311259155,none,0
2025-03-07 18:00:00,AWS_004,24.786067163266413,1006.2906333170084,93.07411143779817,none,0
2025-03-07 19:00:00,AWS_004,23.256031127908432,1006.3246853609098,93.00165663741282,none,0
2025-03-07 20:00:00,AWS_004,22.79487246848899,1005.8974598306331,90.16509175605613,frozen,1
2025-03-07 21:00:00,AWS_004,22.79487246848899,1005.8974598306331,90.16509175605613,frozen,1
2025-03-07 22:00:00,AWS_004,22.79487246848899,1005.8974598306331,90.16509175605613,frozen,1
2025-03-07 23:00:00,AWS_004,22.79487246848899,1005.8974598306331,90.16509175605613,frozen,1
2025-03-08 00:00:00,AWS_004,22.79487246848899,1005.8974598306331,90.16509175605613,frozen,1
2025-03-08 01:00:00,AWS_004,22.79487246848899,1005.8974598306331,90.16509175605613,frozen,1
2025-03-08 02:00:00,AWS_004,22.79487246848899,1005.8974598306331,90.16509175605613,frozen,1
2025-03-08 03:00:00,AWS_004,22.79487246848899,1005.8974598306331,90.16509175605613,frozen,1
2025-03-08 04:00:00,AWS_004,22.03891776519354,1006.3525281132738,93.6255294196679,none,0
2025-03-08 05:00:00,AWS_004,23.26594604317883,1006.8036930348334,91.08313184915914,none,0
2025-03-08 06:00:00,AWS_004,25.543821312791557,1006.796773475347,91.77480720528585,none,0
2025-03-08 07:00:00,AWS_004,26.75505323840982,1006.8448087975253,91.475451027393,none,0
2025-03-08 08:00:00,AWS_004,28.116928705790645,1007.6046834806775,84.2890688355527,none,0
2025-03-08 09:00:00,AWS_004,29.422652042454224,1007.9440763401414,85.48192356831092,none,0
2025-03-08 10:00:00,AWS_004,30.251528672090984,1007.6244320775066,81.835265627611,drift,1
2025-03-08 11:00:00,AWS_004,31.182781110004868,1008.6154525877467,81.54738581693836,drift,1
2025-03-08 12:00:00,AWS_004,30.828158422941755,1009.5491216316394,85.92285376614568,drift,1
2025-03-08 13:00:00,AWS_004,30.601505343613482,1010.2197493581682,83.33473684593001,drift,1
2025-03-08 14:00:00,AWS_004,30.449643516465432,1010.637566499762,88.0067128113278,drift,1
2025-03-08 15:00:00,AWS_004,28.86894834284142,1011.1049154317799,91.59337871378912,drift,1
2025-03-08 16:00:00,AWS_004,27.739613972709463,1011.5011373926725,90.50039781965718,drift,1
2025-03-08 17:00:00,AWS_004,26.78542827475077,1011.9033701686602,93.12530774613961,drift,1
2025-03-08 18:00:00,AWS_004,25.94488351798881,1012.715753983355,89.95643638787416,drift,1
2025-03-08 19:00:00,AWS_004,23.574211455022336,1012.9644341885661,94.67190503045963,drift,1
2025-03-08 20:00:00,AWS_004,22.31294801275382,1013.5696290343006,95.67570583134523,drift,1
2025-03-08 21:00:00,AWS_004,20.45824758347852,1014.8143493147994,94.30262708078187,drift,1
2025-03-08 22:00:00,AWS_004,19.763392352306987,1014.7263083230553,94.893412230659,drift,1
2025-03-08 23:00:00,AWS_004,20.18256627742992,1005.6357925358367,95.47055540236218,none,0
2025-03-09 00:00:00,AWS_004,19.22862294058083,1005.7818258536252,99.86946794838752,none,0
2025-03-09 01:00:00,AWS_004,19.470404390657684,1005.538108066067,95.7273626021153,none,0
2025-03-09 02:00:00,AWS_004,19.70006338709836,1005.4394100275174,98.35089275114665,none,0
2025-03-09 03:00:00,AWS_004,21.292215879519663,1006.5772499527175,97.91590795311231,none,0
2025-03-09 04:00:00,AWS_004,22.381348761872413,1005.8648009475392,98.48203905900331,none,0
2025-03-09 05:00:00,AWS_004,23.967037450131134,1006.1575578625735,94.7483758867538,none,0
2025-03-09 06:00:00,AWS_004,25.542299790387997,1007.1914054352263,88.97651326413164,none,0
2025-03-09 07:00:00,AWS_004,26.594177888001553,1006.8426444787299,89.3667461945134,none,0
2025-03-09 08:00:00,AWS_004,27.916636531995028,1007.838755350246,88.25089378804469,none,0
2025-03-09 09:00:00,AWS_004,29.41133097170851,1007.9011092675902,93.12371497193396,none,0
2025-03-09 10:00:00,AWS_004,30.426938944641208,1007.6568371069867,87.66255196197115,none,0
2025-03-09 11:00:00,AWS_004,31.23801369027668,1008.3281834062537,85.51148382014476,none,0
2025-03-09 12:00:00,AWS_004,31.15966363935266,1008.0186117755827,90.36356162904731,none,0
2025-03-09 13:00:00,AWS_004,30.377396435794328,1007.8990768632875,85.78688842438392,none,0
2025-03-09 14:00:00,AWS_004,31.07504636550333,1007.6614541272104,85.81147366183409,none,0
2025-03-09 15:00:00,AWS_004,29.763190223952364,1006.9966974511735,85.95373211154299,none,0
2025-03-09 16:00:00,AWS_004,27.73118170107272,1007.0396635709772,88.64764271322953,none,0
2025-03-09 17:00:00,AWS_004,27.48468463444527,1007.3565934036676,90.22070883088665,none,0
2025-03-09 18:00:00,AWS_004,24.74821841630943,1006.9102575814193,93.30658324170545,none,0
2025-03-09 19:00:00,AWS_004,22.988115428165287,1006.7848227246415,88.28822552716947,none,0
2025-03-09 20:00:00,AWS_004,21.729215854047613,1006.1539531130945,97.37953895156468,none,0
2025-03-09 21:00:00,AWS_004,21.535961346825456,1005.9838449155029,92.62105685920936,none,0
2025-03-09 22:00:00,AWS_004,20.11524898865362,1006.213959717887,89.87353552262869,none,0
2025-03-09 23:00:00,AWS_004,19.2542267567222,1006.021761433266,97.74841640001159,none,0
2025-03-10 00:00:00,AWS_004,19.166510827827658,1005.8537684164589,96.91375632843173,none,0
2025-03-10 01:00:00,AWS_004,19.867577909204382,1006.1641586825548,92.00455140153484,none,0
2025-03-10 02:00:00,AWS_004,19.817457389816614,1005.8977033523447,100.0,none,0
2025-03-10 03:00:00,AWS_004,21.180659172243654,1006.284460987822,94.45450224713227,none,0
2025-03-10 04:00:00,AWS_004,22.28035789373012,1005.6033805634237,93.5981645469952,none,0
2025-03-10 05:00:00,AWS_004,23.72660644177102,1006.5236668458783,94.83255303025484,none,0
2025-03-10 06:00:00,AWS_004,25.595762874231756,1006.8752113507092,91.80922790682615,none,0
2025-03-10 07:00:00,AWS_004,,,,dropout,1
2025-03-10 08:00:00,AWS_004,,,,dropout,1
2025-03-10 09:00:00,AWS_004,,,,dropout,1
2025-03-10 10:00:00,AWS_004,,,,dropout,1
2025-03-10 11:00:00,AWS_004,30.872925001524962,1008.4668091118582,88.54544303077986,none,0
2025-03-10 12:00:00,AWS_004,31.46928392492408,1007.2586445418971,90.56983655733116,drift,1
2025-03-10 13:00:00,AWS_004,32.1042987632936,1008.0477473037629,88.34891476242996,drift,1
2025-03-10 14:00:00,AWS_004,30.346585984867147,1008.9035106758953,81.89793815812362,drift,1
2025-03-10 15:00:00,AWS_004,29.982829858417634,1010.2658908794792,82.9458876813394,drift,1
2025-03-10 16:00:00,AWS_004,28.043399407268115,1010.0110117079155,85.28252028868577,drift,1
2025-03-10 17:00:00,AWS_004,27.094911151910864,1010.6531827608352,80.42189738404093,drift,1
2025-03-10 18:00:00,AWS_004,25.775647664083415,1010.9889348303624,87.12481066031896,drift,1
2025-03-10 19:00:00,AWS_004,23.85665995361851,1011.2801043267943,86.4357825821498,drift,1
2025-03-10 20:00:00,AWS_004,22.419339338209895,1012.0729831110829,90.02435535528691,drift,1
2025-03-10 21:00:00,AWS_004,20.960860606637468,1012.7621304169672,96.52292951646207,drift,1
2025-03-10 22:00:00,AWS_004,20.294442626865447,1013.3232251457117,92.63597783302093,drift,1
2025-03-10 23:00:00,AWS_004,19.716940864182405,1013.981075708277,97.33654945338391,drift,1
2025-03-11 00:00:00,AWS_004,19.716675891681298,1013.8489292338853,95.25705489573978,drift,1
2025-03-11 01:00:00,AWS_004,19.56598386041572,1014.9861201298504,98.02848326137969,drift,1
2025-03-11 02:00:00,AWS_004,20.01482158446644,1006.0762205542702,96.17147617618684,none,0
2025-03-11 03:00:00,AWS_004,21.04185342344574,1006.2378102008933,96.00138991056684,none,0
2025-03-11 04:00:00,AWS_004,22.342002198240934,1006.2618401757741,90.52931081963193,none,0
2025-03-11 05:00:00,AWS_004,24.043866149114933,1006.2503191861164,89.92679445129093,none,0
2025-03-11 06:00:00,AWS_004,25.81318869948588,1006.6592163324119,90.22852418720471,none,0
2025-03-11 07:00:00,AWS_004,26.5724572588289,1007.36526814983,90.85514802837807,none,0
2025-03-11 08:00:00,AWS_004,28.779615937637303,1007.843854170327,86.36106216837072,none,0
2025-03-11 09:00:00,AWS_004,29.728606020773153,1007.2974968176758,89.7617641687879,drift,1
2025-03-11 10:00:00,AWS_004,30.809099016370556,1008.5303555560018,91.11843157332267,drift,1
2025-03-11 11:00:00,AWS_004,32.09808296475566,1007.7151564508081,87.35278983579742,drift,1
2025-03-11 12:00:00,AWS_004,32.61325252857921,1008.0933853657805,88.21468695642534,drift,1
2025-03-11 13:00:00,AWS_004,32.9130990770476,1007.6893455242895,89.06263549804981,drift,1
2025-03-11 14:00:00,AWS_004,33.22553036795334,1007.5284178453096,85.84071800426929,drift,1
2025-03-11 15:00:00,AWS_004,33.070561243457064,1007.7012977916783,89.96442979485077,drift,1
2025-03-11 16:00:00,AWS_004,32.18158854332216,1007.5680121948932,86.00047601650672,drift,1
2025-03-11 17:00:00,AWS_004,31.624236208460236,1007.0064590663239,88.12829856869227,drift,1
2025-03-11 18:00:00,AWS_004,30.599878421158355,1006.9051089089148,86.91040259052328,drift,1
2025-03-11 19:00:00,AWS_004,29.5981455980342,1006.8156750159659,91.88899372283025,drift,1
2025-03-11 20:00:00,AWS_004,28.68545946407029,1006.0945288958675,91.5587821683275,drift,1
2025-03-11 21:00:00,AWS_004,27.971351778542306,1006.1000701220115,90.00372630771638,drift,1
2025-03-11 22:00:00,AWS_004,26.692863293634232,1005.9954801311602,94.68562225729427,drift,1
2025-03-11 23:00:00,AWS_004,27.482920840347525,1006.3139999015071,93.71024000332015,drift,1
2025-03-12 00:00:00,AWS_004,27.016470479275796,1005.7440649155996,93.51875555745542,drift,1
2025-03-12 01:00:00,AWS_004,28.914263856043313,1006.2957549135358,100.0,drift,1
2025-03-12 02:00:00,AWS_004,29.36656929244961,1005.8020423102279,99.08368847244122,drift,1
2025-03-12 03:00:00,AWS_004,30.96740686783877,1006.3644704257401,93.07240462803799,drift,1
2025-03-12 04:00:00,AWS_004,32.60900377549145,1006.217629630603,90.14837351844719,drift,1
2025-03-12 05:00:00,AWS_004,35.18194667958774,1006.6816235174152,94.61914380253774,drift,1
2025-03-12 06:00:00,AWS_004,36.707077838264325,1006.9090352109108,87.47141179082753,drift,1
2025-03-12 07:00:00,AWS_004,39.07574358410412,1007.2811286497508,92.66430099724745,drift,1
2025-03-12 08:00:00,AWS_004,40.83290656044239,1007.932586380841,86.65315213358143,frozen,1
2025-03-12 09:00:00,AWS_004,40.83290656044239,1007.932586380841,86.65315213358143,frozen,1
2025-03-12 10:00:00,AWS_004,40.83290656044239,1007.932586380841,86.65315213358143,frozen,1
2025-03-12 11:00:00,AWS_004,40.83290656044239,1007.932586380841,86.65315213358143,frozen,1
2025-03-12 12:00:00,AWS_004,40.83290656044239,1007.932586380841,86.65315213358143,frozen,1
2025-03-12 13:00:00,AWS_004,30.923587582262225,1008.2270979521516,92.56241561345561,none,0
2025-03-12 14:00:00,AWS_004,30.574141038909147,1007.9981006721862,86.55807199837727,none,0
2025-03-12 15:00:00,AWS_004,29.441730691939863,1007.7210231235,87.41888613493647,none,0
2025-03-12 16:00:00,AWS_004,28.011797998800724,1007.5424180393343,87.27883244458583,none,0
2025-03-12 17:00:00,AWS_004,26.81604752936987,1007.6743860639746,88.92546103785193,none,0
2025-03-12 18:00:00,AWS_004,24.502450826168044,1007.2943965972298,92.85451594716515,none,0
2025-03-12 19:00:00,AWS_004,23.81145131414925,1006.3200270175716,90.34852932721753,none,0
2025-03-12 20:00:00,AWS_004,22.581576618745455,1006.2813332742064,86.84026162222719,none,0
2025-03-12 21:00:00,AWS_004,20.864535067038876,1006.1555911141577,91.23253310414822,none,0
2025-03-12 22:00:00,AWS_004,20.314410150338503,1005.7826485751266,96.1527136859273,none,0
2025-03-12 23:00:00,AWS_004,19.94080697836627,1005.9670506686316,96.93838000282358,none,0
2025-03-13 00:00:00,AWS_004,19.048075392656127,1005.9799974262318,94.02999655826707,none,0
2025-03-13 01:00:00,AWS_004,20.248570801586375,1005.8636627650455,94.75214296404826,none,0
2025-03-13 02:00:00,AWS_004,19.995219778705383,1006.0285173491636,94.51010559179643,none,0
2025-03-13 03:00:00,AWS_004,21.448286515443574,1005.8431606111833,95.45751171204391,none,0
2025-03-13 04:00:00,AWS_004,22.5163012508547,1006.2538932199542,95.11945852375663,none,0
2025-03-13 05:00:00,AWS_004,24.33457707622977,1006.2895900521622,88.25588733310082,none,0
2025-03-13 06:00:00,AWS_004,25.31722631874488,1007.360811921462,90.58701438234337,none,0
2025-03-13 07:00:00,AWS_004,36.05862564850432,989.6861852077545,98.0,multivariate_inconsistent,1
2025-03-13 08:00:00,AWS_004,28.83553474332097,1007.8866869215607,88.81087779740228,none,0
2025-03-13 09:00:00,AWS_004,30.26725725903286,1008.1414520908904,85.62139141332928,none,0
2025-03-13 10:00:00,AWS_004,30.85341941121001,1007.9098806678214,85.19779906181301,none,0
2025-03-13 11:00:00,AWS_004,31.64033799555132,1008.0868915020357,89.52064304410281,none,0
2025-03-13 12:00:00,AWS_004,30.98275446156341,1007.8370702261377,82.38171304153042,none,0
2025-03-13 13:00:00,AWS_004,30.93674064187312,1008.2716353446679,81.64536873691291,none,0
2025-03-13 14:00:00,AWS_004,30.66013936191188,1008.2389922865657,90.37853827356946,none,0
2025-03-13 15:00:00,AWS_004,29.877220278353036,1007.2078266023564,85.58789886189807,none,0
2025-03-13 16:00:00,AWS_004,28.714654277258216,1007.5585912729327,91.64212270486074,none,0
2025-03-13 17:00:00,AWS_004,27.578521198159955,1007.5907262570064,83.35975614433232,none,0
2025-03-13 18:00:00,AWS_004,25.552478767876842,1007.052107974579,85.39800673030209,none,0
2025-03-13 19:00:00,AWS_004,24.215484453610703,1006.8030457185163,97.44856209258069,none,0
2025-03-13 20:00:00,AWS_004,22.7409528047536,1005.9542546203551,89.19231482178363,none,0
2025-03-13 21:00:00,AWS_004,21.016739489412473,1005.7918276754098,97.326853830085,none,0
2025-03-13 22:00:00,AWS_004,19.65254732053918,1005.8653354541243,98.25847592516489,none,0
2025-03-13 23:00:00,AWS_004,19.69887330583736,1005.7849733174545,96.76366353985644,none,0
2025-03-14 00:00:00,AWS_004,19.45647679135625,1005.6117561014083,97.20611688516615,frozen,1
2025-03-14 01:00:00,AWS_004,19.45647679135625,1005.6117561014083,97.20611688516615,frozen,1
2025-03-14 02:00:00,AWS_004,19.45647679135625,1005.6117561014083,97.20611688516615,frozen,1
2025-03-14 03:00:00,AWS_004,19.45647679135625,1005.6117561014083,97.20611688516615,frozen,1
2025-03-14 04:00:00,AWS_004,19.45647679135625,1005.6117561014083,97.20611688516615,frozen,1
2025-03-14 05:00:00,AWS_004,19.45647679135625,1005.6117561014083,97.20611688516615,frozen,1
2025-03-14 06:00:00,AWS_004,25.77299877152017,1007.4593431445589,90.2710123791183,none,0
2025-03-14 07:00:00,AWS_004,27.665396678694268,1007.0494686806989,92.37176972451141,none,0
2025-03-14 08:00:00,AWS_004,28.10818368297584,1008.0915392729927,88.74167227126429,none,0
2025-03-14 09:00:00,AWS_004,29.749380083650426,1007.8097153798888,86.3717905030798,none,0
2025-03-14 10:00:00,AWS_004,30.28909832131647,1008.7119312348453,90.01705066218497,none,0
2025-03-14 11:00:00,AWS_004,31.008966838183397,1008.020365246995,90.26446784236103,none,0
2025-03-14 12:00:00,AWS_004,31.847945044040443,1008.4980402395947,90.01963133187385,none,0
2025-03-14 13:00:00,AWS_004,31.531476756915914,1008.2922610908179,84.36805939695334,none,0
2025-03-14 14:00:00,AWS_004,30.61125861246138,1008.177514147482,90.54186212391289,none,0
2025-03-14 15:00:00,AWS_004,29.84302556134694,1008.0557950311861,84.30206106754804,none,0
2025-03-14 16:00:00,AWS_004,29.10831375978152,1007.532081002181,89.98556802483103,none,0
2025-03-14 17:00:00,AWS_004,26.8264056813563,1007.0906750582881,87.86457604534712,none,0
2025-03-14 18:00:00,AWS_004,25.950709725176395,1007.375077690039,94.26038659408587,none,0
2025-03-14 19:00:00,AWS_004,24.070573890133407,1006.694190516785,90.18465261296038,none,0
2025-03-14 20:00:00,AWS_004,21.74859022801638,1006.5058936903062,91.41371194824092,none,0
2025-03-14 21:00:00,AWS_004,21.695387534995735,1006.4794572474531,93.23831546163923,none,0
2025-03-14 22:00:00,AWS_004,21.1402218252191,1006.325722054287,93.5755937797348,none,0
2025-03-14 23:00:00,AWS_004,19.650287513858398,1006.0069125464515,96.91688898674671,none,0
2025-03-15 00:00:00,AWS_004,19.512692183417936,1005.9602994619603,91.57852890980816,none,0
2025-03-15 01:00:00,AWS_004,19.553863645919705,1005.7391603384988,95.93161514983643,none,0
2025-03-15 02:00:00,AWS_004,20.499301563173002,1005.5251681712056,95.80333663310618,none,0
2025-03-15 03:00:00,AWS_004,21.454007967403765,1007.0440019224181,97.0143838215025,none,0
2025-03-15 04:00:00,AWS_004,23.112043271872157,1006.4012090070805,89.39091762689041,none,0
2025-03-15 05:00:00,AWS_004,24.34828148260968,1006.7587489028369,93.59653150869964,none,0
2025-03-15 06:00:00,AWS_004,,,,dropout,1
2025-03-15 07:00:00,AWS_004,,,,dropout,1
2025-03-15 08:00:00,AWS_004,,,,dropout,1
2025-03-15 09:00:00,AWS_004,29.810495342045513,1008.140566550107,88.32395756875202,none,0
2025-03-15 10:00:00,AWS_004,30.78892699026705,1008.1817591539602,83.2388287778345,none,0
2025-03-15 11:00:00,AWS_004,31.765083422310333,1008.0467049673863,87.6727393635485,none,0
2025-03-15 12:00:00,AWS_004,32.03794309677957,1008.8084095582637,79.02683270885069,none,0
2025-03-15 13:00:00,AWS_004,31.279089592883714,1008.2455838056338,85.13236402335025,none,0
2025-03-15 14:00:00,AWS_004,30.734729024338055,1008.1395370416408,88.30043481925232,none,0
2025-03-15 15:00:00,AWS_004,30.845831680816765,1007.6559724379144,86.96676285145807,none,0
2025-03-15 16:00:00,AWS_004,28.152053991729847,1007.3017816826607,86.42392093544926,none,0
2025-03-15 17:00:00,AWS_004,27.396816960167076,1007.5171224742696,86.60873513084722,none,0
2025-03-15 18:00:00,AWS_004,25.58960066695397,1006.879506197234,89.13662273333368,none,0
2025-03-15 19:00:00,AWS_004,24.863873175995998,1006.498355968935,91.07504310904761,none,0
2025-03-15 20:00:00,AWS_004,22.575872852523677,1006.3383103434517,100.0,none,0
2025-03-15 21:00:00,AWS_004,21.303113130561638,1006.0989426367398,95.09601451179057,none,0
2025-03-15 22:00:00,AWS_004,20.544655026038864,1006.0086748250967,99.36045745258207,none,0
2025-03-15 23:00:00,AWS_004,19.682322344237267,1005.8048159382099,95.84449268760855,none,0
2025-03-16 00:00:00,AWS_004,20.17053460140118,1005.9804397121334,100.0,none,0
2025-03-16 01:00:00,AWS_004,20.312612353120635,1005.8764100800578,95.43114199465333,none,0
2025-03-16 02:00:00,AWS_004,20.778255381358253,1005.9612167373375,98.43976984279468,none,0
2025-03-16 03:00:00,AWS_004,21.811362443531717,1006.2514045800274,90.17662154752279,none,0
2025-03-16 04:00:00,AWS_004,22.530651263043794,1006.4405231290613,89.90471627390255,none,0
2025-03-16 05:00:00,AWS_004,24.070081027671815,1006.7318278408027,89.90111239880106,none,0
2025-03-16 06:00:00,AWS_004,26.073173133442594,1007.109329769565,91.11581533943836,none,0
2025-03-16 07:00:00,AWS_004,27.174645926266727,1007.600980985446,87.84485567340053,none,0
2025-03-16 08:00:00,AWS_004,28.657611309852427,1007.1918513359767,91.01493251307454,none,0
2025-03-16 09:00:00,AWS_004,29.554736410300922,1008.1214659780201,92.1425833117403,none,0
2025-03-16 10:00:00,AWS_004,30.825454722705864,1008.0943382596813,89.9849127669123,none,0
2025-03-16 11:00:00,AWS_004,31.44235620883534,1008.1791907548221,84.73322694933648,none,0
2025-03-16 12:00:00,AWS_004,31.803061940319733,1007.9452032158184,90.714373167216,none,0
2025-03-16 13:00:00,AWS_004,31.649756446531512,1008.3099797143849,84.58360036805361,none,0
2025-03-16 14:00:00,AWS_004,30.78322111332619,1007.7494332588728,89.48362454515367,none,0
2025-03-16 15:00:00,AWS_004,30.302379709962906,1008.0106075147626,87.07906282852196,none,0
2025-03-16 16:00:00,AWS_004,28.833423415850827,1007.6168161663285,87.63777473394241,none,0
2025-03-16 17:00:00,AWS_004,27.51149098479288,1007.4408020404659,85.472092638091,none,0
2025-03-16 18:00:00,AWS_004,25.826017769301796,1007.1395699738197,91.86528498219027,none,0
2025-03-16 19:00:00,AWS_004,24.043865416841648,1006.8477647810184,96.66664141458617,none,0
2025-03-16 20:00:00,AWS_004,22.89200294568222,1007.183551408442,94.36342740603237,none,0
2025-03-16 21:00:00,AWS_004,21.49740948656696,1006.3312900859271,95.13336464256491,none,0
2025-03-16 22:00:00,AWS_004,20.46870983810346,1005.9722266353725,94.88981988813578,none,0
2025-03-16 23:00:00,AWS_004,19.776587033282397,1005.7188260695066,95.47465288970014,none,0
2025-03-17 00:00:00,AWS_004,18.840048624920982,1006.1651103850035,95.6646380390558,none,0
2025-03-17 01:00:00,AWS_004,20.585330594754513,1005.8582392957096,87.76542320476634,none,0
2025-03-17 02:00:00,AWS_004,20.816245520097084,1006.3631627827766,93.60880251686034,none,0
2025-03-17 03:00:00,AWS_004,22.11989481757989,1006.2925915185489,89.16112051433684,none,0
2025-03-17 04:00:00,AWS_004,22.811458194345803,1006.3213649177238,92.95068645014986,none,0
2025-03-17 05:00:00,AWS_004,24.539077095441417,1006.339648482539,93.05413602061108,none,0
2025-03-17 06:00:00,AWS_004,25.68993040036489,1007.6702451558103,86.95529855640123,none,0
2025-03-17 07:00:00,AWS_004,26.79281507601674,1007.2456189870243,88.51072186370455,none,0
2025-03-17 08:00:00,AWS_004,29.338658394404018,1007.6325111112425,86.38777337952126,none,0
2025-03-17 09:00:00,AWS_004,30.359486065113455,1007.5851793181504,87.39181180792968,none,0
2025-03-17 10:00:00,AWS_004,31.67396245891454,1008.1488762176509,89.76489025538554,none,0
2025-03-17 11:00:00,AWS_004,31.92068601239177,1008.3575235353575,83.9437067308043,none,0
2025-03-17 12:00:00,AWS_004,32.47680718848994,1008.3596017448596,86.17595264482209,none,0
2025-03-17 13:00:00,AWS_004,30.856832623114002,1008.866265460814,90.05490751681614,none,0
2025-03-17 14:00:00,AWS_004,31.733154029035713,1008.182360375553,87.29431784749475,none,0
2025-03-17 15:00:00,AWS_004,30.061829899828428,1008.1266839298596,87.54001646236789,none,0
2025-03-17 16:00:00,AWS_004,29.15297161802078,1008.2819213805176,93.72668094566444,none,0
2025-03-17 17:00:00,AWS_004,27.07981237283218,1008.1160805691535,86.5782169480646,none,0
2025-03-17 18:00:00,AWS_004,25.51558005627191,1007.2244315878285,87.40262158645183,none,0
2025-03-17 19:00:00,AWS_004,25.043613016294312,1006.9329625599645,87.47558227711215,none,0
2025-03-17 20:00:00,AWS_004,22.213907769106513,1006.3140786737948,96.19716831730533,none,0
2025-03-17 21:00:00,AWS_004,21.920087469356726,1007.1388698419637,92.78965767256717,none,0
2025-03-17 22:00:00,AWS_004,20.90746721975726,1006.5753528036887,93.70681775234951,none,0
2025-03-17 23:00:00,AWS_004,-4.666339754294157,1006.4790186491755,92.88190880554957,spike,1
2025-03-18 00:00:00,AWS_004,19.575577819038152,1005.9469482110308,98.22633376101548,none,0
2025-03-18 01:00:00,AWS_004,20.294036789872777,1006.0889331842598,99.70967072167733,none,0
2025-03-18 02:00:00,AWS_004,20.398912134043158,1006.0038083445955,95.2080351594009,none,0
2025-03-18 03:00:00,AWS_004,21.400365097630555,1006.4177550848111,98.8336018051156,none,0
2025-03-18 04:00:00,AWS_004,22.76245336154718,1006.5606690128035,93.36834032374063,none,0
2025-03-18 05:00:00,AWS_004,24.804771904705625,1006.9245630052528,93.76615711523915,none,0
2025-03-18 06:00:00,AWS_004,25.905340243809537,1007.1897686346769,90.12735040004445,none,0
2025-03-18 07:00:00,AWS_004,27.483833474242733,1007.4628341722107,86.63667987617853,none,0
2025-03-18 08:00:00,AWS_004,29.204700078481043,1008.1502625132491,90.94740922276475,none,0
2025-03-18 09:00:00,AWS_004,30.537539306218214,1007.9692409893565,91.6658303205969,none,0
2025-03-18 10:00:00,AWS_004,30.855110649881084,1008.1227070623657,91.02603581442969,none,0
2025-03-18 11:00:00,AWS_004,32.39179926918719,1008.2891477465708,88.49242132033395,none,0
2025-03-18 12:00:00,AWS_004,32.10839474794614,1008.4828164511912,89.46056618024889,none,0
2025-03-18 13:00:00,AWS_004,31.793397756577736,1007.716233715702,86.9881423035268,none,0
2025-03-18 14:00:00,AWS_004,30.507338686625666,1008.5851770221103,86.38936465304769,none,0
2025-03-18 15:00:00,AWS_004,30.088663721557637,1008.1186268400126,85.33060238560857,none,0
2025-03-18 16:00:00,AWS_004,29.048329750699803,1007.6994487693505,84.47773051306315,none,0
2025-03-18 17:00:00,AWS_004,27.782081709612722,1007.5044076469794,83.83595786132459,none,0
2025-03-18 18:00:00,AWS_004,26.08999903300964,1007.4733345891543,86.63897662304491,none,0
2025-03-18 19:00:00,AWS_004,24.313480975075578,1007.031037747768,83.87879017766866,none,0
2025-03-18 20:00:00,AWS_004,22.92569818877232,1006.7484324266059,93.85863127223895,none,0
2025-03-18 21:00:00,AWS_004,21.303435775688005,1006.640201800301,97.41485171466633,none,0
2025-03-18 22:00:00,AWS_004,20.440923818985265,1006.1964159792502,100.0,none,0
2025-03-18 23:00:00,AWS_004,20.50799322055928,1006.7756242892324,98.49858158544954,none,0
2025-03-19 00:00:00,AWS_004,19.89023845922464,1005.683954798614,94.58432840474556,none,0
2025-03-19 01:00:00,AWS_004,20.42236193737827,1006.0617398323964,97.27037927039764,none,0
2025-03-19 02:00:00,AWS_004,21.02050650410443,1006.608831632719,96.44861889744433,none,0
2025-03-19 03:00:00,AWS_004,22.366364411644195,1006.2577104099697,88.65524051054476,none,0
2025-03-19 04:00:00,AWS_004,22.72790643962916,1006.950400788581,95.73237777896504,none,0
2025-03-19 05:00:00,AWS_004,24.449197478742864,1007.3742195590972,88.95803243116299,none,0
2025-03-19 06:00:00,AWS_004,33.57985313214529,994.5607081206514,98.0,multivariate_inconsistent,1
2025-03-19 07:00:00,AWS_004,27.328431554340213,1007.8817579491813,93.10595383183258,none,0
2025-03-19 08:00:00,AWS_004,28.894451218661015,1007.599046143799,90.80057087138117,none,0
2025-03-19 09:00:00,AWS_004,30.894486898273644,1007.9443438410876,90.52768296175807,none,0
2025-03-19 10:00:00,AWS_004,31.305719012914587,1008.5061841189571,88.17985176984807,none,0
2025-03-19 11:00:00,AWS_004,31.528266024598057,1008.6091927941987,89.8424780395001,none,0
2025-03-19 12:00:00,AWS_004,32.67460451655912,1008.5751866839104,85.99673559005599,none,0
2025-03-19 13:00:00,AWS_004,32.71116456115668,1008.7965411923271,84.63769217231076,none,0
2025-03-19 14:00:00,AWS_004,31.612538206378982,1008.1586538024508,86.7511507110233,none,0
2025-03-19 15:00:00,AWS_004,30.418880877694505,1007.7531137840429,91.54477578736108,none,0
2025-03-19 16:00:00,AWS_004,29.71699845678727,1007.8709622452078,88.17180207994937,drift,1
2025-03-19 17:00:00,AWS_004,27.151023041099197,1008.8521234747009,86.3190540949742,drift,1
2025-03-19 18:00:00,AWS_004,26.204530111973195,1008.9839345286904,89.70756362325618,drift,1
2025-03-19 19:00:00,AWS_004,24.040926044688213,1009.6193777863483,99.15418465211795,drift,1
2025-03-19 20:00:00,AWS_004,23.689267349822217,1009.7632943323889,96.34356985148456,drift,1
2025-03-19 21:00:00,AWS_004,22.18245220900618,1010.3415514201017,93.63297859511779,drift,1
2025-03-19 22:00:00,AWS_004,21.309952943949458,1010.8902464719241,88.59507815314647,drift,1
2025-03-19 23:00:00,AWS_004,20.832964124183622,1011.2639850890147,95.6038623429207,drift,1
2025-03-20 00:00:00,AWS_004,20.009515510768328,1012.3507695729828,98.31984338573488,drift,1
2025-03-20 01:00:00,AWS_004,19.901825988226772,1012.5865436056315,88.28385360352628,drift,1
2025-03-20 02:00:00,AWS_004,20.5893193791905,1013.7275192583304,95.74958276087166,drift,1
2025-03-20 03:00:00,AWS_004,22.24034532313681,1014.9945297715249,95.55945492330599,drift,1
2025-03-20 04:00:00,AWS_004,23.460418690623285,1015.2954945994177,92.55111382106736,drift,1
2025-03-20 05:00:00,AWS_004,23.61275626290723,1017.100319322428,94.76806552056753,drift,1
2025-03-20 06:00:00,AWS_004,26.934547529288828,1017.9975385896737,82.65717924933229,drift,1
2025-03-20 07:00:00,AWS_004,28.14636443983109,1007.650791769569,90.26441612728837,none,0
2025-03-20 08:00:00,AWS_004,29.5890530730224,1008.2981872893042,85.71663830928729,none,0
2025-03-20 09:00:00,AWS_004,30.665877091969516,1007.9521545983529,89.90291713541724,none,0
2025-03-20 10:00:00,AWS_004,31.493352465941584,1008.0618639234192,87.76080546024528,none,0
2025-03-20 11:00:00,AWS_004,32.03029702226355,1007.6890097585956,81.77128136256076,none,0
2025-03-20 12:00:00,AWS_004,32.17183074807561,1007.9456251019947,89.63294283915019,none,0
2025-03-20 13:00:00,AWS_004,31.874509065163622,1008.2206329855242,82.4518919551516,none,0
2025-03-20 14:00:00,AWS_004,30.844698903379218,1008.4782236194135,85.55577171970202,none,0
2025-03-20 15:00:00,AWS_004,30.436342702114683,1008.2207058037411,91.08353612728871,none,0
2025-03-20 16:00:00,AWS_004,29.43035825259822,1008.1823480612212,85.14866898340965,none,0
2025-03-20 17:00:00,AWS_004,27.51623536859467,1008.5397104210703,94.95615779260561,none,0
2025-03-20 18:00:00,AWS_004,26.207927198928804,1007.4631039210982,91.73754259002725,none,0
2025-03-20 19:00:00,AWS_004,24.72061277658723,1006.7719892893919,94.3520407994834,none,0
2025-03-20 20:00:00,AWS_004,23.119149319634165,1006.4508698258328,92.15855685460313,none,0
2025-03-20 21:00:00,AWS_004,21.699427214687613,1006.6419105524757,88.6219455978336,none,0
2025-03-20 22:00:00,AWS_004,20.956264403878297,1006.5633729662366,93.58645929791662,none,0
2025-03-20 23:00:00,AWS_004,20.25078909542925,1006.5254455215885,91.45281437296293,none,0
2025-03-21 00:00:00,AWS_004,19.55251658195758,1005.7133491542727,94.18187791357651,none,0
2025-03-21 01:00:00,AWS_004,20.833600778957543,1006.5638631117037,96.18324930345743,none,0
2025-03-21 02:00:00,AWS_004,22.077396812030003,1006.3433876397804,94.02635432133309,none,0
2025-03-21 03:00:00,AWS_004,22.016733386229394,1006.4744549520376,90.61367415319904,none,0
2025-03-21 04:00:00,AWS_004,23.50060207084239,1006.6188392364135,91.91629175310666,none,0
2025-03-21 05:00:00,AWS_004,24.153199980032447,1007.4141620459776,94.6268940217144,none,0
2025-03-21 06:00:00,AWS_004,26.088732019373847,1007.467927700481,92.57318476769306,none,0
2025-03-21 07:00:00,AWS_004,27.70390055579873,1007.9979593904814,87.44649849937163,none,0
2025-03-21 08:00:00,AWS_004,29.509213963381168,1008.3692862173548,88.82751082526315,none,0
2025-03-21 09:00:00,AWS_004,30.211806209619105,1007.8157866703133,87.63840112009686,none,0
2025-03-21 10:00:00,AWS_004,31.575991152840682,1008.602643652519,83.63950346298888,none,0
2025-03-21 11:00:00,AWS_004,31.853909241405585,1009.2041809809245,81.06633756261829,none,0
2025-03-21 12:00:00,AWS_004,32.51395232952371,1008.119025265734,80.98993052850972,none,0
2025-03-21 13:00:00,AWS_004,31.80940998637195,1008.6254616589675,89.68870400665199,none,0
2025-03-21 14:00:00,AWS_004,31.089596887092032,1008.4530879158931,90.52074246219773,none,0
2025-03-21 15:00:00,AWS_004,30.244957339476183,1008.4006348042541,91.39264080539961,none,0
2025-03-21 16:00:00,AWS_004,28.883270015144905,1007.7845137542242,83.86349009856616,none,0
2025-03-21 17:00:00,AWS_004,27.64099058178518,1008.113055911629,91.40999805230375,none,0
2025-03-21 18:00:00,AWS_004,25.857771465372217,1007.4014829056398,88.34493460121203,none,0
2025-03-21 19:00:00,AWS_004,24.577349289265214,1007.0897448223405,90.15639953704725,none,0
2025-03-21 20:00:00,AWS_004,23.055690215120038,1006.7637850389368,91.79379367398062,none,0
2025-03-21 21:00:00,AWS_004,21.864240557319096,1006.7699908663806,97.61969267414965,none,0
2025-03-21 22:00:00,AWS_004,20.782779802342844,1006.2441276038613,89.69590149074402,none,0
2025-03-21 23:00:00,AWS_004,20.34051115089075,1006.1583784583763,93.33022780795318,none,0
2025-03-22 00:00:00,AWS_004,20.65974557918005,1006.0533180437861,97.4622304136406,none,0
2025-03-22 01:00:00,AWS_004,20.747973072914245,1005.4165488164105,92.71620079842162,none,0
2025-03-22 02:00:00,AWS_004,21.057536856080436,1005.9191397940152,96.64348385447214,none,0
2025-03-22 03:00:00,AWS_004,22.465614011777117,1006.2243747385577,91.35240568318616,none,0
2025-03-22 04:00:00,AWS_004,23.43770639039848,1006.5394399195613,95.90050483951043,none,0
2025-03-22 05:00:00,AWS_004,24.126892942131686,1007.2292448384728,92.95706441528584,none,0
2025-03-22 06:00:00,AWS_004,25.889793306431223,1007.4371349399248,93.36749123602098,none,0
2025-03-22 07:00:00,AWS_004,27.263242683299975,1007.53409965252,88.73689119891132,none,0
2025-03-22 08:00:00,AWS_004,28.72867925284549,1008.3833436851016,90.8216724151284,none,0
2025-03-22 09:00:00,AWS_004,31.014559891360587,1008.1824425930395,82.83080368065227,none,0
2025-03-22 10:00:00,AWS_004,31.281992943060235,1008.23728239815,80.90112826373752,none,0
2025-03-22 11:00:00,AWS_004,31.79628603249519,1008.9352407976221,80.35491499767443,none,0
2025-03-22 12:00:00,AWS_004,32.80556972341206,1008.5703789221665,84.5334591396893,none,0
2025-03-22 13:00:00,AWS_004,31.64344454309238,1008.0643199825033,84.0073868957575,none,0
2025-03-22 14:00:00,AWS_004,31.237431135022685,1008.3583204187471,81.93070221306509,none,0
2025-03-22 15:00:00,AWS_004,30.778186351070243,1008.4717089849247,82.13250649569119,none,0
2025-03-22 16:00:00,AWS_004,29.38366851528954,1008.0927064039188,87.70533169276294,none,0
2025-03-22 17:00:00,AWS_004,28.02610002382879,1007.794027623506,93.00792494918024,none,0
2025-03-22 18:00:00,AWS_004,26.694800908475408,1007.5227305067859,89.90006387181882,none,0
2025-03-22 19:00:00,AWS_004,24.236356647013103,1007.4844206046705,93.95149626047167,none,0
2025-03-22 20:00:00,AWS_004,22.85838350965567,1006.6817351483172,91.71418796696409,none,0
2025-03-22 21:00:00,AWS_004,22.42292228424433,1006.8001270996492,97.1877626843677,none,0
2025-03-22 22:00:00,AWS_004,21.227512603042104,1006.6350266318847,96.91095753474289,none,0
2025-03-22 23:00:00,AWS_004,20.524698652745965,1006.3680624281351,99.03590480682188,none,0
2025-03-23 00:00:00,AWS_004,20.298082588734577,1006.1928170978163,89.8847613876101,none,0
2025-03-23 01:00:00,AWS_004,20.691275992644417,1006.1686843332044,99.60635191654544,none,0
2025-03-23 02:00:00,AWS_004,21.4644965777375,1005.9247379803545,96.977064583289,none,0
2025-03-23 03:00:00,AWS_004,21.6327386893994,1006.3837826943547,92.9150149866257,none,0
2025-03-23 04:00:00,AWS_004,23.474028417738516,1006.6814619186848,91.17777630213808,none,0
2025-03-23 05:00:00,AWS_004,25.623010591006334,1007.6640274986487,95.76577613281663,none,0
2025-03-23 06:00:00,AWS_004,26.18464819635192,1007.3528733785998,86.54537941531879,none,0
2025-03-23 07:00:00,AWS_004,28.148436545275956,1008.2132966469155,92.41652196165973,none,0
2025-03-23 08:00:00,AWS_004,30.2151118014002,1008.0777730917706,85.62560015440958,none,0
2025-03-23 09:00:00,AWS_004,30.441771802920666,1008.3164946577855,91.58632820367141,none,0
2025-03-23 10:00:00,AWS_004,31.479922615804377,1008.5148165084896,82.90075155201393,none,0
2025-03-23 11:00:00,AWS_004,31.477581645055892,1008.3570663231504,83.81138130068322,none,0
2025-03-23 12:00:00,AWS_004,32.18695326867177,1008.8834444122343,85.97957709342317,none,0
2025-03-23 13:00:00,AWS_004,31.866761120331816,1009.051023561872,91.6613698906225,none,0
2025-03-23 14:00:00,AWS_004,31.836648383175174,1008.6097743941191,89.69866567620973,none,0
2025-03-23 15:00:00,AWS_004,31.153063850719853,1008.6322986379838,85.37285055341114,none,0
2025-03-23 16:00:00,AWS_004,29.452260775782683,1008.0592624711588,92.14539025622169,none,0
2025-03-23 17:00:00,AWS_004,28.094109567071698,1007.4053074806404,90.98373490458376,none,0
2025-03-23 18:00:00,AWS_004,26.05536122283971,1007.9960325393243,90.31446683981049,none,0
2025-03-23 19:00:00,AWS_004,25.658557809098447,1006.6880883957233,96.72313658242945,none,0
2025-03-23 20:00:00,AWS_004,23.679096103601513,1007.1011053234782,88.86746153916316,none,0
2025-03-23 21:00:00,AWS_004,22.488043863738614,1006.8716056627381,89.51373148827628,none,0
2025-03-23 22:00:00,AWS_004,22.199765806795277,1006.2228034423138,91.48253972955258,none,0
2025-03-23 23:00:00,AWS_004,20.618239143030753,1006.2593470512347,95.41126204797251,none,0
2025-03-24 00:00:00,AWS_004,20.417918103122528,1006.6260102963461,93.44826417355856,none,0
2025-03-24 01:00:00,AWS_004,20.48362926478727,1006.938458328807,95.53560922201682,none,0
2025-03-24 02:00:00,AWS_004,20.55776993280877,1006.6158668314357,99.25032178157628,none,0
2025-03-24 03:00:00,AWS_004,22.77725419878135,1006.4726838701636,97.03078831945798,none,0
2025-03-24 04:00:00,AWS_004,23.343885002342656,1006.8191506654828,93.59307906557483,none,0
2025-03-24 05:00:00,AWS_004,24.461085234082944,1007.3778304437735,87.07773086268462,none,0
2025-03-24 06:00:00,AWS_004,26.036125594869436,1006.8555304182852,93.94831768899542,none,0
2025-03-24 07:00:00,AWS_004,33.23028529439349,1009.4068666686275,98.0,thermo_inconsistent,1
2025-03-24 08:00:00,AWS_004,29.9890234402873,1008.5235575100305,90.0314845599173,none,0
2025-03-24 09:00:00,AWS_004,30.780371338755945,1008.3584357500946,89.46542969760704,none,0
2025-03-24 10:00:00,AWS_004,31.25818469357717,1008.9692624285249,87.64851727112887,none,0
2025-03-24 11:00:00,AWS_004,31.837604559279487,1008.3256804870281,86.95416874417018,none,0
2025-03-24 12:00:00,AWS_004,32.73176053984755,1008.6515641152661,84.692664467537,none,0
2025-03-24 13:00:00,AWS_004,32.80821521045159,1009.0398294873503,85.52994512365481,none,0
2025-03-24 14:00:00,AWS_004,31.689497419609122,1008.9294193061594,82.62245974533268,none,0
2025-03-24 15:00:00,AWS_004,29.843524592270068,1008.5118174856451,88.99006183981403,none,0
2025-03-24 16:00:00,AWS_004,29.75084088141403,1008.194049775611,91.88372992722269,none,0
2025-03-24 17:00:00,AWS_004,27.592901925438007,1007.5187820946622,93.89224379519267,none,0
2025-03-24 18:00:00,AWS_004,26.635596306343082,1007.1216924930624,88.66487020406653,none,0
2025-03-24 19:00:00,AWS_004,25.105472645461646,1006.8769745646919,93.71275846107378,none,0
2025-03-24 20:00:00,AWS_004,23.720434714290185,1006.8719957936759,93.07739801874382,none,0
2025-03-24 21:00:00,AWS_004,21.872669620508496,1006.8751048788018,89.15777938780207,none,0
2025-03-24 22:00:00,AWS_004,20.964742453329965,1006.052898915309,91.32700988817189,none,0
2025-03-24 23:00:00,AWS_004,20.792517556594863,1006.8569319139575,95.94927579995868,none,0
2025-03-25 00:00:00,AWS_004,20.80441385234011,1006.3262702434924,97.39194645047465,none,0
2025-03-25 01:00:00,AWS_004,20.652085763513362,1006.4939973349502,92.26675991430949,none,0
2025-03-25 02:00:00,AWS_004,21.04324660984207,1007.1306521421155,94.61121462151523,none,0
2025-03-25 03:00:00,AWS_004,21.734238129572436,1006.4867861429237,96.41101043882524,none,0
2025-03-25 04:00:00,AWS_004,22.624341284633193,1006.4606433402496,96.8220518548918,none,0
2025-03-25 05:00:00,AWS_004,24.926398676172752,1006.7108866149853,94.07822864961376,none,0
2025-03-25 06:00:00,AWS_004,26.163248213239264,1007.8501499221505,90.96670294807507,none,0
2025-03-25 07:00:00,AWS_004,27.038581164787406,1007.4523687105215,85.83135320515021,none,0
2025-03-25 08:00:00,AWS_004,35.225665933387646,1009.195191835177,97.67609745258619,thermo_inconsistent,1
2025-03-25 09:00:00,AWS_004,31.153151138143105,1008.005987574953,82.38591534853232,none,0
2025-03-25 10:00:00,AWS_004,32.19798988413829,1008.5663982990139,85.05859653120932,none,0
2025-03-25 11:00:00,AWS_004,32.12740190130032,1008.8723927635882,84.88215511209354,none,0
2025-03-25 12:00:00,AWS_004,32.64528926691032,1008.8192839938229,81.0561736898895,none,0
2025-03-25 13:00:00,AWS_004,31.752596568259026,1008.7643375333955,87.71579278553075,none,0
2025-03-25 14:00:00,AWS_004,31.69565101695056,1008.6316699033478,86.94425592878008,none,0
2025-03-25 15:00:00,AWS_004,30.757749702433305,1008.9138920190638,83.26005694999692,none,0
2025-03-25 16:00:00,AWS_004,29.806314590683606,1008.2159217486915,89.93801630588646,none,0
2025-03-25 17:00:00,AWS_004,27.600053968027726,1007.7371108947834,92.50522415382665,none,0
2025-03-25 18:00:00,AWS_004,26.826878472106625,1007.5964503139154,93.7108228726706,none,0
2025-03-25 19:00:00,AWS_004,25.460790756621854,1006.8681245642567,94.61793529048151,none,0
2025-03-25 20:00:00,AWS_004,23.951937845554717,1006.9645807377904,90.39464357484297,none,0
2025-03-25 21:00:00,AWS_004,22.59940238883293,1006.7680031146658,92.04625968980963,none,0
2025-03-25 22:00:00,AWS_004,21.822204099215025,1006.8170446672272,94.75734126297529,none,0
2025-03-25 23:00:00,AWS_004,20.9942612111168,1006.4048295013466,98.79944864423763,none,0
2025-03-26 00:00:00,AWS_004,20.32718147263266,1006.3636759753905,39.49987809016234,spike,1
2025-03-26 01:00:00,AWS_004,20.19589122402409,1006.4071187577099,98.5890852979666,none,0
2025-03-26 02:00:00,AWS_004,20.737293348029226,1006.7644092854041,98.20288975389794,none,0
2025-03-26 03:00:00,AWS_004,22.18499546684014,1006.301900633897,95.58819153812267,none,0
2025-03-26 04:00:00,AWS_004,23.139945174483632,1006.4363929396613,94.95127771705222,none,0
2025-03-26 05:00:00,AWS_004,24.88489738380898,1007.7308334650583,89.70445296670049,none,0
2025-03-26 06:00:00,AWS_004,26.52415242387314,1007.8744210408506,91.55836224654747,none,0
2025-03-26 07:00:00,AWS_004,27.69532633920484,1008.0721757373569,92.25085329584553,none,0
2025-03-26 08:00:00,AWS_004,29.930835303963693,1008.2655847660538,88.39834232965897,none,0
2025-03-26 09:00:00,AWS_004,30.176916046192996,1008.5937995481628,89.82808352623988,none,0
2025-03-26 10:00:00,AWS_004,31.32521583104602,1008.3592306171732,91.52524610396046,none,0
2025-03-26 11:00:00,AWS_004,32.45906371811211,1008.3981867312383,84.29044616238534,none,0
2025-03-26 12:00:00,AWS_004,32.49337975283768,1008.8459964672668,85.16950404733683,none,0
2025-03-26 13:00:00,AWS_004,31.73844141730295,1008.9332560328581,91.15261045312721,none,0
2025-03-26 14:00:00,AWS_004,31.87701437503881,1008.7637293242598,87.22987740995985,none,0
2025-03-26 15:00:00,AWS_004,30.27223113948729,1008.1180810909134,90.48418638971245,none,0
2025-03-26 16:00:00,AWS_004,29.811925925588653,1008.6408292557421,82.57667812050799,none,0
2025-03-26 17:00:00,AWS_004,27.729499005513347,1008.1039082613231,85.84802940809973,none,0
2025-03-26 18:00:00,AWS_004,26.070339377966246,1007.8441959484456,81.43247384408706,none,0
2025-03-26 19:00:00,AWS_004,24.776706972790507,1007.3933762870131,91.51295102310034,none,0
2025-03-26 20:00:00,AWS_004,23.664840900163824,1007.6536052397214,87.11493414961112,frozen,1
2025-03-26 21:00:00,AWS_004,23.664840900163824,1007.6536052397214,87.11493414961112,frozen,1
2025-03-26 22:00:00,AWS_004,23.664840900163824,1007.6536052397214,87.11493414961112,frozen,1
2025-03-26 23:00:00,AWS_004,23.664840900163824,1007.6536052397214,87.11493414961112,drift,1
2025-03-27 00:00:00,AWS_004,23.664840900163824,1007.9778898846449,87.11493414961112,drift,1
2025-03-27 01:00:00,AWS_004,20.90795352249704,1006.9035263165581,95.4210456037173,drift,1
2025-03-27 02:00:00,AWS_004,21.106547506541496,1007.3216141772039,95.05307833076185,drift,1
2025-03-27 03:00:00,AWS_004,22.551798766732485,1008.3372222317279,91.91596680469993,drift,1
2025-03-27 04:00:00,AWS_004,48.61343332434612,1010.2085293457468,93.58067776733841,spike,1
2025-03-27 05:00:00,AWS_004,24.690227643376392,1011.4047500348818,89.22619923064,drift,1
2025-03-27 06:00:00,AWS_004,26.767230754253305,1013.0155656918157,90.32854363793726,drift,1
2025-03-27 07:00:00,AWS_004,28.081835854287316,1014.628303442482,90.31414092549525,drift,1
2025-03-27 08:00:00,AWS_004,30.441123941729906,1015.5001320030764,88.4596418405763,drift,1
2025-03-27 09:00:00,AWS_004,31.381015731225034,1016.4778920090522,90.29481805515883,drift,1
2025-03-27 10:00:00,AWS_004,32.19747029961543,1018.3973111443121,81.96604447419224,drift,1
2025-03-27 11:00:00,AWS_004,32.57853485107109,1019.0845965001463,89.75332470021331,drift,1
2025-03-27 12:00:00,AWS_004,32.944182638386565,1020.6556750646205,78.47803523033546,drift,1
2025-03-27 13:00:00,AWS_004,32.75966204106847,1021.4175993592639,88.76406936998349,drift,1
2025-03-27 14:00:00,AWS_004,31.43451525440358,1017.125498143725,82.331247440028,drift,1
2025-03-27 15:00:00,AWS_004,31.304249120946363,1018.1735110305108,81.77482314552142,drift,1
2025-03-27 16:00:00,AWS_004,29.22003852340327,1017.9876371206431,85.71925057056828,drift,1
2025-03-27 17:00:00,AWS_004,27.843380370935286,1019.2227340102861,88.48400282047112,drift,1
2025-03-27 18:00:00,AWS_004,26.3870493083479,1018.3945962745581,97.11269840325843,drift,1
2025-03-27 19:00:00,AWS_004,25.205642526169864,1019.8738220072959,93.06957848961072,drift,1
2025-03-27 20:00:00,AWS_004,23.932734649885386,1020.1425421400544,93.70960207208063,drift,1
2025-03-27 21:00:00,AWS_004,22.872085942135744,1020.1044866673666,87.61906913501493,drift,1
2025-03-27 22:00:00,AWS_004,21.030724790549492,1021.3935314975793,95.36040530420333,drift,1
2025-03-27 23:00:00,AWS_004,20.77236631876162,1021.4643595826177,99.33987398942217,drift,1
2025-03-28 00:00:00,AWS_004,20.42436142608057,1006.9599645919715,95.40545751052142,none,0
2025-03-28 01:00:00,AWS_004,21.09280557607256,1006.8029265509023,94.08395480624338,none,0
2025-03-28 02:00:00,AWS_004,21.432858740083468,1006.5597868747311,89.72472775894981,none,0
2025-03-28 03:00:00,AWS_004,23.707973197452034,1007.3476799567887,89.1730796515254,none,0
2025-03-28 04:00:00,AWS_004,24.28901771997311,1007.1505408610468,91.46511110564315,none,0
2025-03-28 05:00:00,AWS_004,25.317105618975283,1006.8091272713756,93.19840213228721,frozen,1
2025-03-28 06:00:00,AWS_004,25.317105618975283,1006.8091272713756,93.19840213228721,frozen,1
2025-03-28 07:00:00,AWS_004,25.317105618975283,1006.8091272713756,93.19840213228721,frozen,1
2025-03-28 08:00:00,AWS_004,25.317105618975283,1006.8091272713756,93.19840213228721,frozen,1
2025-03-28 09:00:00,AWS_004,25.317105618975283,1006.8091272713756,93.19840213228721,frozen,1
2025-03-28 10:00:00,AWS_004,31.79432208461885,1008.7000216198837,86.86316571555523,none,0
2025-03-28 11:00:00,AWS_004,32.45048522897393,1009.0304773147824,86.2712841957889,none,0
2025-03-28 12:00:00,AWS_004,31.906255520130944,1008.7477909035644,81.92108756850726,none,0
2025-03-28 13:00:00,AWS_004,,,,dropout,1
2025-03-28 14:00:00,AWS_004,,,,dropout,1
2025-03-28 15:00:00,AWS_004,,,,dropout,1
2025-03-28 16:00:00,AWS_004,29.97848059039495,1008.0375414733487,86.42551971522401,none,0
2025-03-28 17:00:00,AWS_004,28.399738232137,1007.8781724410076,85.57563168943388,none,0
2025-03-28 18:00:00,AWS_004,26.53292754427873,1007.4729048749846,92.88413739796725,none,0
2025-03-28 19:00:00,AWS_004,25.806555165066268,1007.194188417314,90.52721420747633,none,0
2025-03-28 20:00:00,AWS_004,23.282190195722066,1007.0964810729095,95.86954042016335,none,0
2025-03-28 21:00:00,AWS_004,23.01057897990785,1006.8625963559156,91.99301078042251,none,0
2025-03-28 22:00:00,AWS_004,21.583606937817276,1006.5840953736157,96.19049018092504,none,0
2025-03-28 23:00:00,AWS_004,20.985577529894382,1006.7267550693825,92.00946978804893,none,0
2025-03-29 00:00:00,AWS_004,20.38629650887646,1007.0566147813223,96.98978007648066,none,0
2025-03-29 01:00:00,AWS_004,21.55201699228622,1006.4910876434326,99.03965699962002,frozen,1
2025-03-29 02:00:00,AWS_004,21.55201699228622,1006.4910876434326,99.03965699962002,frozen,1
2025-03-29 03:00:00,AWS_004,21.55201699228622,1006.4910876434326,99.03965699962002,frozen,1
2025-03-29 04:00:00,AWS_004,21.55201699228622,1006.4910876434326,99.03965699962002,frozen,1
2025-03-29 05:00:00,AWS_004,21.55201699228622,1006.4910876434326,99.03965699962002,frozen,1
2025-03-29 06:00:00,AWS_004,21.55201699228622,1006.4910876434326,99.03965699962002,frozen,1
2025-03-29 07:00:00,AWS_004,21.55201699228622,1006.4910876434326,99.03965699962002,frozen,1
2025-03-29 08:00:00,AWS_004,29.088934912626257,1008.2409097153222,86.3594541035632,none,0
2025-03-29 09:00:00,AWS_004,30.59185871896677,1009.1072329118523,82.65237380551139,none,0
2025-03-29 10:00:00,AWS_004,31.937869467351465,1008.6233902767993,82.14019466702524,none,0
2025-03-29 11:00:00,AWS_004,32.28826095053475,1008.4295319848385,87.99330777190258,none,0
2025-03-29 12:00:00,AWS_004,32.429612428259475,1008.680470696914,84.98813752324756,none,0
2025-03-29 13:00:00,AWS_004,33.04505760899685,1009.1014977621811,87.19367956647599,none,0
2025-03-29 14:00:00,AWS_004,32.89394920021243,1008.8593398246089,80.9602968251,none,0
2025-03-29 15:00:00,AWS_004,31.433580996992653,1008.7591973565794,84.5316774346448,none,0
2025-03-29 16:00:00,AWS_004,30.04751555495539,1008.8290023011552,87.77908316175213,none,0
2025-03-29 17:00:00,AWS_004,28.16080742115055,1007.9636560955892,87.40073898060939,none,0
2025-03-29 18:00:00,AWS_004,27.000368461006012,1007.661734060641,91.04491951012288,none,0
2025-03-29 19:00:00,AWS_004,25.5863423176748,1007.5071198486014,89.81643064742897,none,0
2025-03-29 20:00:00,AWS_004,23.855985461365886,1007.1957533796201,91.99769345779917,none,0
2025-03-29 21:00:00,AWS_004,22.711924918977726,1006.6143153369876,93.99010053647959,none,0
2025-03-29 22:00:00,AWS_004,21.397540678393597,1006.3259009658128,98.62560761593829,none,0
2025-03-29 23:00:00,AWS_004,21.453842673024468,1006.9212681334953,92.54665975256759,none,0
2025-03-30 00:00:00,AWS_004,20.504318474920492,1006.4756801080799,100.0,none,0
2025-03-30 01:00:00,AWS_004,21.8067374370002,1006.4732547972797,93.35455048558104,none,0
2025-03-30 02:00:00,AWS_004,21.791438706686606,1006.5303618041544,95.37065731354508,none,0
2025-03-30 03:00:00,AWS_004,22.383121711215367,1006.5578343070891,92.61552948643443,none,0
2025-03-30 04:00:00,AWS_004,24.21789837629476,1007.7742497803289,92.23928560792595,none,0
2025-03-30 05:00:00,AWS_004,25.208405245053058,1007.7351244115301,92.93192725882967,none,0
2025-03-30 06:00:00,AWS_004,26.664252461623864,1008.2152541172334,90.05359737599211,none,0
2025-03-30 07:00:00,AWS_004,28.829795698264213,1008.5518687486151,87.25152302580794,none,0
2025-03-30 08:00:00,AWS_004,30.402114360928138,1008.1334370839157,84.42237594675281,none,0
2025-03-30 09:00:00,AWS_004,30.549788969497367,1008.9483543794219,90.13274367369681,none,0
2025-03-30 10:00:00,AWS_004,32.0381945755999,1008.6380189561299,87.46146058660949,none,0
2025-03-30 11:00:00,AWS_004,33.58988796903079,1008.6966751210032,83.41018066797389,none,0
2025-03-30 12:00:00,AWS_004,32.74477526850419,1009.0655646268511,78.16590766966509,none,0
2025-03-30 13:00:00,AWS_004,32.498193205690306,1008.7040915965025,83.26102660090292,none,0
2025-03-30 14:00:00,AWS_004,31.775323349315514,1008.4478454826352,87.0890301053076,none,0
2025-03-30 15:00:00,AWS_004,30.106190541239823,1008.6898775196992,87.25135861201034,none,0
2025-03-30 16:00:00,AWS_004,30.097803931759433,1008.1291736751879,90.05719947196232,none,0
2025-03-30 17:00:00,AWS_004,28.386385550146095,1008.0534134595677,88.64697820157818,none,0
2025-03-30 18:00:00,AWS_004,27.082689843629556,1007.6087971123427,93.70802856432185,none,0
2025-03-30 19:00:00,AWS_004,26.059740584940755,1007.5704744584481,86.16554520506568,none,0
2025-03-30 20:00:00,AWS_004,24.358948227495127,1007.2113286947676,91.94388195328257,none,0
2025-03-30 21:00:00,AWS_004,23.07227493292525,1007.4232753074763,93.07231892552944,none,0
2025-03-30 22:00:00,AWS_004,21.063368005354192,1006.9994057731215,91.05694576736303,none,0
2025-03-30 23:00:00,AWS_004,20.18628247555921,1006.4260684325362,95.58812382174428,none,0
2025-03-31 00:00:00,AWS_004,21.333356729960535,1005.7563311687347,98.51723990722441,none,0
2025-03-31 01:00:00,AWS_004,21.301862368629475,1006.4790431840069,96.6927194780767,none,0
2025-03-31 02:00:00,AWS_004,22.093833708147447,1006.8674339841234,89.36182668925993,none,0
2025-03-31 03:00:00,AWS_004,22.972852532774596,1007.0424125675804,90.42176130005075,none,0
2025-03-31 04:00:00,AWS_004,24.380032876113486,1007.2635293794681,91.68074817993906,none,0
2025-03-31 05:00:00,AWS_004,25.99643060425188,1007.7982943774736,94.29568045498806,none,0
2025-03-31 06:00:00,AWS_004,27.55079919513506,1007.2620269055893,88.98888715606347,none,0
2025-03-31 07:00:00,AWS_004,28.452599865967613,1008.2308853655828,87.7396063008818,none,0
2025-03-31 08:00:00,AWS_004,30.452814373432084,1008.0913440225978,86.71204863163459,none,0
2025-03-31 09:00:00,AWS_004,30.844519360256207,1008.5589179777027,84.80810964104982,none,0
2025-03-31 10:00:00,AWS_004,32.22345830804042,1009.0675186576557,78.66523032985408,none,0
2025-03-31 11:00:00,AWS_004,32.32779824988751,1008.7098288482855,83.18807963813302,none,0
2025-03-31 12:00:00,AWS_004,33.397109477273084,1008.9957686331285,86.87324819548031,none,0
2025-03-31 13:00:00,AWS_004,32.88963038416013,1008.753545070076,84.91162653669112,none,0
2025-03-31 14:00:00,AWS_004,32.0559466560869,1008.8404410067948,91.31895023290281,none,0
2025-03-31 15:00:00,AWS_004,31.033298378906892,1008.3861817893664,86.91142807050701,none,0
2025-03-31 16:00:00,AWS_004,30.09582933812617,1007.8781675291738,86.26142496297675,none,0
2025-03-31 17:00:00,AWS_004,29.223801745871793,1008.7345908800376,87.29972428649391,none,0
2025-03-31 18:00:00,AWS_004,27.702866436640303,1008.5161155894906,86.22680967802445,none,0
2025-03-31 19:00:00,AWS_004,36.34652955856861,994.1170884956712,98.0,multivariate_inconsistent,1
2025-03-31 20:00:00,AWS_004,24.12872331120403,1007.3509999252138,95.95591337478194,none,0
2025-03-31 21:00:00,AWS_004,23.279877448017015,1007.4154351757937,98.31698407927927,none,0
2025-03-31 22:00:00,AWS_004,22.287919911602266,1006.9745718431332,94.33605446821937,none,0
2025-03-31 23:00:00,AWS_004,21.6192735628779,1006.7130103895461,91.17650814364013,none,0
2025-01-01 00:00:00,AWS_005,16.36964831432075,1004.3770317468006,100.0,none,0
2025-01-01 01:00:00,AWS_005,16.573328188650173,1003.7003522106564,99.76078523097075,none,0
2025-01-01 02:00:00,AWS_005,16.69967168418917,1004.1444134514065,100.0,none,0
2025-01-01 03:00:00,AWS_005,17.898246522884207,1004.9257031108748,91.74821141239464,none,0
2025-01-01 04:00:00,AWS_005,19.145037403545917,1004.0996747802204,97.28813959207449,none,0
2025-01-01 05:00:00,AWS_005,20.614890509656828,1004.8445849407497,92.31988261008195,none,0
2025-01-01 06:00:00,AWS_005,23.017942079733704,1004.3315343979025,93.53688472620172,none,0
2025-01-01 07:00:00,AWS_005,23.584240310219823,1005.4129425833016,93.26371713372657,none,0
2025-01-01 08:00:00,AWS_005,25.02814737508624,1005.843311825681,92.84625760497724,none,0
2025-01-01 09:00:00,AWS_005,26.204311804435566,1005.8442964218265,85.92182949499612,none,0
2025-01-01 10:00:00,AWS_005,27.75548606789489,1005.9010265494229,91.3450075687215,none,0
2025-01-01 11:00:00,AWS_005,27.775370151561535,1007.097728436163,83.47874364846837,none,0
2025-01-01 12:00:00,AWS_005,28.109691414233385,1006.4274995815339,90.10865623601312,none,0
2025-01-01 13:00:00,AWS_005,28.292800887656952,1006.1269320665652,91.518682183043,none,0
2025-01-01 14:00:00,AWS_005,27.645768183192434,1005.7299406178063,90.9952849766039,none,0
2025-01-01 15:00:00,AWS_005,25.99791783308372,1005.4899861057505,91.81114468290386,none,0
2025-01-01 16:00:00,AWS_005,25.871106830405182,1005.2914017431151,89.52997948885596,none,0
2025-01-01 17:00:00,AWS_005,23.809074522206476,1005.0954383867964,91.54540813366832,none,0
2025-01-01 18:00:00,AWS_005,22.525551089928857,1004.8090615425751,96.55829534230828,none,0
2025-01-01 19:00:00,AWS_005,20.72474932621342,1004.6129770531654,95.52482307264556,none,0
2025-01-01 20:00:00,AWS_005,19.831627774192743,1004.0330456016281,94.94061364386707,none,0
2025-01-01 21:00:00,AWS_005,17.763721306964786,1004.2274055586208,100.0,none,0
2025-01-01 22:00:00,AWS_005,16.700419445098245,1004.1395602592575,100.0,none,0
2025-01-01 23:00:00,AWS_005,16.515186110479767,1004.3574008348629,99.07946705405539,none,0
2025-01-02 00:00:00,AWS_005,16.701909025086966,1003.3199925294116,96.95965704896126,none,0
2025-01-02 01:00:00,AWS_005,16.34657065152075,1003.2768976545009,95.81481373615271,none,0
2025-01-02 02:00:00,AWS_005,,,,dropout,1
2025-01-02 03:00:00,AWS_005,,,,dropout,1
2025-01-02 04:00:00,AWS_005,,,,dropout,1
2025-01-02 05:00:00,AWS_005,,,,dropout,1
2025-01-02 06:00:00,AWS_005,,,,dropout,1
2025-01-02 07:00:00,AWS_005,,,,dropout,1
2025-01-02 08:00:00,AWS_005,25.13197141709379,1005.630379313242,94.8217781545406,none,0
2025-01-02 09:00:00,AWS_005,26.208113801431875,1005.7674630746574,90.87123443008942,none,0
2025-01-02 10:00:00,AWS_005,27.68130456625227,1006.4595270373485,89.91429581749712,none,0
2025-01-02 11:00:00,AWS_005,27.70137394594842,1006.2515626084356,89.27466146840509,none,0
2025-01-02 12:00:00,AWS_005,28.413767029882422,1006.382475245133,82.34497359550821,none,0
2025-01-02 13:00:00,AWS_005,28.508286228534207,1006.1742799873617,84.31371005886876,none,0
2025-01-02 14:00:00,AWS_005,26.64972637388289,1005.6624885563115,92.51698388632111,drift,1
2025-01-02 15:00:00,AWS_005,26.571738165757058,1006.5375635810949,90.75973804754064,drift,1
2025-01-02 16:00:00,AWS_005,25.126749207428396,1006.7914727867435,96.78182995272262,drift,1
2025-01-02 17:00:00,AWS_005,23.511161191768387,1006.937183244485,93.10574801553433,drift,1
2025-01-02 18:00:00,AWS_005,22.334397109119458,1007.6799582271644,92.37058410787445,drift,1
2025-01-02 19:00:00,AWS_005,20.552204813639012,1007.6460059975641,94.22796553842149,drift,1
2025-01-02 20:00:00,AWS_005,18.534781865991075,1008.4706663421039,95.15165564680619,drift,1
2025-01-02 21:00:00,AWS_005,17.67128609100245,1008.7066549817807,93.57780948877623,drift,1
2025-01-02 22:00:00,AWS_005,16.949277293041224,1009.4032072526978,99.80415333095078,drift,1
2025-01-02 23:00:00,AWS_005,16.058216149104883,1009.1208448348993,100.0,drift,1
2025-01-03 00:00:00,AWS_005,15.61527084981314,1010.0914978077584,98.19883531526138,drift,1
2025-01-03 01:00:00,AWS_005,17.34872354736795,1010.135346048237,93.85384145135426,drift,1
2025-01-03 02:00:00,AWS_005,17.538545945116834,1012.0078681323976,95.88456741797336,drift,1
2025-01-03 03:00:00,AWS_005,18.432605902113522,1012.1924340498495,94.34801923498864,drift,1
2025-01-03 04:00:00,AWS_005,19.19794784645551,1013.474224486246,92.04759000055107,drift,1
2025-01-03 05:00:00,AWS_005,19.76981225674772,1014.3443826565226,98.52169734838347,drift,1
2025-01-03 06:00:00,AWS_005,22.038532451759256,1015.4646863569294,92.24189773432461,drift,1
2025-01-03 07:00:00,AWS_005,23.920650888847977,1015.6716702599622,87.73164619966268,drift,1
2025-01-03 08:00:00,AWS_005,24.971284118376463,1016.7314082529974,90.26771096064199,drift,1
2025-01-03 09:00:00,AWS_005,26.159217836546443,1017.2781307691454,90.27147862630082,drift,1
2025-01-03 10:00:00,AWS_005,27.488262860049623,1018.5175640868771,84.42778893188324,drift,1
2025-01-03 11:00:00,AWS_005,28.804502757606365,1019.2613013322729,84.68322241491725,drift,1
2025-01-03 12:00:00,AWS_005,28.28333544533319,1019.9968927742542,90.4023329982811,drift,1
2025-01-03 13:00:00,AWS_005,28.009312271381496,1020.5989916687312,92.48462875789708,drift,1
2025-01-03 14:00:00,AWS_005,27.071250037136195,1020.6325340097103,90.46477934489575,drift,1
2025-01-03 15:00:00,AWS_005,27.024888234790858,1006.0169639980228,92.78753866283469,none,0
2025-01-03 16:00:00,AWS_005,25.31499137309687,1005.720893227506,92.48703010126982,none,0
2025-01-03 17:00:00,AWS_005,23.72202708326835,1005.8317101984778,95.90559542383753,none,0
2025-01-03 18:00:00,AWS_005,22.06927587627627,1004.8739400658001,97.1642124538749,none,0
2025-01-03 19:00:00,AWS_005,20.411320384959573,1004.7138819915108,94.55759637719181,none,0
2025-01-03 20:00:00,AWS_005,19.297485300132752,1004.5542736913666,94.40413944078252,none,0
2025-01-03 21:00:00,AWS_005,18.793826178241005,1004.5057500166708,96.95481096895361,none,0
2025-01-03 22:00:00,AWS_005,17.047148618971683,1003.367178368122,93.02513937777063,none,0
2025-01-03 23:00:00,AWS_005,16.64205218280495,1003.9982565476676,99.65511753698235,none,0
2025-01-04 00:00:00,AWS_005,15.91799430246115,1003.2823690520063,98.97552680449459,none,0
2025-01-04 01:00:00,AWS_005,16.554678657183544,1004.1563446482453,96.56588289992268,none,0
2025-01-04 02:00:00,AWS_005,16.455769624694312,1003.9202995713408,97.29923188945118,none,0
2025-01-04 03:00:00,AWS_005,28.035054555349184,986.720338761774,98.0,multivariate_inconsistent,1
2025-01-04 04:00:00,AWS_005,19.019988815789883,1004.1792237953139,96.28233620471512,none,0
2025-01-04 05:00:00,AWS_005,20.8841212527625,1004.0968121669711,92.83990114953983,none,0
2025-01-04 06:00:00,AWS_005,22.289721827370823,1005.1169559181701,88.84373743205775,none,0
2025-01-04 07:00:00,AWS_005,24.366069606972744,1005.9470288580562,93.88625142586893,none,0
2025-01-04 08:00:00,AWS_005,25.477908367178543,1006.0610184598929,88.69576590315238,none,0
2025-01-04 09:00:00,AWS_005,26.738234207433756,1005.3063534777335,90.85406858407755,none,0
2025-01-04 10:00:00,AWS_005,26.792300324958404,1006.0664321888439,87.53233437697092,none,0
2025-01-04 11:00:00,AWS_005,27.591655182936513,1006.0391131116661,88.5273335718594,none,0
2025-01-04 12:00:00,AWS_005,27.78268268792979,1006.2685606819699,87.97076807885688,none,0
2025-01-04 13:00:00,AWS_005,27.60115764040956,1006.0543027324749,85.77616102848536,none,0
2025-01-04 14:00:00,AWS_005,27.043973548827772,1006.3687541791836,89.58842152263841,none,0
2025-01-04 15:00:00,AWS_005,26.79047926282109,1005.9068364941786,93.75693239803962,none,0
2025-01-04 16:00:00,AWS_005,25.1587199416093,1005.6857489131403,92.55428895854575,none,0
2025-01-04 17:00:00,AWS_005,23.737550015810278,1005.3738955333316,93.60638505037721,none,0
2025-01-04 18:00:00,AWS_005,21.806668162902216,1004.9473138928793,96.75318835019631,none,0
2025-01-04 19:00:00,AWS_005,20.246292335344126,1004.4876122328877,95.6261109471223,none,0
2025-01-04 20:00:00,AWS_005,18.62875818469929,1004.3345357948016,100.0,none,0
2025-01-04 21:00:00,AWS_005,18.35609930355946,1004.3955134012455,92.29971566176613,none,0
2025-01-04 22:00:00,AWS_005,17.01687280692609,1004.3101923795522,100.0,none,0
2025-01-04 23:00:00,AWS_005,16.65910540626725,1003.7379353635865,94.21255970438695,none,0
2025-01-05 00:00:00,AWS_005,16.259685375337984,1003.9807994837012,95.72185779377354,none,0
2025-01-05 01:00:00,AWS_005,16.00310459720711,1003.744108779414,99.96523440159277,none,0
2025-01-05 02:00:00,AWS_005,16.939476279260838,1003.9602002212638,98.04386381187835,none,0
2025-01-05 03:00:00,AWS_005,17.05906040833823,1004.4073887370905,100.0,none,0
2025-01-05 04:00:00,AWS_005,19.446104521310865,1004.4436944512478,97.02828630387198,none,0
2025-01-05 05:00:00,AWS_005,20.62127364459503,1004.4159738868212,94.49318754366674,none,0
2025-01-05 06:00:00,AWS_005,22.25046171538111,1005.0736200838638,95.02589518020885,none,0
2025-01-05 07:00:00,AWS_005,23.75684087238714,1005.240392175473,94.87617574619496,none,0
2025-01-05 08:00:00,AWS_005,25.405710218853947,1004.9759481653724,92.16028028606387,none,0
2025-01-05 09:00:00,AWS_005,26.309332810255324,1006.1674949906317,90.31233028921758,none,0
2025-01-05 10:00:00,AWS_005,40.62939262360225,988.2486793654731,98.0,multivariate_inconsistent,1
2025-01-05 11:00:00,AWS_005,27.681192421840777,1005.9244790068084,89.82245194595735,none,0
2025-01-05 12:00:00,AWS_005,28.061250928517318,1006.0914481616794,91.75032974389873,none,0
2025-01-05 13:00:00,AWS_005,28.08485450563918,1006.5151156178556,84.12727585069673,frozen,1
2025-01-05 14:00:00,AWS_005,28.08485450563918,1006.5151156178556,84.12727585069673,frozen,1
2025-01-05 15:00:00,AWS_005,28.08485450563918,1006.5151156178556,84.12727585069673,frozen,1
2025-01-05 16:00:00,AWS_005,28.08485450563918,1006.5151156178556,84.12727585069673,frozen,1
2025-01-05 17:00:00,AWS_005,28.08485450563918,1006.5151156178556,84.12727585069673,frozen,1
2025-01-05 18:00:00,AWS_005,28.08485450563918,1006.5151156178556,84.12727585069673,frozen,1
2025-01-05 19:00:00,AWS_005,28.08485450563918,1006.5151156178556,84.12727585069673,frozen,1
2025-01-05 20:00:00,AWS_005,28.08485450563918,1006.5151156178556,84.12727585069673,frozen,1
2025-01-05 21:00:00,AWS_005,18.57203071070725,1003.9268617706836,88.01705357058201,none,0
2025-01-05 22:00:00,AWS_005,16.64963088322817,1003.9667279819809,98.02771185965072,none,0
2025-01-05 23:00:00,AWS_005,16.894271766673487,1003.6287571026525,100.0,none,0
2025-01-06 00:00:00,AWS_005,16.653725953449435,1004.0063111612264,92.25413965113788,none,0
2025-01-06 01:00:00,AWS_005,15.980787576918699,1004.1034966888184,100.0,none,0
2025-01-06 02:00:00,AWS_005,16.78817282971046,1003.7820586770488,96.42078143394815,none,0
2025-01-06 03:00:00,AWS_005,18.214069352376647,1004.4847194987713,97.8274819544123,none,0
2025-01-06 04:00:00,AWS_005,18.840772619446852,1004.1044544261553,96.17023326928279,none,0
2025-01-06 05:00:00,AWS_005,20.209642587549936,1004.8745460514122,91.6520400746428,none,0
2025-01-06 06:00:00,AWS_005,22.483669307856932,1005.1745682816578,92.48992184435073,none,0
2025-01-06 07:00:00,AWS_005,23.48534185295802,1005.6781224365208,89.76420893844748,none,0
2025-01-06 08:00:00,AWS_005,24.912075830485843,1005.247555475007,92.07688558543242,none,0
2025-01-06 09:00:00,AWS_005,26.680995898454047,1005.7508205420145,89.54579260090975,none,0
2025-01-06 10:00:00,AWS_005,27.42089635691949,1006.0659658033061,91.16228246899466,none,0
2025-01-06 11:00:00,AWS_005,28.077797559445163,1005.9387770531501,91.54802090265909,none,0
2025-01-06 12:00:00,AWS_005,28.772717377864435,1006.7833600328348,92.28094327768626,none,0
2025-01-06 13:00:00,AWS_005,28.519416598910595,1005.8741455933584,87.73327273208929,none,0
2025-01-06 14:00:00,AWS_005,26.71141860364737,1005.6198554352939,89.15744431716149,none,0
2025-01-06 15:00:00,AWS_005,26.825820434547552,1006.2981469597564,86.43231137524184,none,0
2025-01-06 16:00:00,AWS_005,25.215437119374453,1005.4513171783254,90.13317192834344,none,0
2025-01-06 17:00:00,AWS_005,23.898596212446083,1005.1989039946233,94.18281633301584,none,0
2025-01-06 18:00:00,AWS_005,22.54806558852749,1005.2181025280726,95.06365402518874,none,0
2025-01-06 19:00:00,AWS_005,21.394220663578242,1004.3871623342845,95.42340652270231,none,0
2025-01-06 20:00:00,AWS_005,19.542526486581792,1004.2260502763182,93.29200325665417,none,0
2025-01-06 21:00:00,AWS_005,17.93100386476433,1004.0682817731139,96.05998860933332,none,0
2025-01-06 22:00:00,AWS_005,17.199655997933895,1004.2241537680311,91.7995893019584,none,0
2025-01-06 23:00:00,AWS_005,15.811585538222063,1004.0871554346087,99.70393157771076,none,0
2025-01-07 00:00:00,AWS_005,16.434579850699514,1003.5456626511804,100.0,none,0
2025-01-07 01:00:00,AWS_005,16.509759904837445,1003.7658416458535,100.0,none,0
2025-01-07 02:00:00,AWS_005,16.540792098293903,1003.7645016940318,98.33089598046028,none,0
2025-01-07 03:00:00,AWS_005,17.403997414810984,1004.3619357254165,100.0,none,0
2025-01-07 04:00:00,AWS_005,18.675281465157873,1004.0796596715169,97.25657221114993,none,0
2025-01-07 05:00:00,AWS_005,20.32143852827309,1004.8656745994349,96.38007536667595,none,0
2025-01-07 06:00:00,AWS_005,22.427810757503764,1005.1116373724747,96.4062442681874,none,0
2025-01-07 07:00:00,AWS_005,23.68563190265104,1005.7002617476224,94.06928440495157,none,0
2025-01-07 08:00:00,AWS_005,24.926245130629166,1005.9393138271734,96.90303105294036,none,0
2025-01-07 09:00:00,AWS_005,26.331608812022846,1006.0399147296214,92.05896845343513,none,0
2025-01-07 10:00:00,AWS_005,27.896570613189077,1005.8732646941127,86.49218680021927,none,0
2025-01-07 11:00:00,AWS_005,27.873792397481008,1005.5472544423573,87.3599238149981,none,0
2025-01-07 12:00:00,AWS_005,27.871798025939,1006.4848382488033,92.16830348464536,none,0
2025-01-07 13:00:00,AWS_005,28.86617742501216,1006.3420890356213,89.10569423932769,none,0
2025-01-07 14:00:00,AWS_005,27.058733032803385,1005.8740190196854,85.10052466991907,none,0
2025-01-07 15:00:00,AWS_005,26.632104022052584,1005.6105962901024,87.52998048865781,none,0
2025-01-07 16:00:00,AWS_005,25.55015593134486,1005.7196770701651,87.86759381352825,none,0
2025-01-07 17:00:00,AWS_005,23.81109492720084,1005.3174444416132,94.1863607277726,none,0
2025-01-07 18:00:00,AWS_005,22.10827973089804,1004.8325860805318,94.70600432193804,none,0
2025-01-07 19:00:00,AWS_005,21.153177984796702,1004.5613390145423,97.50181142568213,none,0
2025-01-07 20:00:00,AWS_005,19.24952055511194,1004.0139965741915,93.85370124436835,none,0
2025-01-07 21:00:00,AWS_005,18.210707316618787,1003.9331034058434,94.39857099841645,none,0
2025-01-07 22:00:00,AWS_005,16.98587721000637,1003.9514542090822,98.45588065584391,none,0
2025-01-07 23:00:00,AWS_005,17.063118456319106,1003.5364886955309,100.0,none,0
2025-01-08 00:00:00,AWS_005,15.84476584333892,1003.4354862382713,96.38740718926094,none,0
2025-01-08 01:00:00,AWS_005,15.913582708480094,1003.5014814161875,98.23704649885084,none,0
2025-01-08 02:00:00,AWS_005,16.666242687519713,1003.8919768822199,96.94742377760694,none,0
2025-01-08 03:00:00,AWS_005,17.911184297283885,1004.1965234045506,92.65048113852355,none,0
2025-01-08 04:00:00,AWS_005,19.102639938142573,1004.5648474234699,95.06884703418224,none,0
2025-01-08 05:00:00,AWS_005,20.701263086366733,1004.7107487113708,94.76939190112104,none,0
2025-01-08 06:00:00,AWS_005,21.946363961243797,1005.1269621196161,90.42068900488674,none,0
2025-01-08 07:00:00,AWS_005,23.945749435001993,1005.8617683830843,95.96999168507094,none,0
2025-01-08 08:00:00,AWS_005,24.651104089256357,1006.0388784789665,94.92281737414147,none,0
2025-01-08 09:00:00,AWS_005,25.955187306114208,1005.8903331657054,89.02838738354073,none,0
2025-01-08 10:00:00,AWS_005,27.293755198846537,1005.6774328896479,92.12701160241633,none,0
2025-01-08 11:00:00,AWS_005,27.719950117873342,1005.8938962231126,91.73532694679292,none,0
2025-01-08 12:00:00,AWS_005,27.88153852132923,1005.9984563998261,89.49801466431403,none,0
2025-01-08 13:00:00,AWS_005,27.766576265559312,1005.7372210367598,90.20172039172361,none,0
2025-01-08 14:00:00,AWS_005,27.11281427088107,1005.4201319581257,92.54994064101089,none,0
2025-01-08 15:00:00,AWS_005,26.552193292444567,1006.0403729503818,95.46658384599303,none,0
2025-01-08 16:00:00,AWS_005,25.48355525416014,1005.4651785815095,90.23746569270119,none,0
2025-01-08 17:00:00,AWS_005,24.24805127627766,1005.1998577653268,95.70072185460278,none,0
2025-01-08 18:00:00,AWS_005,22.265499408070564,1004.8391274133782,97.4967565457386,none,0
2025-01-08 19:00:00,AWS_005,20.377070966273777,1004.7211362940376,95.12956973241965,none,0
2025-01-08 20:00:00,AWS_005,18.77928239602474,1004.2765866042239,94.22569877518526,none,0
2025-01-08 21:00:00,AWS_005,17.53670601591351,1004.3489762327835,99.7798876187714,none,0
2025-01-08 22:00:00,AWS_005,16.386732342486713,1003.3760601625319,97.9468462841187,none,0
2025-01-08 23:00:00,AWS_005,16.645067269104572,1003.4770597375534,96.28215816317739,none,0
2025-01-09 00:00:00,AWS_005,16.883512168020925,1004.0679169973324,97.9183983885243,none,0
2025-01-09 01:00:00,AWS_005,16.372741920176466,1003.8713777851815,96.29694807167077,none,0
2025-01-09 02:00:00,AWS_005,17.10883513377474,1004.2493640659789,100.0,none,0
2025-01-09 03:00:00,AWS_005,17.093244548206464,1003.7571093408498,92.98753340746552,none,0
2025-01-09 04:00:00,AWS_005,19.18121733802042,1004.7702273850834,92.31745910569605,none,0
2025-01-09 05:00:00,AWS_005,20.40393690137672,1004.650794121547,96.604577755914,none,0
2025-01-09 06:00:00,AWS_005,22.232742601077245,1005.3120915636893,95.44411429780702,none,0
2025-01-09 07:00:00,AWS_005,23.442041635628136,1005.1558608793844,89.2750896271639,none,0
2025-01-09 08:00:00,AWS_005,24.917989548184092,1005.6078283285666,88.97274144980832,none,0
2025-01-09 09:00:00,AWS_005,26.111952026616244,1005.2615668541699,90.85275964988331,none,0
2025-01-09 10:00:00,AWS_005,27.152175689092722,965.7714601335848,92.54308340379266,spike,1
2025-01-09 11:00:00,AWS_005,28.804989447465523,1006.0285830560779,87.48462624948972,none,0
2025-01-09 12:00:00,AWS_005,28.478964070014168,1005.8808272059828,89.82231013180231,none,0
2025-01-09 13:00:00,AWS_005,27.436199531466265,1006.0409053755068,85.66607413373902,none,0
2025-01-09 14:00:00,AWS_005,27.31813997743514,1006.0466023111886,86.0185911387244,none,0
2025-01-09 15:00:00,AWS_005,26.31194254333537,1005.9884485149665,92.17496871939206,none,0
2025-01-09 16:00:00,AWS_005,26.02436974134259,1005.2665433529869,96.54901981201469,none,0
2025-01-09 17:00:00,AWS_005,23.056508351501364,1005.423178202376,100.0,none,0
2025-01-09 18:00:00,AWS_005,22.464939765464074,1005.004185676376,90.99398300247746,none,0
2025-01-09 19:00:00,AWS_005,20.988143991583037,1004.6336169754513,95.83057562896425,none,0
2025-01-09 20:00:00,AWS_005,20.06206060641264,1004.3683631874735,96.2925005353286,none,0
2025-01-09 21:00:00,AWS_005,18.64779945547323,1003.7727485531003,97.24945828302434,none,0
2025-01-09 22:00:00,AWS_005,16.95767377509833,1004.0597653256666,100.0,none,0
2025-01-09 23:00:00,AWS_005,15.790318073509672,1003.241237690623,99.59780962440587,none,0
2025-01-10 00:00:00,AWS_005,15.822082303115257,1003.3880682476935,100.0,none,0
2025-01-10 01:00:00,AWS_005,16.155720803416568,1003.8876690568669,95.96985359902718,none,0
2025-01-10 02:00:00,AWS_005,16.941879184093526,1004.0176845578759,93.46549668107099,none,0
2025-01-10 03:00:00,AWS_005,17.70984885924225,1003.5544705986401,97.20543224107838,none,0
2025-01-10 04:00:00,AWS_005,18.68819685152869,1004.5915366879234,100.0,none,0
2025-01-10 05:00:00,AWS_005,20.915365283232465,1004.5033751460945,96.85962907712627,none,0
2025-01-10 06:00:00,AWS_005,22.27449324688649,1005.3278758889962,89.87055179072142,none,0
2025-01-10 07:00:00,AWS_005,23.618134585821068,1004.999746957697,91.67668616362147,none,0
2025-01-10 08:00:00,AWS_005,25.029494444016255,1005.4268411735044,83.32934373090038,none,0
2025-01-10 09:00:00,AWS_005,26.213257103810616,1005.6606796341121,96.48053306031102,none,0
2025-01-10 10:00:00,AWS_005,27.01181858470645,1005.8724072317295,87.58873947607856,none,0
2025-01-10 11:00:00,AWS_005,29.021179225298333,1006.4799119796847,85.51301229181585,none,0
2025-01-10 12:00:00,AWS_005,28.090120588166616,1006.481490787058,93.68570842106084,none,0
2025-01-10 13:00:00,AWS_005,27.78202464391754,1006.054180741157,83.81797112808555,none,0
2025-01-10 14:00:00,AWS_005,28.022184081071075,1005.9987655384062,89.12854170528335,none,0
2025-01-10 15:00:00,AWS_005,26.326912263194274,1006.0620597233001,90.14536494954346,none,0
2025-01-10 16:00:00,AWS_005,25.35084432247974,1005.6082150622447,91.19219861553418,none,0
2025-01-10 17:00:00,AWS_005,23.38098523516646,1005.3495357422519,94.59844202381494,none,0
2025-01-10 18:00:00,AWS_005,22.06946736001927,1005.0996626911592,90.00016940103585,none,0
2025-01-10 19:00:00,AWS_005,19.952302125599555,1004.7476338519799,94.36490938811261,none,0
2025-01-10 20:00:00,AWS_005,19.422152452494824,1003.6232773931541,99.97807685312887,none,0
2025-01-10 21:00:00,AWS_005,18.810672332739813,1003.6159508732908,98.14766729995169,none,0
2025-01-10 22:00:00,AWS_005,17.142591839788164,1004.4183738795991,97.81574730542202,none,0
2025-01-10 23:00:00,AWS_005,16.585665257329993,1004.07132197312,92.31546164403143,none,0
2025-01-11 00:00:00,AWS_005,16.708280905487772,1003.8748557249788,97.67188234184026,none,0
2025-01-11 01:00:00,AWS_005,16.909093836131145,1004.1537831808093,94.11789305607647,none,0
2025-01-11 02:00:00,AWS_005,16.69426851445207,1003.3550177692156,98.37289303663516,none,0
2025-01-11 03:00:00,AWS_005,17.69665201019114,1004.1060331549975,100.0,none,0
2025-01-11 04:00:00,AWS_005,19.108998998544422,1004.7173301008033,96.81977060659943,none,0
2025-01-11 05:00:00,AWS_005,21.194181904327376,1004.7299202092084,89.11193963391051,none,0
2025-01-11 06:00:00,AWS_005,21.773333456515022,1005.2713776085366,92.30422023294624,none,0
2025-01-11 07:00:00,AWS_005,23.571759472142734,1004.9926327102781,92.28690145371608,none,0
2025-01-11 08:00:00,AWS_005,25.14838747930738,1005.3471320661381,97.04640411148056,none,0
2025-01-11 09:00:00,AWS_005,26.49620235810899,1006.096381068724,85.78438301422194,none,0
2025-01-11 10:00:00,AWS_005,27.525713919583175,1005.8459393291123,86.87295142040065,none,0
2025-01-11 11:00:00,AWS_005,27.891125051629626,1006.5960024492357,92.21446387787634,none,0
2025-01-11 12:00:00,AWS_005,28.733110513238174,1006.6871618790315,84.08496714079575,none,0
2025-01-11 13:00:00,AWS_005,27.74330558110138,1005.7300394436911,79.78342848291672,none,0
2025-01-11 14:00:00,AWS_005,28.263966503624385,1005.9465125144914,90.15296279449905,none,0
2025-01-11 15:00:00,AWS_005,26.56991822618932,1005.9886368281323,89.3251027789569,none,0
2025-01-11 16:00:00,AWS_005,25.51983193438657,1005.8683674348083,91.5103724522342,none,0
2025-01-11 17:00:00,AWS_005,23.305435398958025,1004.6177441659482,93.38200655140525,none,0
2025-01-11 18:00:00,AWS_005,22.378875338876007,1004.9323087167497,94.55238806023745,none,0
2025-01-11 19:00:00,AWS_005,20.200068207017427,1005.0941291782643,94.83792992772985,none,0
2025-01-11 20:00:00,AWS_005,18.660946102701832,1004.5421863705795,98.62162262971005,none,0
2025-01-11 21:00:00,AWS_005,18.31575761484496,1003.8916212595944,95.87590067740547,none,0
2025-01-11 22:00:00,AWS_005,17.046063670246763,1004.5202555068922,100.0,none,0
2025-01-11 23:00:00,AWS_005,15.98669993392263,1004.0797768054824,97.93843115493543,none,0
2025-01-12 00:00:00,AWS_005,15.430272459707501,1003.8688612890792,97.98964013647745,none,0
2025-01-12 01:00:00,AWS_005,16.737156836190117,1003.6500329613814,99.92867721667527,none,0
2025-01-12 02:00:00,AWS_005,17.05245528305308,1004.1129301976704,99.45408189004854,none,0
2025-01-12 03:00:00,AWS_005,18.318213805361,1003.9840686842996,97.32203849221983,none,0
2025-01-12 04:00:00,AWS_005,19.623149089981222,1004.5691994142994,97.08361255686185,none,0
2025-01-12 05:00:00,AWS_005,21.147660593032317,1004.3654028431312,93.40386623426167,none,0
2025-01-12 06:00:00,AWS_005,21.33853771488337,1004.9556629190349,92.86292266779117,none,0
2025-01-12 07:00:00,AWS_005,22.49682835915684,1005.7069623440576,90.81867506780861,none,0
2025-01-12 08:00:00,AWS_005,25.503630728954214,1005.4039397936482,89.84327622129086,none,0
2025-01-12 09:00:00,AWS_005,25.723022052021793,1006.1288081602885,91.36616006850869,none,0
2025-01-12 10:00:00,AWS_005,27.8802068020382,1006.0581393466297,89.94080392505604,none,0
2025-01-12 11:00:00,AWS_005,28.192309224648756,1005.827916441747,91.96958838275437,none,0
2025-01-12 12:00:00,AWS_005,28.229666677055782,1006.4201367996453,90.41299059585515,none,0
2025-01-12 13:00:00,AWS_005,28.001278212537866,1005.6783010457385,89.57929629728929,none,0
2025-01-12 14:00:00,AWS_005,26.79032392191165,1005.9112385704769,93.11577110388487,drift,1
2025-01-12 15:00:00,AWS_005,27.03033073235427,1005.4030459314296,91.31978809083421,drift,1
2025-01-12 16:00:00,AWS_005,26.34414034667462,1005.9123500433458,92.4520877556491,drift,1
2025-01-12 17:00:00,AWS_005,25.71473385468703,1005.414874412504,89.44083598723732,drift,1
2025-01-12 18:00:00,AWS_005,25.394756750850515,1004.9016867493916,91.84412108766031,drift,1
2025-01-12 19:00:00,AWS_005,23.429345839495916,1005.206662540002,93.12820100261142,drift,1
2025-01-12 20:00:00,AWS_005,23.060192422544652,1004.147498556993,97.57948003036003,drift,1
2025-01-12 21:00:00,AWS_005,22.857823535817616,1004.3185423034131,97.72440010872168,drift,1
2025-01-12 22:00:00,AWS_005,21.487094279990977,1003.9383946260324,99.36268208514396,drift,1
2025-01-12 23:00:00,AWS_005,21.42224678151067,1004.0084589445934,100.0,drift,1
2025-01-13 00:00:00,AWS_005,21.843407054982656,1003.812958703406,100.0,drift,1
2025-01-13 01:00:00,AWS_005,22.48501858951184,1004.1002595026064,99.85207143373418,drift,1
2025-01-13 02:00:00,AWS_005,23.472796854218878,1003.654828824325,97.2992606556923,drift,1
2025-01-13 03:00:00,AWS_005,25.940528334005272,1004.211175436053,99.63050323137382,drift,1
2025-01-13 04:00:00,AWS_005,19.842958458578725,1004.3564049581714,94.23757345792188,none,0
2025-01-13 05:00:00,AWS_005,20.922409663801407,1004.4634714555419,93.26489453249701,none,0
2025-01-13 06:00:00,AWS_005,22.019500689111773,1005.0997040757279,93.7077877880542,none,0
2025-01-13 07:00:00,AWS_005,23.551228307586182,1005.5235875609568,92.82287758618706,none,0
2025-01-13 08:00:00,AWS_005,25.347098280208115,1005.4016688922902,90.8484093030689,none,0
2025-01-13 09:00:00,AWS_005,26.190592014359382,1006.1051611600444,90.23764738860721,none,0
2025-01-13 10:00:00,AWS_005,27.379210034530903,1005.712767161187,90.63155324784947,none,0
2025-01-13 11:00:00,AWS_005,27.83270863530532,1006.218888530617,85.4057391397735,none,0
2025-01-13 12:00:00,AWS_005,28.61698404452452,1006.3566534835511,89.78058054152535,none,0
2025-01-13 13:00:00,AWS_005,28.303546369621028,1006.4802390360045,87.7854492246493,none,0
2025-01-13 14:00:00,AWS_005,27.513698528923708,1006.0554750125374,88.46586227809404,none,0
2025-01-13 15:00:00,AWS_005,26.051485599295816,1005.8215692441345,89.59320600719475,none,0
2025-01-13 16:00:00,AWS_005,25.058227972237038,1005.5032923232377,89.15684945903433,none,0
2025-01-13 17:00:00,AWS_005,24.114479309303103,1005.2590619104639,89.77537546523641,none,0
2025-01-13 18:00:00,AWS_005,22.98575672217118,1005.0420381017457,93.05158621027643,none,0
2025-01-13 19:00:00,AWS_005,20.506797047368185,1005.240021621794,91.46427012826328,none,0
2025-01-13 20:00:00,AWS_005,20.314384089905026,1003.9703231093092,94.72766443111456,none,0
2025-01-13 21:00:00,AWS_005,17.867532782789006,1004.6099081385521,92.99533096878072,none,0
2025-01-13 22:00:00,AWS_005,16.916110791886343,1004.1504457598397,98.83234779416384,none,0
2025-01-13 23:00:00,AWS_005,16.613611203512846,1004.0008532159028,92.7440368732541,none,0
2025-01-14 00:00:00,AWS_005,16.008647953903665,1003.8151655648975,93.65285523686049,none,0
2025-01-14 01:00:00,AWS_005,16.491523787234655,1004.0258028070951,100.0,none,0
2025-01-14 02:00:00,AWS_005,17.127594365383775,1003.8286549662437,99.21203588810369,none,0
2025-01-14 03:00:00,AWS_005,17.854779084950685,1004.3580802108819,92.77009605817243,none,0
2025-01-14 04:00:00,AWS_005,19.16780936681622,1004.6586964771132,94.32435791281577,none,0
2025-01-14 05:00:00,AWS_005,20.951047999013184,1004.7247682096602,98.26891809915091,none,0
2025-01-14 06:00:00,AWS_005,22.781269138311668,1005.1813868549577,91.163396276851,none,0
2025-01-14 07:00:00,AWS_005,24.73799618146146,1005.5426384667339,90.37884116039848,none,0
2025-01-14 08:00:00,AWS_005,50.357630259386994,1005.6432895938118,88.09706513818688,spike,1
2025-01-14 09:00:00,AWS_005,25.945595744171406,1006.4464177386016,87.34068180536883,none,0
2025-01-14 10:00:00,AWS_005,31.92622239780315,1006.6737169870648,98.0,thermo_inconsistent,1
2025-01-14 11:00:00,AWS_005,27.431332781390875,1005.9246719460361,90.01445656012116,none,0
2025-01-14 12:00:00,AWS_005,28.320267068742996,1006.6983667288025,91.57685922205025,none,0
2025-01-14 13:00:00,AWS_005,27.80496600148176,1006.0712644263252,85.98332542209505,none,0
2025-01-14 14:00:00,AWS_005,27.616446994789,1005.7097702429714,86.19571519132819,none,0
2025-01-14 15:00:00,AWS_005,26.42526105736105,1005.7238923013438,87.20659873442592,none,0
2025-01-14 16:00:00,AWS_005,25.28810685025632,1005.7060871270278,91.17716955239769,none,0
2025-01-14 17:00:00,AWS_005,23.680355234560363,1005.5965506395809,95.20472526627607,none,0
2025-01-14 18:00:00,AWS_005,27.314334257520866,1005.8040116784817,98.0,thermo_inconsistent,1
2025-01-14 19:00:00,AWS_005,19.99475833034249,1004.6161886577621,98.49305185750535,none,0
2025-01-14 20:00:00,AWS_005,19.73450654926972,1004.7696723330448,94.8017680621032,none,0
2025-01-14 21:00:00,AWS_005,18.514874863235477,1004.4827788186574,93.55686834208544,none,0
2025-01-14 22:00:00,AWS_005,17.34201588356145,1004.2148640617266,98.63542599897718,none,0
2025-01-14 23:00:00,AWS_005,16.60698822843038,1004.1204427297295,94.89884957213343,none,0
2025-01-15 00:00:00,AWS_005,16.466589313633786,1004.0552073886763,95.79741275017692,none,0
2025-01-15 01:00:00,AWS_005,16.333555421816136,1004.2471605169476,97.5001782748023,none,0
2025-01-15 02:00:00,AWS_005,16.673910028427777,1004.4295228071172,98.54182665043747,none,0
2025-01-15 03:00:00,AWS_005,18.383719614583875,1004.344657792257,96.76399395558039,none,0
2025-01-15 04:00:00,AWS_005,19.60292469649577,1004.5521852657446,94.35351825807535,none,0
2025-01-15 05:00:00,AWS_005,21.121659940240363,1004.4617672206625,88.28741103962341,none,0
2025-01-15 06:00:00,AWS_005,22.251899141455283,1005.1851982842313,90.57925365744931,none,0
2025-01-15 07:00:00,AWS_005,24.287515632332347,1005.5546788560624,91.60111715018164,none,0
2025-01-15 08:00:00,AWS_005,25.564978157809815,1005.8386728356368,91.31653901891673,drift,1
2025-01-15 09:00:00,AWS_005,27.30930007587818,1005.9151065020593,88.62002322687712,drift,1
2025-01-15 10:00:00,AWS_005,27.509834059947018,1007.2917811818493,91.40205955119052,drift,1
2025-01-15 11:00:00,AWS_005,27.249958002861074,1007.1600899022384,90.45244310687309,drift,1
2025-01-15 12:00:00,AWS_005,27.883410198148784,1008.0995880799219,89.49163322686009,drift,1
2025-01-15 13:00:00,AWS_005,28.26312516348672,1009.6194822424388,91.21976914464629,drift,1
2025-01-15 14:00:00,AWS_005,26.94123021991451,1009.2314182195317,88.43417746725265,drift,1
2025-01-15 15:00:00,AWS_005,26.83404489289748,1010.3423585486174,90.76045665512613,drift,1
2025-01-15 16:00:00,AWS_005,25.013048758608686,1010.8603728793804,91.32636949006488,drift,1
2025-01-15 17:00:00,AWS_005,23.913394555226578,1011.806183243921,83.76532188587937,drift,1
2025-01-15 18:00:00,AWS_005,22.425715872333292,1012.4437024346263,94.13155773886227,drift,1
2025-01-15 19:00:00,AWS_005,20.40563254788782,1012.0030574443746,95.26214590215434,drift,1
2025-01-15 20:00:00,AWS_005,19.467445607848926,1012.6609804406911,96.86397206786111,drift,1
2025-01-15 21:00:00,AWS_005,18.534247197354034,1013.3564072441806,92.85491582097988,drift,1
2025-01-15 22:00:00,AWS_005,16.890486775596983,1013.7396858537394,91.9861493386003,drift,1
2025-01-15 23:00:00,AWS_005,16.378832595718908,1014.9925577196013,98.35252202606732,drift,1
2025-01-16 00:00:00,AWS_005,16.058810012171595,1015.6369533541717,93.92927539629207,drift,1
2025-01-16 01:00:00,AWS_005,16.765475946684376,1015.6214981199018,95.47960172082006,drift,1
2025-01-16 02:00:00,AWS_005,17.50745538322978,1016.7867589574629,95.56951018998893,drift,1
2025-01-16 03:00:00,AWS_005,17.79623117717301,1018.2967868698238,91.94130533782518,drift,1
2025-01-16 04:00:00,AWS_005,19.135573220760424,1019.0955476749383,95.05007554775837,drift,1
2025-01-16 05:00:00,AWS_005,21.081924588322575,1013.1300947766505,90.03779092782389,drift,1
2025-01-16 06:00:00,AWS_005,22.324670879292864,1013.2842461852455,96.71164731979671,drift,1
2025-01-16 07:00:00,AWS_005,24.543542918335692,1005.3062844821418,93.57670029984243,none,0
2025-01-16 08:00:00,AWS_005,25.27744760594932,1005.1086747140654,88.53400435501739,none,0
2025-01-16 09:00:00,AWS_005,26.277755570016,1005.6906668632084,93.39198149564845,none,0
2025-01-16 10:00:00,AWS_005,26.99717753961675,1006.151735205676,90.79064162664355,none,0
2025-01-16 11:00:00,AWS_005,27.825408570197453,1006.489857895669,95.97300677662508,none,0
2025-01-16 12:00:00,AWS_005,27.58851399682681,1006.0552672643556,90.9965610943971,none,0
2025-01-16 13:00:00,AWS_005,28.19797491532078,1006.1929340957469,91.92491206585825,none,0
2025-01-16 14:00:00,AWS_005,28.17730818242697,1006.2944212215001,89.69134458037317,none,0
2025-01-16 15:00:00,AWS_005,25.902626491146,1006.0273728316449,89.8593391953395,none,0
2025-01-16 16:00:00,AWS_005,24.729493875555484,1006.1304753871145,92.92220913417745,none,0
2025-01-16 17:00:00,AWS_005,23.38117333783159,1005.2770800947395,91.25184215405132,none,0
2025-01-16 18:00:00,AWS_005,22.220830718179965,1005.1106629193016,92.55365013473231,none,0
2025-01-16 19:00:00,AWS_005,20.359800387172772,1004.457396447051,100.0,none,0
2025-01-16 20:00:00,AWS_005,19.63601626817703,1004.3150555924198,96.60082487741911,none,0
2025-01-16 21:00:00,AWS_005,18.479705544301613,1004.12148675661,100.0,none,0
2025-01-16 22:00:00,AWS_005,41.833815758864525,1004.1176379874155,95.64876784294884,spike,1
2025-01-16 23:00:00,AWS_005,16.414337143395443,1003.9927084843391,93.65516206194027,none,0
2025-01-17 00:00:00,AWS_005,16.009004958069653,1004.3961394241544,100.0,none,0
2025-01-17 01:00:00,AWS_005,16.781971581090833,1004.0377554519583,97.21356095967917,none,0
2025-01-17 02:00:00,AWS_005,17.849993779455815,1004.3095019446897,96.67045195720195,none,0
2025-01-17 03:00:00,AWS_005,17.666524713357695,1004.4156133556289,96.90228716671663,none,0
2025-01-17 04:00:00,AWS_005,19.130365314410167,1004.2143967177864,90.62452182586397,none,0
2025-01-17 05:00:00,AWS_005,20.320654030951534,1004.0900056858791,94.53854780154526,none,0
2025-01-17 06:00:00,AWS_005,22.516318504446676,1005.398245101411,99.45609110963457,none,0
2025-01-17 07:00:00,AWS_005,24.064463460013705,1005.5948573672347,90.4938045724842,none,0
2025-01-17 08:00:00,AWS_005,25.008723400918267,1005.7013070147029,85.23131384027195,none,0
2025-01-17 09:00:00,AWS_005,26.476986062940146,1005.9669841793731,86.50891832323633,drift,1
2025-01-17 10:00:00,AWS_005,28.435005061841878,1006.2955204486924,91.49047465955674,drift,1
2025-01-17 11:00:00,AWS_005,28.973422721935442,1008.3065323126568,87.70119354428347,drift,1
2025-01-17 12:00:00,AWS_005,27.985160649722218,1007.4325431037197,93.13257697711681,drift,1
2025-01-17 13:00:00,AWS_005,28.145589581335905,1008.890491076264,91.09123958004419,drift,1
2025-01-17 14:00:00,AWS_005,27.387204477036228,1009.0634774049091,89.22825649800762,drift,1
2025-01-17 15:00:00,AWS_005,26.77285104418918,1009.3612410125781,89.91736744318662,drift,1
2025-01-17 16:00:00,AWS_005,24.899728919290744,1010.0932474748383,90.1810933624532,frozen,1
2025-01-17 17:00:00,AWS_005,24.899728919290744,1010.0932474748383,90.1810933624532,frozen,1
2025-01-17 18:00:00,AWS_005,24.899728919290744,1010.0932474748383,90.1810933624532,frozen,1
2025-01-17 19:00:00,AWS_005,24.899728919290744,1010.0932474748383,90.1810933624532,frozen,1
2025-01-17 20:00:00,AWS_005,18.76999091542063,1010.8633018388813,92.49273336555454,drift,1
2025-01-17 21:00:00,AWS_005,18.877935547073832,1003.8835587698153,98.92433478157938,none,0
2025-01-17 22:00:00,AWS_005,16.79968134339014,1004.2361885639289,95.02148060060466,none,0
2025-01-17 23:00:00,AWS_005,16.008937349344585,1003.6692708858739,100.0,none,0
2025-01-18 00:00:00,AWS_005,16.8484588604107,1003.8630103833923,95.30078412210192,none,0
2025-01-18 01:00:00,AWS_005,16.951932601865106,1004.2148081381033,100.0,none,0
2025-01-18 02:00:00,AWS_005,17.173016400098653,1004.2013178215468,100.0,none,0
2025-01-18 03:00:00,AWS_005,18.517156787774578,1003.7064883490905,99.80451654446847,none,0
2025-01-18 04:00:00,AWS_005,19.674131930892674,1004.7459600386885,94.52050403558738,none,0
2025-01-18 05:00:00,AWS_005,20.979832621516834,1004.9767086886138,97.14128757737907,none,0
2025-01-18 06:00:00,AWS_005,21.95859247256027,1005.1165131999974,100.0,none,0
2025-01-18 07:00:00,AWS_005,23.808110184338517,1005.304464426646,92.67918911149341,none,0
2025-01-18 08:00:00,AWS_005,25.39705716386733,1005.6331077748675,96.0246093007099,none,0
2025-01-18 09:00:00,AWS_005,27.125857559408832,1006.1586617528612,90.58618720702762,none,0
2025-01-18 10:00:00,AWS_005,28.228347605594017,1006.1762566336979,89.46331273270746,none,0
2025-01-18 11:00:00,AWS_005,28.13972043412829,1006.1149934016661,93.11638485026019,none,0
2025-01-18 12:00:00,AWS_005,28.159488803797025,1006.2333996795861,92.12097886676011,none,0
2025-01-18 13:00:00,AWS_005,27.87769120778066,1007.0227478818944,90.92168438062284,none,0
2025-01-18 14:00:00,AWS_005,27.967409539440865,1005.8785189978778,86.38988843905419,none,0
2025-01-18 15:00:00,AWS_005,26.385179285935802,1006.0813642152857,88.08972679959561,none,0
2025-01-18 16:00:00,AWS_005,26.269964212410745,1006.0378539542393,91.60183168152328,none,0
2025-01-18 17:00:00,AWS_005,24.04038422272059,1005.7887842128372,90.31903601498142,none,0
2025-01-18 18:00:00,AWS_005,22.470194870016673,1005.1170172600566,95.15054002129025,none,0
2025-01-18 19:00:00,AWS_005,21.13455010387824,1004.3103561196856,95.66316706233886,none,0
2025-01-18 20:00:00,AWS_005,19.40916142993027,1004.5694069210464,91.65257510837311,none,0
2025-01-18 21:00:00,AWS_005,17.812534673983794,1004.6276044938118,96.58280484745961,none,0
2025-01-18 22:00:00,AWS_005,17.26328136153202,1003.2964723955063,100.0,none,0
2025-01-18 23:00:00,AWS_005,16.788363988093074,1003.9392141846766,97.59629516944256,none,0
2025-01-19 00:00:00,AWS_005,16.218571410762014,1003.8953507932092,99.80428316939646,none,0
2025-01-19 01:00:00,AWS_005,16.538760492129335,1004.2087568334869,95.78268025638349,none,0
2025-01-19 02:00:00,AWS_005,17.21198149070401,1004.0016886458632,91.02278629844086,none,0
2025-01-19 03:00:00,AWS_005,17.434511259964157,1003.9939213270826,99.5149297184724,none,0
2025-01-19 04:00:00,AWS_005,19.112641976914222,1004.6378473854651,93.17039388235702,none,0
2025-01-19 05:00:00,AWS_005,20.819187375598734,1004.3869718775792,99.73287226518103,none,0
2025-01-19 06:00:00,AWS_005,21.971587705338067,1004.9324180372912,93.42743192179987,none,0
2025-01-19 07:00:00,AWS_005,24.18338407443015,1005.1469820683774,91.85000749222874,none,0
2025-01-19 08:00:00,AWS_005,25.649928377991284,1005.9461476696544,89.3694717966053,none,0
2025-01-19 09:00:00,AWS_005,25.785358900763043,1006.1646677024917,94.4285263681258,none,0
2025-01-19 10:00:00,AWS_005,27.39768178516882,1006.4022141219816,91.34769131367152,none,0
2025-01-19 11:00:00,AWS_005,28.40980604809806,1005.8574735580186,87.22813163712554,none,0
2025-01-19 12:00:00,AWS_005,28.308623136785663,1006.2537928242264,90.81497068233806,none,0
2025-01-19 13:00:00,AWS_005,28.44112359365376,1006.9362026726768,91.69878910865589,none,0
2025-01-19 14:00:00,AWS_005,27.88502147763818,1005.7757334354434,88.21797791758237,none,0
2025-01-19 15:00:00,AWS_005,26.069232753369132,1006.3314509642892,92.11128156807632,none,0
2025-01-19 16:00:00,AWS_005,25.542784357421205,1005.9256462945222,91.4829474135863,none,0
2025-01-19 17:00:00,AWS_005,23.635442514268977,1005.5964303526993,88.96603285964474,none,0
2025-01-19 18:00:00,AWS_005,21.509691915187737,1004.426657021723,94.58023727081064,none,0
2025-01-19 19:00:00,AWS_005,21.09660901176807,1005.0926420329247,91.0928888173728,none,0
2025-01-19 20:00:00,AWS_005,19.134005899680268,1004.6579353828399,95.04931475848292,none,0
2025-01-19 21:00:00,AWS_005,18.15447355297156,1004.6980685838483,96.79682726526899,none,0
2025-01-19 22:00:00,AWS_005,17.528672215079215,1003.7729062450491,96.64744029456554,none,0
2025-01-19 23:00:00,AWS_005,17.05852684829802,1003.9792760632125,100.0,none,0
2025-01-20 00:00:00,AWS_005,16.346067866098025,1004.1990682650796,99.57333336331793,none,0
2025-01-20 01:00:00,AWS_005,16.28427472998492,1004.2364154029233,99.64445826942367,none,0
2025-01-20 02:00:00,AWS_005,16.999100657971237,1004.4938588397904,96.39585063921663,none,0
2025-01-20 03:00:00,AWS_005,18.648896082255018,1004.5160953464944,95.1247149498833,none,0
2025-01-20 04:00:00,AWS_005,19.321618476433223,1004.3290814253476,98.10994750972858,none,0
2025-01-20 05:00:00,AWS_005,21.62459108319213,1004.5431287206259,96.94314300054884,none,0
2025-01-20 06:00:00,AWS_005,23.08855093909853,1005.3339678105006,87.01095423827067,none,0
2025-01-20 07:00:00,AWS_005,23.74778571435346,1005.4920033044571,93.12520206291467,none,0
2025-01-20 08:00:00,AWS_005,26.194549756387133,1005.9967584504473,92.22153122024831,none,0
2025-01-20 09:00:00,AWS_005,26.475414851424837,1005.9651879694751,89.95510683579481,none,0
2025-01-20 10:00:00,AWS_005,27.615620314950377,1005.9392796036676,94.11243305331415,none,0
2025-01-20 11:00:00,AWS_005,28.241580961922395,1006.2963066043513,86.8934224998502,none,0
2025-01-20 12:00:00,AWS_005,28.05198514182761,1006.2853039569019,87.55737331269525,none,0
2025-01-20 13:00:00,AWS_005,28.30570353880061,1006.236219836045,91.04021480874115,none,0
2025-01-20 14:00:00,AWS_005,27.920034888159773,1005.8299702888847,89.52743552689667,none,0
2025-01-20 15:00:00,AWS_005,27.64253068840732,1005.5622536551306,88.79173013992143,none,0
2025-01-20 16:00:00,AWS_005,26.02027697126667,1005.8241811423599,91.46044285466394,none,0
2025-01-20 17:00:00,AWS_005,23.804231791467366,1005.466964811002,92.87594614311863,none,0
2025-01-20 18:00:00,AWS_005,22.601530932653294,1005.2865052587034,96.2430400394556,none,0
2025-01-20 19:00:00,AWS_005,21.38385699433652,1004.8815442551239,95.05025766192618,none,0
2025-01-20 20:00:00,AWS_005,19.42927017546107,1004.5062951547496,96.99353794874214,none,0
2025-01-20 21:00:00,AWS_005,17.906666886169933,1003.7128049331747,96.85176341557796,none,0
2025-01-20 22:00:00,AWS_005,17.233526687680023,1004.5946456363237,92.34965964496823,none,0
2025-01-20 23:00:00,AWS_005,16.22300131542257,1004.6478996230767,100.0,none,0
2025-01-21 00:00:00,AWS_005,16.505292827174582,1003.955735068773,99.95635133799593,none,0
2025-01-21 01:00:00,AWS_005,16.467471852415212,1003.8208740162752,98.59545237441326,none,0
2025-01-21 02:00:00,AWS_005,17.7519372491505,1004.2317817426504,95.71182634609923,none,0
2025-01-21 03:00:00,AWS_005,18.13607875473844,1004.3000404805682,93.17106661489433,none,0
2025-01-21 04:00:00,AWS_005,18.973772508728008,1005.0817991442123,96.40667087750268,none,0
2025-01-21 05:00:00,AWS_005,21.20598104347167,1004.6784301049778,93.23516722704674,none,0
2025-01-21 06:00:00,AWS_005,22.366531773182736,1005.4430521909402,92.25618549873285,none,0
2025-01-21 07:00:00,AWS_005,23.654149131704653,1005.2545482494135,88.55496756862786,none,0
2025-01-21 08:00:00,AWS_005,25.586536085810263,1005.3271144361772,97.57264277716573,none,0
2025-01-21 09:00:00,AWS_005,26.388481347039455,965.9206497888862,88.52422410414147,spike,1
2025-01-21 10:00:00,AWS_005,26.964611972052605,1006.9527833051033,96.28145047442995,none,0
2025-01-21 11:00:00,AWS_005,27.776927118981884,1006.5993570829037,93.54466644502307,none,0
2025-01-21 12:00:00,AWS_005,28.89878560538785,1006.408987881677,94.38308716421865,none,0
2025-01-21 13:00:00,AWS_005,28.839071396339353,1006.1705043228641,89.62355847694455,none,0
2025-01-21 14:00:00,AWS_005,27.468900598724343,1006.0260399361567,88.43976465358766,none,0
2025-01-21 15:00:00,AWS_005,26.835349161211155,1005.9430471631747,92.27210872047871,none,0
2025-01-21 16:00:00,AWS_005,24.74170641463669,1006.3938570588846,92.23836803131597,none,0
2025-01-21 17:00:00,AWS_005,24.33981066338509,1005.6863876150275,91.06835786128374,none,0
2025-01-21 18:00:00,AWS_005,22.379599836475894,1004.6012497543128,96.31828350027295,none,0
2025-01-21 19:00:00,AWS_005,21.12114242904661,1004.770313355066,97.61481057059045,none,0
2025-01-21 20:00:00,AWS_005,19.321943506545736,1004.6872046503748,96.13362304032074,none,0
2025-01-21 21:00:00,AWS_005,18.183289934186384,1003.999818768483,95.93507644294347,none,0
2025-01-21 22:00:00,AWS_005,16.574221034165536,1003.9956820533083,100.0,none,0
2025-01-21 23:00:00,AWS_005,16.813518564560827,1004.3939579451095,100.0,none,0
2025-01-22 00:00:00,AWS_005,16.21780679511898,1003.7945771888391,99.32319748249323,none,0
2025-01-22 01:00:00,AWS_005,16.757839678876888,1004.0227973662036,94.22100794595622,none,0
2025-01-22 02:00:00,AWS_005,17.90082536849216,1004.2280305677032,100.0,none,0
2025-01-22 03:00:00,AWS_005,17.189404741875524,1004.7376164596178,98.68711000730791,none,0
2025-01-22 04:00:00,AWS_005,19.85206722682786,1004.8546036019454,97.39160710861042,none,0
2025-01-22 05:00:00,AWS_005,21.029340551219413,1005.5074946620205,95.07328912818575,none,0
2025-01-22 06:00:00,AWS_005,22.56089233866136,1005.0023698804266,97.7373181534428,none,0
2025-01-22 07:00:00,AWS_005,24.336895504623605,1005.650147327174,93.14100667219547,none,0
2025-01-22 08:00:00,AWS_005,25.2558645344198,1005.9217736407991,90.80604944652886,none,0
2025-01-22 09:00:00,AWS_005,25.91400608781462,1006.4004677820423,89.66894011030593,none,0
2025-01-22 10:00:00,AWS_005,27.37541824819103,1005.6524371160534,88.62093601374075,none,0
2025-01-22 11:00:00,AWS_005,28.067677305985814,1006.2503478392669,89.4601304177771,none,0
2025-01-22 12:00:00,AWS_005,27.4682474199988,1006.4779104596511,93.26253771049623,none,0
2025-01-22 13:00:00,AWS_005,28.42442412022719,1006.2568390600572,86.9497176993218,none,0
2025-01-22 14:00:00,AWS_005,27.810762095548878,1005.3012046985135,90.01667007326468,none,0
2025-01-22 15:00:00,AWS_005,26.17841371952765,1005.6669910471594,92.00215453566153,none,0
2025-01-22 16:00:00,AWS_005,25.431311385306707,1005.9254315227895,95.5840876099934,none,0
2025-01-22 17:00:00,AWS_005,23.983788106894576,1005.8786000301601,94.68953097801574,none,0
2025-01-22 18:00:00,AWS_005,22.415785571148213,1004.9286044897406,95.08881277836261,none,0
2025-01-22 19:00:00,AWS_005,20.844338791222285,1005.0163260231373,100.0,none,0
2025-01-22 20:00:00,AWS_005,19.829468811552868,1004.3390015548717,95.3610541405096,none,0
2025-01-22 21:00:00,AWS_005,18.255182421675716,1004.2270176755493,96.49587021673345,none,0
2025-01-22 22:00:00,AWS_005,18.04320714034508,1003.8038416325843,93.02293063550759,none,0
2025-01-22 23:00:00,AWS_005,16.71323810149868,1003.7231912080163,100.0,none,0
2025-01-23 00:00:00,AWS_005,16.949924217779785,1004.4652523226808,97.16015471627772,none,0
2025-01-23 01:00:00,AWS_005,17.19581571871525,1004.0453064047588,93.71107629784008,none,0
2025-01-23 02:00:00,AWS_005,16.614803249574415,1003.9662439739344,92.5084978148773,none,0
2025-01-23 03:00:00,AWS_005,18.29809979538455,1004.5972930258798,99.62905660180269,none,0
2025-01-23 04:00:00,AWS_005,19.628165013637105,1004.4651264522442,93.44617976837114,none,0
2025-01-23 05:00:00,AWS_005,21.131372644375713,1005.1084815153298,94.59646287076313,none,0
2025-01-23 06:00:00,AWS_005,22.63838840310013,1005.2064774475099,93.69976188710545,none,0
2025-01-23 07:00:00,AWS_005,24.50862794658114,1005.6415476588764,96.27179388595299,none,0
2025-01-23 08:00:00,AWS_005,25.81724228843767,1005.5255665339677,88.9315014818818,none,0
2025-01-23 09:00:00,AWS_005,26.60279237534182,1006.1516957951048,95.25597016377343,none,0
2025-01-23 10:00:00,AWS_005,,,,dropout,1
2025-01-23 11:00:00,AWS_005,,,,dropout,1
2025-01-23 12:00:00,AWS_005,,,,dropout,1
2025-01-23 13:00:00,AWS_005,28.04499535603201,1006.2077607761847,94.07298891022675,none,0
2025-01-23 14:00:00,AWS_005,27.13074894783119,1006.5338118992272,91.41346636770179,none,0
2025-01-23 15:00:00,AWS_005,26.262181310932895,1005.8453856027215,93.77456056464023,none,0
2025-01-23 16:00:00,AWS_005,26.077655066907823,1005.7764185806479,86.82414357130305,none,0
2025-01-23 17:00:00,AWS_005,24.34258543836314,1005.7557291924674,96.15939461616051,none,0
2025-01-23 18:00:00,AWS_005,22.21803004139876,1005.1260433249558,89.78566014758411,none,0
2025-01-23 19:00:00,AWS_005,21.219929026799363,1004.9459155263838,90.67060584471118,none,0
2025-01-23 20:00:00,AWS_005,19.094920323189598,1004.6711222523505,95.51941790782476,none,0
2025-01-23 21:00:00,AWS_005,17.912445008868776,1004.461146921354,99.2809076100976,none,0
2025-01-23 22:00:00,AWS_005,16.573568607010426,1003.9705633828257,100.0,none,0
2025-01-23 23:00:00,AWS_005,16.5237023141512,1004.3366782880852,93.09590206848428,none,0
2025-01-24 00:00:00,AWS_005,16.70999358907994,1003.6290119266689,96.87708412061703,none,0
2025-01-24 01:00:00,AWS_005,17.684248821573778,1003.6110521350392,100.0,none,0
2025-01-24 02:00:00,AWS_005,17.16233691075954,1004.5330848292538,100.0,none,0
2025-01-24 03:00:00,AWS_005,18.350724171700406,1004.3202745410932,94.66300339081701,none,0
2025-01-24 04:00:00,AWS_005,19.64838245041107,1004.4039348604996,96.1678180764168,none,0
2025-01-24 05:00:00,AWS_005,21.300849608060425,1004.1623797166175,98.30114573481852,none,0
2025-01-24 06:00:00,AWS_005,22.21531313875489,1005.5408562972998,91.00632787672252,none,0
2025-01-24 07:00:00,AWS_005,23.58845712626251,1005.0154218818251,89.12310084772399,none,0
2025-01-24 08:00:00,AWS_005,25.851278872059414,1005.4959930342139,91.32615417874102,none,0
2025-01-24 09:00:00,AWS_005,26.23217828842499,1006.4310733454582,93.83891080833314,none,0
2025-01-24 10:00:00,AWS_005,27.907638372842175,1006.7793738918475,83.89314003658018,none,0
2025-01-24 11:00:00,AWS_005,28.091933315145795,1006.0172730765009,88.7777978898001,none,0
2025-01-24 12:00:00,AWS_005,28.51948769913403,1006.4137747608847,90.73614156318176,none,0
2025-01-24 13:00:00,AWS_005,28.49757239661091,1006.6992605130995,89.19045987047879,none,0
2025-01-24 14:00:00,AWS_005,26.989773855115228,1005.8206912979507,93.84864020618218,none,0
2025-01-24 15:00:00,AWS_005,27.634381139815833,1006.4547245396978,91.4557214220532,none,0
2025-01-24 16:00:00,AWS_005,24.957206170749405,1005.2309884332255,83.80067606916865,none,0
2025-01-24 17:00:00,AWS_005,23.604333867687256,1005.5150601462033,96.80034549732443,none,0
2025-01-24 18:00:00,AWS_005,22.7389351791694,1005.2005504371095,94.21195132697092,none,0
2025-01-24 19:00:00,AWS_005,19.69783472629797,1005.0126338094896,91.23317036216112,drift,1
2025-01-24 20:00:00,AWS_005,19.555793208597606,1005.0033034977638,96.87661249714553,drift,1
2025-01-24 21:00:00,AWS_005,24.36648363903651,1004.5547044822148,98.0,thermo_inconsistent,1
2025-01-24 22:00:00,AWS_005,18.35337348113748,1003.7174302941497,99.29845514653576,drift,1
2025-01-24 23:00:00,AWS_005,18.245924520919793,1004.2495632771911,99.17459276043297,drift,1
2025-01-25 00:00:00,AWS_005,18.335876275811188,1004.563223830987,99.76317460108959,drift,1
2025-01-25 01:00:00,AWS_005,18.95090164507273,1003.7884543592888,100.0,drift,1
2025-01-25 02:00:00,AWS_005,19.902041906846854,1003.5947907179464,96.43559006099625,drift,1
2025-01-25 03:00:00,AWS_005,22.196125863526852,1004.2877156876872,99.32130822039814,drift,1
2025-01-25 04:00:00,AWS_005,23.29049327073642,1005.2430242424429,95.52228542554319,drift,1
2025-01-25 05:00:00,AWS_005,24.446667630501008,1004.4108689205984,95.57803073583817,drift,1
2025-01-25 06:00:00,AWS_005,26.698367942962985,1005.3553447218354,90.68124613898149,drift,1
2025-01-25 07:00:00,AWS_005,29.12578800920901,1005.8535150819142,90.49132776060748,drift,1
2025-01-25 08:00:00,AWS_005,31.164187788185743,1005.4975610458552,85.80642280934329,drift,1
2025-01-25 09:00:00,AWS_005,31.696482016958857,1006.1516527742118,90.49192461799785,drift,1
2025-01-25 10:00:00,AWS_005,33.5493201379114,1006.0908485945508,93.5484505047671,drift,1
2025-01-25 11:00:00,AWS_005,27.318664191415756,1005.8713393795247,90.34472927829374,none,0
2025-01-25 12:00:00,AWS_005,28.238192931124818,1006.1917936960282,93.12827276219976,none,0
2025-01-25 13:00:00,AWS_005,28.97845414033212,1006.728595596154,80.46881230244098,none,0
2025-01-25 14:00:00,AWS_005,27.967563656870283,1006.2767533733335,88.70215147423778,none,0
2025-01-25 15:00:00,AWS_005,26.59628186470953,1006.3416684881375,83.34144609950971,none,0
2025-01-25 16:00:00,AWS_005,25.022035085778125,1005.9021675274221,89.9770484941974,none,0
2025-01-25 17:00:00,AWS_005,24.01480853033565,1005.1507260260163,98.77312514239685,none,0
2025-01-25 18:00:00,AWS_005,22.5003273307461,1005.1616165193642,96.18465662674731,none,0
2025-01-25 19:00:00,AWS_005,21.03032274055022,1004.5864588490538,92.68084299615425,none,0
2025-01-25 20:00:00,AWS_005,19.779441279198835,1004.2993635656758,97.10375882311722,none,0
2025-01-25 21:00:00,AWS_005,18.29720760965871,1004.0601442952191,96.38697222684019,none,0
2025-01-25 22:00:00,AWS_005,16.552649467257016,1004.15009927444,100.0,none,0
2025-01-25 23:00:00,AWS_005,16.407577610215178,1003.9640859813782,97.74360639065883,none,0
2025-01-26 00:00:00,AWS_005,16.30611137226613,1003.8784349209731,98.27866532031331,none,0
2025-01-26 01:00:00,AWS_005,16.223502687631672,1004.5223223637835,99.6264454127412,none,0
2025-01-26 02:00:00,AWS_005,17.84972718059843,1003.9778139068823,97.72203387087977,none,0
2025-01-26 03:00:00,AWS_005,17.791228344448143,1004.6148215991369,95.09189843006988,none,0
2025-01-26 04:00:00,AWS_005,19.69432118109348,1004.7887134582713,100.0,none,0
2025-01-26 05:00:00,AWS_005,21.084791362539058,1005.1138406351677,94.00657509391007,none,0
2025-01-26 06:00:00,AWS_005,22.57827882269202,1005.3362801851869,96.77157696575712,none,0
2025-01-26 07:00:00,AWS_005,24.0544499602813,1006.1895156220456,91.56188984437598,none,0
2025-01-26 08:00:00,AWS_005,25.160871222333327,1005.6207478105177,91.0451644347489,none,0
2025-01-26 09:00:00,AWS_005,26.81017297339916,1005.7761856183612,89.86436145314585,none,0
2025-01-26 10:00:00,AWS_005,28.084890354490685,1006.2711995686559,86.95875152308868,none,0
2025-01-26 11:00:00,AWS_005,27.898204805491066,1005.9131000418805,90.1570923855604,none,0
2025-01-26 12:00:00,AWS_005,29.09378362814715,1006.8461289093248,87.09566292001465,none,0
2025-01-26 13:00:00,AWS_005,28.066839241742958,1006.3326133961391,89.51906900767324,none,0
2025-01-26 14:00:00,AWS_005,28.115921526658916,1006.5421723787655,86.26113022209957,none,0
2025-01-26 15:00:00,AWS_005,26.677711601034257,1006.1945678614865,93.522887907014,none,0
2025-01-26 16:00:00,AWS_005,26.22942360329927,1006.3469493927732,92.1285766287741,none,0
2025-01-26 17:00:00,AWS_005,24.769851244702792,1005.210846621397,89.07870857866033,none,0
2025-01-26 18:00:00,AWS_005,23.244582811316736,1005.0124256932414,89.59382731482629,none,0
2025-01-26 19:00:00,AWS_005,21.879688718403735,1005.0926974198725,93.55342836156719,none,0
2025-01-26 20:00:00,AWS_005,19.45868659310466,1004.6216519567993,91.69060254297943,none,0
2025-01-26 21:00:00,AWS_005,17.01243918750898,1004.3078604787958,100.0,frozen,1
2025-01-26 22:00:00,AWS_005,17.01243918750898,1004.3078604787958,100.0,frozen,1
2025-01-26 23:00:00,AWS_005,17.01243918750898,1004.3078604787958,100.0,frozen,1
2025-01-27 00:00:00,AWS_005,17.01243918750898,1004.3078604787958,100.0,frozen,1
2025-01-27 01:00:00,AWS_005,17.01243918750898,1004.3078604787958,100.0,frozen,1
2025-01-27 02:00:00,AWS_005,16.927075443342627,1003.8903943090178,100.0,none,0
2025-01-27 03:00:00,AWS_005,18.58065821046851,1004.1851727860296,93.5830923496759,none,0
2025-01-27 04:00:00,AWS_005,19.33467781238414,1005.1715189393252,95.33173245213433,none,0
2025-01-27 05:00:00,AWS_005,20.749585490980945,1004.9091321117196,94.55325165607509,none,0
2025-01-27 06:00:00,AWS_005,22.62606619541806,1005.4751964414893,97.32402755034245,none,0
2025-01-27 07:00:00,AWS_005,23.514676174814873,1005.5424493415563,93.33621801849992,none,0
2025-01-27 08:00:00,AWS_005,25.869237570544836,1006.1686699941503,94.55605728034524,none,0
2025-01-27 09:00:00,AWS_005,27.032849547704,1006.6346231358326,91.03123020141122,none,0
2025-01-27 10:00:00,AWS_005,28.47625391239514,1006.179919654286,86.31054821779762,none,0
2025-01-27 11:00:00,AWS_005,28.745304700777552,1006.0614220502671,90.51609923885935,none,0
2025-01-27 12:00:00,AWS_005,28.733083241385305,1006.3273394004607,91.99859786403358,none,0
2025-01-27 13:00:00,AWS_005,28.87030662466005,1006.5944346377083,83.04787927937846,none,0
2025-01-27 14:00:00,AWS_005,27.74015051233366,1006.0400102621098,92.33057953899524,none,0
2025-01-27 15:00:00,AWS_005,26.90980783435895,1006.3489838955668,89.35383339591145,none,0
2025-01-27 16:00:00,AWS_005,25.109953851740805,1005.8287011742174,92.01735597002465,none,0
2025-01-27 17:00:00,AWS_005,23.87460264699896,1005.745298201122,92.5900837031161,none,0
2025-01-27 18:00:00,AWS_005,22.603019881892635,1005.474873615632,97.82085143252509,none,0
2025-01-27 19:00:00,AWS_005,21.48617032788508,1004.5874052431761,86.92495080012637,none,0
2025-01-27 20:00:00,AWS_005,20.28335903297714,1004.9601178335568,97.38335834381564,none,0
2025-01-27 21:00:00,AWS_005,19.05809164035491,1004.8926526443415,96.32044615187735,none,0
2025-01-27 22:00:00,AWS_005,17.261606295025096,1004.6004880154129,99.87526116749991,none,0
2025-01-27 23:00:00,AWS_005,16.818224962659006,1003.9885595705427,100.0,none,0
2025-01-28 00:00:00,AWS_005,16.26859754425892,1003.9421775717141,99.63596874415502,none,0
2025-01-28 01:00:00,AWS_005,16.177417976966133,1004.1822289948936,96.88892663700726,none,0
2025-01-28 02:00:00,AWS_005,17.828016873755622,1004.2335579043314,100.0,none,0
2025-01-28 03:00:00,AWS_005,17.8124620536514,1004.2737510294738,99.1437305568949,none,0
2025-01-28 04:00:00,AWS_005,19.92931291208368,1004.8127651056145,94.25770404758703,none,0
2025-01-28 05:00:00,AWS_005,20.85739164651719,1004.9946706891709,96.45419619042647,none,0
2025-01-28 06:00:00,AWS_005,22.559396180765386,1004.8903410760946,93.32122939749559,none,0
2025-01-28 07:00:00,AWS_005,24.638932658966727,1005.651129182599,92.71157724708867,none,0
2025-01-28 08:00:00,AWS_005,25.294573254783348,1006.0684670568792,93.71114068250388,none,0
2025-01-28 09:00:00,AWS_005,27.132783343205418,1006.2183796307182,87.07555838545875,none,0
2025-01-28 10:00:00,AWS_005,27.47761775913841,1005.9460973377163,92.51669729756732,none,0
2025-01-28 11:00:00,AWS_005,28.424881580960907,1006.410329256667,90.13536038136644,none,0
2025-01-28 12:00:00,AWS_005,28.597234674310922,1006.2450897921065,86.82416411758443,none,0
2025-01-28 13:00:00,AWS_005,28.509127303220197,1006.4574982587966,90.77419971942247,none,0
2025-01-28 14:00:00,AWS_005,27.325188786647118,1006.1049906532116,86.94024825307422,none,0
2025-01-28 15:00:00,AWS_005,26.784066758944572,1006.5817367915296,88.65260793445228,none,0
2025-01-28 16:00:00,AWS_005,25.807349214353074,1006.037846683151,92.12816382648678,none,0
2025-01-28 17:00:00,AWS_005,23.893371495590344,1005.7175638245349,89.57988702737254,none,0
2025-01-28 18:00:00,AWS_005,22.894808142501653,1005.3658562425688,94.4332232199139,none,0
2025-01-28 19:00:00,AWS_005,21.312371199785087,1004.6274027550754,95.78647585256078,none,0
2025-01-28 20:00:00,AWS_005,19.621400997199864,1004.8973326007294,99.71740840403217,none,0
2025-01-28 21:00:00,AWS_005,18.23099788788571,1004.4177225935383,100.0,none,0
2025-01-28 22:00:00,AWS_005,17.54095592231312,1004.150780833467,98.64157319118091,none,0
2025-01-28 23:00:00,AWS_005,16.557536124149912,1004.0323099506708,96.26781652017422,none,0
2025-01-29 00:00:00,AWS_005,16.83775381657219,1003.9003615534658,99.11344891109883,none,0
2025-01-29 01:00:00,AWS_005,16.900897499877676,1004.2512345555147,94.56066933019525,none,0
2025-01-29 02:00:00,AWS_005,18.010391749497174,1004.4038308276798,94.77624264317976,none,0
2025-01-29 03:00:00,AWS_005,18.378100478116398,1004.4395978358612,97.48156041843428,none,0
2025-01-29 04:00:00,AWS_005,19.2439967879304,1004.0886544636902,98.08188739927517,none,0
2025-01-29 05:00:00,AWS_005,21.24798691088019,1004.9214153777516,96.70845314341847,none,0
2025-01-29 06:00:00,AWS_005,22.514259221720643,1005.1403648922666,95.39513617628472,none,0
2025-01-29 07:00:00,AWS_005,24.827506199846113,1005.9299573637059,92.6171335891022,none,0
2025-01-29 08:00:00,AWS_005,25.258632042208863,1005.7254083289469,90.97181501266842,none,0
2025-01-29 09:00:00,AWS_005,26.633520191615897,1005.6468336157362,89.3232577445468,none,0
2025-01-29 10:00:00,AWS_005,27.749891670529742,1006.5411568599998,93.10789902937569,none,0
2025-01-29 11:00:00,AWS_005,28.346874110070875,1006.2020333277993,86.77600624607982,none,0
2025-01-29 12:00:00,AWS_005,28.720303973972385,1006.1494208139887,86.52480246411847,none,0
2025-01-29 13:00:00,AWS_005,29.482950587369398,1006.0038314760504,87.64473587848757,none,0
2025-01-29 14:00:00,AWS_005,27.81032150402518,1006.6446579199187,92.35285383872463,none,0
2025-01-29 15:00:00,AWS_005,27.48940189116474,1006.1439427111771,92.14678996724808,none,0
2025-01-29 16:00:00,AWS_005,25.437905017660494,1005.7851113208275,90.29890093599262,none,0
2025-01-29 17:00:00,AWS_005,23.9998694536011,1005.4704467325059,90.82081964817307,none,0
2025-01-29 18:00:00,AWS_005,22.656083401716817,1005.8249502343224,92.3634804924481,none,0
2025-01-29 19:00:00,AWS_005,21.80126202328756,1005.1503297940748,93.86597950729256,none,0
2025-01-29 20:00:00,AWS_005,19.81160645301879,1004.7919248961017,97.83648910688332,none,0
2025-01-29 21:00:00,AWS_005,18.635576686715243,1004.5240317902013,91.88781433827927,none,0
2025-01-29 22:00:00,AWS_005,17.280820100570494,1004.4380485738999,99.49623254537873,none,0
2025-01-29 23:00:00,AWS_005,16.85829752471256,1004.5950889893812,96.23444742638944,none,0
2025-01-30 00:00:00,AWS_005,17.672141604232245,1004.154535604731,98.99966004966006,none,0
2025-01-30 01:00:00,AWS_005,16.41749524025507,1004.7531288486059,97.03714659149638,none,0
2025-01-30 02:00:00,AWS_005,16.63922053981452,1003.9686851776895,94.66724878549556,none,0
2025-01-30 03:00:00,AWS_005,18.371076584957102,1004.5761077628146,98.81803842773728,none,0
2025-01-30 04:00:00,AWS_005,19.266001176877342,1004.8662010700818,94.62237257448676,none,0
2025-01-30 05:00:00,AWS_005,20.570177664111018,1004.9374320779409,94.87185310124997,none,0
2025-01-30 06:00:00,AWS_005,21.80826491643191,1005.8094339884592,96.34747383193243,none,0
2025-01-30 07:00:00,AWS_005,24.40445353442136,1005.9704229029452,95.44067113737849,none,0
2025-01-30 08:00:00,AWS_005,25.676781037629983,1006.194910549244,95.35486181912273,none,0
2025-01-30 09:00:00,AWS_005,26.80404849491073,1006.049241848713,96.03781414692142,none,0
2025-01-30 10:00:00,AWS_005,28.24376274340716,1006.2109115112339,89.96994295049113,none,0
2025-01-30 11:00:00,AWS_005,28.933208241451005,1006.3919997205007,89.63007285871632,none,0
2025-01-30 12:00:00,AWS_005,28.76342749473699,1007.1779445934862,89.23856467041797,none,0
2025-01-30 13:00:00,AWS_005,28.867633402403484,1006.5517000588042,88.23321930295991,none,0
2025-01-30 14:00:00,AWS_005,27.307906330905414,1006.5654345445543,88.51096292279728,none,0
2025-01-30 15:00:00,AWS_005,27.10905621944754,1006.345128719604,89.92462925189233,none,0
2025-01-30 16:00:00,AWS_005,25.28104864706422,1005.9767224158354,91.37044136618137,none,0
2025-01-30 17:00:00,AWS_005,24.217168041039507,1005.4330079960182,94.07054132989163,none,0
2025-01-30 18:00:00,AWS_005,23.322370734356877,1005.1439442383122,96.41688430493507,none,0
2025-01-30 19:00:00,AWS_005,21.135381623435286,1005.7728273782083,90.36432139997237,none,0
2025-01-30 20:00:00,AWS_005,20.510808606154935,1004.598585878991,96.54332192034923,none,0
2025-01-30 21:00:00,AWS_005,18.997102400611293,1004.580892778909,100.0,none,0
2025-01-30 22:00:00,AWS_005,17.863837214978556,1004.2855671876588,91.94334013369101,none,0
2025-01-30 23:00:00,AWS_005,16.440014386708846,1004.2935398956952,99.33656889571797,none,0
2025-01-31 00:00:00,AWS_005,16.756874089586642,1004.2880816124457,100.0,none,0
2025-01-31 01:00:00,AWS_005,17.127669475947926,1003.7501309116443,100.0,none,0
2025-01-31 02:00:00,AWS_005,17.91491027062222,1004.1678955122401,92.19683407139955,none,0
2025-01-31 03:00:00,AWS_005,18.491038648526597,1004.0639277752202,99.11691128787142,none,0
2025-01-31 04:00:00,AWS_005,,,,dropout,1
2025-01-31 05:00:00,AWS_005,,,,dropout,1
2025-01-31 06:00:00,AWS_005,,,,dropout,1
2025-01-31 07:00:00,AWS_005,,,,dropout,1
2025-01-31 08:00:00,AWS_005,24.891774223801907,1006.4154963845228,89.86049250764397,none,0
2025-01-31 09:00:00,AWS_005,26.993061571811392,1005.9453134073414,97.68533275109381,none,0
2025-01-31 10:00:00,AWS_005,28.28036896300063,1006.2576223337333,89.0448326748426,none,0
2025-01-31 11:00:00,AWS_005,28.93701743748231,1006.385918489476,95.39702005643596,none,0
2025-01-31 12:00:00,AWS_005,28.31747777669656,1005.7947225328433,90.53197481294715,none,0
2025-01-31 13:00:00,AWS_005,28.756475732105624,1006.2981927852193,92.34325869832358,none,0
2025-01-31 14:00:00,AWS_005,28.056155223123685,1006.6781622650745,89.58156884062522,none,0
2025-01-31 15:00:00,AWS_005,27.22602506202594,1006.2196184128316,88.63308849436258,none,0
2025-01-31 16:00:00,AWS_005,26.14179480048423,1006.3831860846309,96.2185142382009,none,0
2025-01-31 17:00:00,AWS_005,24.488624471488226,1005.7888022263875,93.32237346635996,none,0
2025-01-31 18:00:00,AWS_005,23.502138275816044,1005.6128862179917,91.9669934528321,none,0
2025-01-31 19:00:00,AWS_005,20.770911922302247,1005.43209003782,97.73764802551955,none,0
2025-01-31 20:00:00,AWS_005,19.99090609912722,1004.7558294768236,92.94231839124551,none,0
2025-01-31 21:00:00,AWS_005,18.666736902073215,1004.1552389158821,100.0,none,0
2025-01-31 22:00:00,AWS_005,17.09621645275281,1004.6084776934196,95.37231384918105,none,0
2025-01-31 23:00:00,AWS_005,17.095823485970303,1004.4258815298283,98.81004356902902,none,0
2025-02-01 00:00:00,AWS_005,16.732099623524334,1004.3170699657079,99.31657657726103,none,0
2025-02-01 01:00:00,AWS_005,16.61372407457339,1004.9173755039285,100.0,none,0
2025-02-01 02:00:00,AWS_005,17.844379393264113,1004.1354930909554,99.65593992647513,none,0
2025-02-01 03:00:00,AWS_005,18.513419266139646,1005.1539673365289,98.08459227819174,none,0
2025-02-01 04:00:00,AWS_005,20.229006379478,1004.522373284639,93.44265901919734,none,0
2025-02-01 05:00:00,AWS_005,21.12513578056848,1004.9001068282232,92.96829462172859,none,0
2025-02-01 06:00:00,AWS_005,23.41163654069775,1005.5180082905905,94.76148840029764,none,0
2025-02-01 07:00:00,AWS_005,24.571971703910297,1005.9615751612055,89.75986140982592,none,0
2025-02-01 08:00:00,AWS_005,25.98688851995684,1006.17310004897,93.65659473307387,none,0
2025-02-01 09:00:00,AWS_005,27.513748643686903,1006.5548787346282,90.33127469872555,none,0
2025-02-01 10:00:00,AWS_005,28.910850573658564,1006.429279362634,90.95403311073832,none,0
2025-02-01 11:00:00,AWS_005,28.642740063212504,1006.6231492999801,86.75233936501918,none,0
2025-02-01 12:00:00,AWS_005,28.937857699468594,1006.1744331100386,84.46292224192729,none,0
2025-02-01 13:00:00,AWS_005,28.647992257332476,1006.8048636026856,87.7400020438904,none,0
2025-02-01 14:00:00,AWS_005,28.188901613763544,1006.3184089990547,85.98616505356452,none,0
2025-02-01 15:00:00,AWS_005,26.348323276136075,1005.8688598941155,87.45945672525113,none,0
2025-02-01 16:00:00,AWS_005,26.5139408541865,1005.5811601395155,89.09462002902208,none,0
2025-02-01 17:00:00,AWS_005,25.135105410042566,1005.3834746476456,92.53280454339813,none,0
2025-02-01 18:00:00,AWS_005,23.481967633039957,1006.3743569331832,87.72556172562243,none,0
2025-02-01 19:00:00,AWS_005,21.354085992347578,1005.1085476533639,91.93426998841177,none,0
2025-02-01 20:00:00,AWS_005,19.213911376885395,1005.0452331905896,95.79761498904737,none,0
2025-02-01 21:00:00,AWS_005,18.210323085745635,1004.3113933386626,98.02701939367775,none,0
2025-02-01 22:00:00,AWS_005,17.731637842837447,1004.5703788680355,95.5169786631238,none,0
2025-02-01 23:00:00,AWS_005,16.895350319469955,1004.0020343316532,99.18179316427903,none,0
2025-02-02 00:00:00,AWS_005,16.23475434262554,1004.3460031896876,99.64391642535833,none,0
2025-02-02 01:00:00,AWS_005,30.80129507626958,994.2061690951675,98.0,multivariate_inconsistent,1
2025-02-02 02:00:00,AWS_005,17.004264164368685,1004.5137503096017,98.29511244125973,none,0
2025-02-02 03:00:00,AWS_005,18.06484020659614,1005.0946807680021,95.6754001380541,none,0
2025-02-02 04:00:00,AWS_005,19.959958372281335,1004.6595804958941,95.80433956813816,none,0
2025-02-02 05:00:00,AWS_005,20.97326838219592,1005.2272989221258,95.10902429704647,none,0
2025-02-02 06:00:00,AWS_005,22.339615665413927,1005.5534275942957,92.75812462140115,none,0
2025-02-02 07:00:00,AWS_005,24.057464082874073,1006.3172774106546,96.94100187375689,none,0
2025-02-02 08:00:00,AWS_005,34.490701153144116,993.5284618394792,98.0,multivariate_inconsistent,1
2025-02-02 09:00:00,AWS_005,27.308230131598005,1006.1953736853674,87.53526442557636,none,0
2025-02-02 10:00:00,AWS_005,28.435592447815058,1006.4818539141588,92.77903338382065,none,0
2025-02-02 11:00:00,AWS_005,28.97706414875465,1006.905139789554,89.12054444924779,none,0
2025-02-02 12:00:00,AWS_005,28.680335866384027,1006.5860083094497,86.04168208102264,none,0
2025-02-02 13:00:00,AWS_005,28.47611516718616,1007.0291331204171,92.89692998995653,none,0
2025-02-02 14:00:00,AWS_005,28.824058249817334,1006.3840428092357,87.00450890137553,none,0
2025-02-02 15:00:00,AWS_005,27.18196221693111,1006.5437515722872,85.05644006763275,none,0
2025-02-02 16:00:00,AWS_005,25.67038899227048,1005.9726567090628,93.78810529104989,none,0
2025-02-02 17:00:00,AWS_005,24.812457351220274,1005.3603618430525,94.20632793987517,none,0
2025-02-02 18:00:00,AWS_005,22.458819286340553,1006.225880221423,92.98335430836717,none,0
2025-02-02 19:00:00,AWS_005,21.976799332132988,1005.0534818092457,100.0,none,0
2025-02-02 20:00:00,AWS_005,20.628230924466504,1005.2116858510606,96.04600227796021,none,0
2025-02-02 21:00:00,AWS_005,18.975120452685978,1004.2170082045728,100.0,none,0
2025-02-02 22:00:00,AWS_005,16.471237461020056,1005.0314132684581,100.0,none,0
2025-02-02 23:00:00,AWS_005,17.241186782064357,1004.6020313900601,97.85725693562537,none,0
2025-02-03 00:00:00,AWS_005,17.20589936319235,1004.2482980125999,99.03199623673056,none,0
2025-02-03 01:00:00,AWS_005,17.26238947743644,1004.6426559478818,100.0,none,0
2025-02-03 02:00:00,AWS_005,18.787439976410997,1004.1130670468962,94.58998540182932,none,0
2025-02-03 03:00:00,AWS_005,18.389958421414487,1004.7717687741102,100.0,none,0
2025-02-03 04:00:00,AWS_005,19.72623109299638,1004.7292125489666,95.80156365322578,none,0
2025-02-03 05:00:00,AWS_005,21.838234837016525,1005.3104699702269,96.34066180449847,none,0
2025-02-03 06:00:00,AWS_005,22.97030334478164,1005.5012211945646,94.32706519007462,none,0
2025-02-03 07:00:00,AWS_005,24.960796466134397,1005.1926786758961,92.34891052077617,none,0
2025-02-03 08:00:00,AWS_005,25.968990379249345,1006.0054316645643,95.37893797787925,none,0
2025-02-03 09:00:00,AWS_005,26.957009777448924,1006.4274193862161,91.84556914682685,none,0
2025-02-03 10:00:00,AWS_005,27.719269559306806,1006.3068905162313,87.47654726870518,none,0
2025-02-03 11:00:00,AWS_005,28.684075853113065,1007.1298853048809,85.48806602378455,none,0
2025-02-03 12:00:00,AWS_005,28.784486650844606,1006.9621892354697,91.71667040251907,none,0
2025-02-03 13:00:00,AWS_005,29.11254669912057,1006.6642820722062,88.65293825222912,none,0
2025-02-03 14:00:00,AWS_005,28.33105032501075,1006.7434773236193,85.07642140004702,none,0
2025-02-03 15:00:00,AWS_005,26.462144065222358,1006.1375067071575,91.54830934435259,none,0
2025-02-03 16:00:00,AWS_005,26.387036853295147,1006.2277212932223,90.01592105241333,none,0
2025-02-03 17:00:00,AWS_005,24.359770624858125,1005.5600750435515,91.47616457819939,none,0
2025-02-03 18:00:00,AWS_005,22.475723874249674,1005.563468306699,98.91345546580274,none,0
2025-02-03 19:00:00,AWS_005,22.272868279203422,1005.2328737441784,94.62823394466837,none,0
2025-02-03 20:00:00,AWS_005,19.93626503885541,1004.7484175116,98.22647071462632,none,0
2025-02-03 21:00:00,AWS_005,18.794109015906198,1004.6775916877326,99.52896594461815,none,0
2025-02-03 22:00:00,AWS_005,18.02828102087596,1004.7115149852423,86.12254234825308,none,0
2025-02-03 23:00:00,AWS_005,16.710775464720125,1004.3270733348018,98.99112413126383,none,0
2025-02-04 00:00:00,AWS_005,17.047773983464648,1004.3989068798772,97.48266798088697,none,0
2025-02-04 01:00:00,AWS_005,17.30695675666922,1003.9538160612343,98.64284473805087,none,0
2025-02-04 02:00:00,AWS_005,17.562691124590927,1004.195906391845,94.8267988553908,none,0
2025-02-04 03:00:00,AWS_005,18.894608904351575,1004.607533604757,98.77609566387359,none,0
2025-02-04 04:00:00,AWS_005,20.314391721985142,1004.6515520692542,94.6662137139233,none,0
2025-02-04 05:00:00,AWS_005,21.569228654383107,1005.3917792199951,90.82815113289996,none,0
2025-02-04 06:00:00,AWS_005,22.16973177989134,1005.7041563973639,94.83601094281522,none,0
2025-02-04 07:00:00,AWS_005,24.420443794094894,1005.8922342768966,90.8277714131334,none,0
2025-02-04 08:00:00,AWS_005,26.155946637880223,1006.2919577512683,91.83667539948287,none,0
2025-02-04 09:00:00,AWS_005,27.906172213995184,1006.49596135564,85.2101037079752,none,0
2025-02-04 10:00:00,AWS_005,28.510382842783685,1006.7533838871419,87.91836379549632,none,0
2025-02-04 11:00:00,AWS_005,29.001740070486676,1006.5247714320438,88.5331380641708,none,0
2025-02-04 12:00:00,AWS_005,28.553193235115543,1006.2714719073007,89.45269139865806,none,0
2025-02-04 13:00:00,AWS_005,29.08997340403041,1006.7430969476189,87.08780595847936,none,0
2025-02-04 14:00:00,AWS_005,29.23288439967762,1006.513878954583,91.81135423276643,none,0
2025-02-04 15:00:00,AWS_005,27.29273185788909,1006.2388327081318,82.56185269222055,none,0
2025-02-04 16:00:00,AWS_005,25.874398751279454,1006.1699818375811,89.03877165716081,none,0
2025-02-04 17:00:00,AWS_005,24.646714620909595,1005.8218612576635,90.55975989783452,none,0
2025-02-04 18:00:00,AWS_005,23.30245740273556,1005.1497801038463,92.71827287742316,none,0
2025-02-04 19:00:00,AWS_005,21.311035815769003,1005.4346096568752,99.66287950171508,none,0
2025-02-04 20:00:00,AWS_005,20.090583429462466,1004.8437791286941,94.63389558100639,none,0
2025-02-04 21:00:00,AWS_005,18.364780249003598,1004.5687723325885,93.65979185076455,none,0
2025-02-04 22:00:00,AWS_005,17.730312017067256,1004.937255100806,96.33339304787629,none,0
2025-02-04 23:00:00,AWS_005,17.242595096020555,1004.082736629118,94.29970144979536,none,0
2025-02-05 00:00:00,AWS_005,16.838728583888994,1004.1309901651199,97.18608547198355,none,0
2025-02-05 01:00:00,AWS_005,16.833460429451694,1004.344461494753,91.82898323863627,none,0
2025-02-05 02:00:00,AWS_005,,,,dropout,1
2025-02-05 03:00:00,AWS_005,,,,dropout,1
2025-02-05 04:00:00,AWS_005,,,,dropout,1
2025-02-05 05:00:00,AWS_005,20.89600848158546,1004.928536746868,91.46912645614336,none,0
2025-02-05 06:00:00,AWS_005,22.981712955459646,1005.1369203898316,95.6446226067625,none,0
2025-02-05 07:00:00,AWS_005,24.47397862397024,1006.2460870629359,90.44990164326279,none,0
2025-02-05 08:00:00,AWS_005,26.896776883809846,1005.8243372193455,89.68790064926537,none,0
2025-02-05 09:00:00,AWS_005,27.649236754034312,1006.5720183878299,85.22304625412642,none,0
2025-02-05 10:00:00,AWS_005,28.211628797675754,1006.841659457096,93.40382816258798,none,0
2025-02-05 11:00:00,AWS_005,29.107066060528787,1006.8485590513649,86.57854481526209,frozen,1
2025-02-05 12:00:00,AWS_005,29.107066060528787,1006.8485590513649,86.57854481526209,frozen,1
2025-02-05 13:00:00,AWS_005,29.107066060528787,1006.8485590513649,86.57854481526209,frozen,1
2025-02-05 14:00:00,AWS_005,29.107066060528787,1006.8485590513649,86.57854481526209,frozen,1
2025-02-05 15:00:00,AWS_005,29.107066060528787,1006.8485590513649,86.57854481526209,frozen,1
2025-02-05 16:00:00,AWS_005,29.107066060528787,1006.8485590513649,86.57854481526209,frozen,1
2025-02-05 17:00:00,AWS_005,29.107066060528787,1006.8485590513649,86.57854481526209,frozen,1
2025-02-05 18:00:00,AWS_005,29.107066060528787,1006.8485590513649,86.57854481526209,frozen,1
2025-02-05 19:00:00,AWS_005,22.11525738721742,1005.6183204355201,92.21101185071134,none,0
2025-02-05 20:00:00,AWS_005,19.99194065528073,1005.0126816836297,93.60487194879312,none,0
2025-02-05 21:00:00,AWS_005,18.86491348299392,1004.5026408018226,100.0,none,0
2025-02-05 22:00:00,AWS_005,17.683743902160217,1004.1528117394098,96.45467097624532,none,0
2025-02-05 23:00:00,AWS_005,16.555103330429127,1004.903578725754,97.17618524074622,none,0
2025-02-06 00:00:00,AWS_005,16.605034377670332,1003.8650842128175,100.0,none,0
2025-02-06 01:00:00,AWS_005,16.990454293876844,1004.5598334231029,98.434910917132,none,0
2025-02-06 02:00:00,AWS_005,17.806568554444958,1005.1122263774215,99.8108642364576,none,0
2025-02-06 03:00:00,AWS_005,19.478363882484807,1004.5255585112092,98.73716395509042,none,0
2025-02-06 04:00:00,AWS_005,20.231726910182296,1005.2549822586285,95.6819257826553,none,0
2025-02-06 05:00:00,AWS_005,21.453240439785066,1005.3912078678859,97.3351312039824,none,0
2025-02-06 06:00:00,AWS_005,22.351166661473364,1005.8458579048252,93.20131204463355,none,0
2025-02-06 07:00:00,AWS_005,24.926031820780285,1005.5929789733366,92.23571666144704,none,0
2025-02-06 08:00:00,AWS_005,25.898058487986653,1006.0814141300003,92.52479973221197,none,0
2025-02-06 09:00:00,AWS_005,26.327717331081473,1006.1967641340493,92.4169633477648,none,0
2025-02-06 10:00:00,AWS_005,28.39209492473703,1006.6859855703113,86.57457528420125,none,0
2025-02-06 11:00:00,AWS_005,28.98066352963289,1007.067043257811,87.14002174820148,none,0
2025-02-06 12:00:00,AWS_005,29.285536395496948,1006.772984167026,26.40435214918743,spike,1
2025-02-06 13:00:00,AWS_005,29.01317844573483,1006.2440436768458,90.42316705581469,none,0
2025-02-06 14:00:00,AWS_005,27.98025284562977,1006.7607643916946,95.93739261981176,none,0
2025-02-06 15:00:00,AWS_005,27.27117707516743,1006.745828993623,87.07608022360411,none,0
2025-02-06 16:00:00,AWS_005,25.71403920564057,1005.6064853719472,86.97118520753615,none,0
2025-02-06 17:00:00,AWS_005,24.58731624519585,1005.8913306217016,93.04832178993514,none,0
2025-02-06 18:00:00,AWS_005,23.26225342329087,1005.5742410081351,95.61979235677127,none,0
2025-02-06 19:00:00,AWS_005,21.747275206422565,1004.7142932470581,90.40855094643848,none,0
2025-02-06 20:00:00,AWS_005,19.781808468734887,1005.0283585724935,96.74306151600899,none,0
2025-02-06 21:00:00,AWS_005,19.490402481266056,1005.1696126534816,98.79074338936775,none,0
2025-02-06 22:00:00,AWS_005,17.853398269504297,1004.4009642057182,94.63681972201337,none,0
2025-02-06 23:00:00,AWS_005,16.432881409645056,1004.4651321496981,97.91833083404985,none,0
2025-02-07 00:00:00,AWS_005,17.68585243837972,1004.506074083438,94.42895271827874,none,0
2025-02-07 01:00:00,AWS_005,17.731471000928913,1004.7104314619537,98.31413265229425,none,0
2025-02-07 02:00:00,AWS_005,18.49768042650695,1004.5361834138575,95.31240681331828,none,0
2025-02-07 03:00:00,AWS_005,18.870399975707723,1004.3066267479979,92.74065527265844,none,0
2025-02-07 04:00:00,AWS_005,20.015881621309283,1005.0893647321666,98.48782129909557,none,0
2025-02-07 05:00:00,AWS_005,21.3006786344477,1005.8116441670978,93.31040690551175,none,0
2025-02-07 06:00:00,AWS_005,23.43998357498021,1005.8464845966416,88.49542598705676,none,0
2025-02-07 07:00:00,AWS_005,25.054799823741146,1006.0373342294114,89.93250094907795,none,0
2025-02-07 08:00:00,AWS_005,26.473706741216855,1006.2515470778676,88.53513668298986,drift,1
2025-02-07 09:00:00,AWS_005,28.312066358907792,1006.2869895393881,91.31015812340641,drift,1
2025-02-07 10:00:00,AWS_005,29.20842104696865,1006.6296193053241,93.0976728318115,drift,1
2025-02-07 11:00:00,AWS_005,30.758499891456953,1006.7667897944305,89.23301669376822,drift,1
2025-02-07 12:00:00,AWS_005,31.704628431577724,1006.9769539556813,87.22095620424767,drift,1
2025-02-07 13:00:00,AWS_005,31.771210793870033,1007.037865934643,90.9391765168492,drift,1
2025-02-07 14:00:00,AWS_005,32.505589232342366,1007.068378673257,91.94714025840955,drift,1
2025-02-07 15:00:00,AWS_005,30.51459053641476,1006.3490801020264,92.26368685007729,drift,1
2025-02-07 16:00:00,AWS_005,30.89285027977849,1006.1678468681008,93.6071562856157,drift,1
2025-02-07 17:00:00,AWS_005,29.712036703430673,1005.8712152494197,91.82141700990059,drift,1
2025-02-07 18:00:00,AWS_005,28.85770627322582,1005.4328212962886,94.38254727431853,drift,1
2025-02-07 19:00:00,AWS_005,27.872682710711405,1004.9233586609075,99.46757588069049,drift,1
2025-02-07 20:00:00,AWS_005,26.903048647761562,1004.6753503486755,90.68102798101793,drift,1
2025-02-07 21:00:00,AWS_005,26.35858920829663,1004.6720781556696,96.21674463223916,drift,1
2025-02-07 22:00:00,AWS_005,25.869544086606652,1004.4243888941567,95.91345111202095,drift,1
2025-02-07 23:00:00,AWS_005,25.316826081878094,1004.1832771999022,100.0,drift,1
2025-02-08 00:00:00,AWS_005,26.517407122445896,1004.8839705151363,97.03749830879985,drift,1
2025-02-08 01:00:00,AWS_005,27.272184915047394,1004.6830128755938,94.3297086752299,drift,1
2025-02-08 02:00:00,AWS_005,27.71378237958539,1004.488662622561,97.39931771319087,drift,1
2025-02-08 03:00:00,AWS_005,29.916309163832043,1004.5478379750786,100.0,drift,1
2025-02-08 04:00:00,AWS_005,31.515823446725893,1004.8673817218224,93.88022199016484,drift,1
2025-02-08 05:00:00,AWS_005,33.703524339108654,1004.8977724540299,87.55980559786956,drift,1
2025-02-08 06:00:00,AWS_005,35.66584374386467,1005.6266682248738,91.05976028639783,drift,1
2025-02-08 07:00:00,AWS_005,,,,dropout,1
2025-02-08 08:00:00,AWS_005,,,,dropout,1
2025-02-08 09:00:00,AWS_005,,,,dropout,1
2025-02-08 10:00:00,AWS_005,,,,dropout,1
2025-02-08 11:00:00,AWS_005,43.943997229240615,1006.8298710080818,86.70384674683817,drift,1
2025-02-08 12:00:00,AWS_005,44.75353945791129,1006.7422852134739,93.30118596137703,drift,1
2025-02-08 13:00:00,AWS_005,45.69659983673935,1006.9993125348274,85.09141739051391,drift,1
2025-02-08 14:00:00,AWS_005,28.392369799014592,1006.7318873562307,91.81795162900757,none,0
2025-02-08 15:00:00,AWS_005,27.78895164824744,1007.0881919996174,87.5664719287559,none,0
2025-02-08 16:00:00,AWS_005,26.999185717776303,1005.7768012547583,88.04547601105553,none,0
2025-02-08 17:00:00,AWS_005,25.068099356908682,1006.028025924912,98.58814305892093,none,0
2025-02-08 18:00:00,AWS_005,23.166000221357727,1005.3401793862988,95.86136611591128,none,0
2025-02-08 19:00:00,AWS_005,21.257827675222906,1005.0616061887299,94.75027810071892,none,0
2025-02-08 20:00:00,AWS_005,20.189309964910322,1005.1274851598857,96.84198172359719,none,0
2025-02-08 21:00:00,AWS_005,18.560069547529917,1005.1546534661202,96.85321912840865,none,0
2025-02-08 22:00:00,AWS_005,18.123382979415688,1004.3821679877358,96.75198815430544,none,0
2025-02-08 23:00:00,AWS_005,16.258517682281973,1004.2106905087672,100.0,none,0
2025-02-09 00:00:00,AWS_005,16.92422562518512,1004.5592402182767,98.77197134705331,none,0
2025-02-09 01:00:00,AWS_005,17.208866447865635,1004.0788973216579,99.6661944318419,none,0
2025-02-09 02:00:00,AWS_005,17.636877775811747,1004.4331698415634,96.76828376935943,none,0
2025-02-09 03:00:00,AWS_005,19.26682865716302,1005.5067772659729,94.30182596786497,none,0
2025-02-09 04:00:00,AWS_005,,,,dropout,1
2025-02-09 05:00:00,AWS_005,,,,dropout,1
2025-02-09 06:00:00,AWS_005,,,,dropout,1
2025-02-09 07:00:00,AWS_005,,,,dropout,1
2025-02-09 08:00:00,AWS_005,,,,dropout,1
2025-02-09 09:00:00,AWS_005,,,,dropout,1
2025-02-09 10:00:00,AWS_005,28.290631943132535,1006.6626701164793,83.98662987550989,none,0
2025-02-09 11:00:00,AWS_005,29.08539621982397,1006.747451147133,85.86148019201043,none,0
2025-02-09 12:00:00,AWS_005,29.51280401133107,1007.4226735341806,89.66039818162905,none,0
2025-02-09 13:00:00,AWS_005,28.801919696169247,1006.8227756711518,90.06841909040942,none,0
2025-02-09 14:00:00,AWS_005,28.55444317377352,1006.4855039144962,83.37796831786406,none,0
2025-02-09 15:00:00,AWS_005,27.89259266186492,1006.3023600146855,90.88015856871795,none,0
2025-02-09 16:00:00,AWS_005,26.22485843118909,1006.398043057067,84.37462566205107,none,0
2025-02-09 17:00:00,AWS_005,24.737395858595608,1005.9503301873214,87.2340614546656,none,0
2025-02-09 18:00:00,AWS_005,23.088739740691796,1005.7342901266874,92.71294425168614,none,0
2025-02-09 19:00:00,AWS_005,21.49796349428598,1005.587922258033,94.06147034054122,none,0
2025-02-09 20:00:00,AWS_005,20.16693611527447,1004.7759082598346,98.11123286760515,none,0
2025-02-09 21:00:00,AWS_005,18.490908570039004,1004.9568913764375,97.4269141533264,none,0
2025-02-09 22:00:00,AWS_005,18.063729073973047,1004.7669399857665,100.0,none,0
2025-02-09 23:00:00,AWS_005,17.214222806440148,1004.780138070531,93.72358910792799,none,0
2025-02-10 00:00:00,AWS_005,17.420890184447245,1004.1281384641911,94.31921250503719,none,0
2025-02-10 01:00:00,AWS_005,18.196629564806738,1004.2341850409605,94.08059896205165,none,0
2025-02-10 02:00:00,AWS_005,18.47226957406879,1004.5626287524999,99.54535812460497,none,0
2025-02-10 03:00:00,AWS_005,18.86880356213377,1004.9171311585851,96.8597585732103,none,0
2025-02-10 04:00:00,AWS_005,20.50982144091615,1004.6974111733042,90.90203174528472,none,0
2025-02-10 05:00:00,AWS_005,21.748167931701584,1004.6775135977925,93.62342339358213,none,0
2025-02-10 06:00:00,AWS_005,22.979300123373218,1005.7658926675216,91.30909138157301,none,0
2025-02-10 07:00:00,AWS_005,25.099449619548924,1006.2577473106787,88.7817650906999,none,0
2025-02-10 08:00:00,AWS_005,26.788037629561398,1006.6686915395065,88.77779712346705,none,0
2025-02-10 09:00:00,AWS_005,27.82728394751868,1006.2642578118625,87.77630728820141,none,0
2025-02-10 10:00:00,AWS_005,28.539380239854847,1006.882026214418,83.78105745506033,none,0
2025-02-10 11:00:00,AWS_005,28.72098824739801,1007.004184685566,92.44558183480669,none,0
2025-02-10 12:00:00,AWS_005,29.203414758486026,1007.0388344686036,91.26353462219865,none,0
2025-02-10 13:00:00,AWS_005,29.37356405487484,1007.3137225681259,86.74782890418166,none,0
2025-02-10 14:00:00,AWS_005,28.640452481475712,1006.7540856545157,83.37679829766512,none,0
2025-02-10 15:00:00,AWS_005,27.89634605626591,1006.5079082011749,91.86611147002962,none,0
2025-02-10 16:00:00,AWS_005,26.124801423316132,1006.28480451118,87.64239840934027,none,0
2025-02-10 17:00:00,AWS_005,23.81549575968574,1006.0248451279233,93.58366263291875,none,0
2025-02-10 18:00:00,AWS_005,23.71688046418367,1005.5891021542549,97.48851754455768,none,0
2025-02-10 19:00:00,AWS_005,22.08873761410427,1004.9628098922515,91.39920689260798,none,0
2025-02-10 20:00:00,AWS_005,20.965668028226723,1005.2038106080747,93.43455350820236,none,0
2025-02-10 21:00:00,AWS_005,19.69836334941226,1004.8864542394056,93.40517327754414,none,0
2025-02-10 22:00:00,AWS_005,18.521328472334602,1004.5426803367998,97.852111170878,none,0
2025-02-10 23:00:00,AWS_005,17.359056906560518,1004.7017683714711,94.42222924603976,none,0
2025-02-11 00:00:00,AWS_005,16.75970504592443,1004.4826953010006,96.19296290922769,none,0
2025-02-11 01:00:00,AWS_005,17.27837215211655,1003.6664303200834,94.35030267693932,none,0
2025-02-11 02:00:00,AWS_005,17.78668556292126,1004.0168108655068,100.0,none,0
2025-02-11 03:00:00,AWS_005,18.52313700129163,1004.6946036049719,92.8575837502731,none,0
2025-02-11 04:00:00,AWS_005,20.168522293740615,1005.3935925553985,94.17394119321018,none,0
2025-02-11 05:00:00,AWS_005,22.20266677253911,1005.0548199588112,94.58934732980096,none,0
2025-02-11 06:00:00,AWS_005,23.090919561286796,1006.1480381806219,100.0,none,0
2025-02-11 07:00:00,AWS_005,24.943629898859246,1006.2249407705436,90.87669642316618,none,0
2025-02-11 08:00:00,AWS_005,26.631171825360767,1005.8859276547995,90.8575718626286,none,0
2025-02-11 09:00:00,AWS_005,27.234691535564313,1006.4704955975642,89.25072833136306,none,0
2025-02-11 10:00:00,AWS_005,28.41015315483114,1006.6452237876221,90.88304959537142,none,0
2025-02-11 11:00:00,AWS_005,28.876720610166515,1007.2597914458158,88.29202137175687,none,0
2025-02-11 12:00:00,AWS_005,28.727392225070002,1006.9219850341251,89.30527424011049,none,0
2025-02-11 13:00:00,AWS_005,29.37830604642926,1007.037717066411,93.22854090020189,none,0
2025-02-11 14:00:00,AWS_005,28.886505686169006,1006.6616984623012,94.52414247608702,none,0
2025-02-11 15:00:00,AWS_005,27.942803939757432,1006.1887685637355,89.10261212177664,none,0
2025-02-11 16:00:00,AWS_005,26.38098738056443,1006.8635183113705,91.29478691118426,none,0
2025-02-11 17:00:00,AWS_005,24.563395787672263,1005.7447262850595,91.9815093419929,none,0
2025-02-11 18:00:00,AWS_005,23.91505714961786,1005.6327032956477,93.18993673214644,none,0
2025-02-11 19:00:00,AWS_005,21.03522502390775,1005.4933029787331,93.87592813825171,none,0
2025-02-11 20:00:00,AWS_005,20.475724197113966,1004.4186234122527,96.96820947141691,none,0
2025-02-11 21:00:00,AWS_005,19.00938207863301,1005.0081496406768,97.37243948090273,none,0
2025-02-11 22:00:00,AWS_005,17.661411264179904,1004.3954432785383,99.25745590964854,none,0
2025-02-11 23:00:00,AWS_005,18.012318969286937,1005.0799899839985,94.06136867028708,none,0
2025-02-12 00:00:00,AWS_005,18.02414221297527,1004.3157247925183,97.15036546315156,none,0
2025-02-12 01:00:00,AWS_005,17.433327431959782,1004.4431823442909,99.34248542247529,none,0
2025-02-12 02:00:00,AWS_005,18.00819800791899,1004.495639993789,95.52570314059568,none,0
2025-02-12 03:00:00,AWS_005,19.21738442034853,1005.1164159975151,98.68409472659863,drift,1
2025-02-12 04:00:00,AWS_005,20.28262849602484,1005.231398101318,95.53648254483555,drift,1
2025-02-12 05:00:00,AWS_005,22.65431106535091,1006.4749161807042,95.70845968354683,drift,1
2025-02-12 06:00:00,AWS_005,22.962772418493607,1007.5025680978372,92.42636594576024,drift,1
2025-02-12 07:00:00,AWS_005,24.60564601955364,1008.2032825421823,94.16350072315953,drift,1
2025-02-12 08:00:00,AWS_005,26.555027310156337,1009.188699833565,89.77122494992346,drift,1
2025-02-12 09:00:00,AWS_005,27.403779846069487,1009.4415782063178,88.93932883027468,drift,1
2025-02-12 10:00:00,AWS_005,28.346607706821278,1009.619834559071,92.34632472336149,drift,1
2025-02-12 11:00:00,AWS_005,28.995346488244582,1011.0050488124953,87.590909156137,drift,1
2025-02-12 12:00:00,AWS_005,29.33375023403208,1011.5027683122966,88.62415971040946,drift,1
2025-02-12 13:00:00,AWS_005,29.65267730801597,1012.1215324819976,83.80863350899378,drift,1
2025-02-12 14:00:00,AWS_005,28.17297701285914,1012.7913261813404,83.57667559444249,drift,1
2025-02-12 15:00:00,AWS_005,28.01078273437251,1013.8241320608222,91.5675582218461,drift,1
2025-02-12 16:00:00,AWS_005,26.01550206505351,1013.4654169694685,90.16723297731441,drift,1
2025-02-12 17:00:00,AWS_005,24.543078182807363,1014.0155366684688,96.0661328297067,drift,1
2025-02-12 18:00:00,AWS_005,23.77817932331064,1013.8866504976584,89.64505055092283,drift,1
2025-02-12 19:00:00,AWS_005,22.063850564593103,1014.232328537145,94.12696203826688,drift,1
2025-02-12 20:00:00,AWS_005,20.76925382425562,1014.2784813209707,92.06582419630604,drift,1
2025-02-12 21:00:00,AWS_005,19.560219750914346,1014.8037425772071,97.84434081229158,drift,1
2025-02-12 22:00:00,AWS_005,18.018915669497343,1014.6656640217265,95.26144623460864,drift,1
2025-02-12 23:00:00,AWS_005,17.274349605733494,1015.3637845018799,95.333768568439,drift,1
2025-02-13 00:00:00,AWS_005,17.5455065373358,1015.6385832031445,100.0,drift,1
2025-02-13 01:00:00,AWS_005,17.280303498155067,1016.7130069707607,95.23877452736006,drift,1
2025-02-13 02:00:00,AWS_005,18.19664676970649,1017.3361433459141,100.0,drift,1
2025-02-13 03:00:00,AWS_005,19.91694560378395,1004.6233616763766,95.61955888947121,none,0
2025-02-13 04:00:00,AWS_005,19.90900814840526,1005.0950202402904,94.65121916544275,none,0
2025-02-13 05:00:00,AWS_005,21.44544359320525,1005.5109678892233,97.73893887491715,none,0
2025-02-13 06:00:00,AWS_005,23.780865935427318,1005.7248279893844,94.38611580283819,none,0
2025-02-13 07:00:00,AWS_005,25.406760232598664,1005.9583215206655,95.49592417221922,none,0
2025-02-13 08:00:00,AWS_005,26.378431383070716,1006.4456683534676,94.17108884189173,none,0
2025-02-13 09:00:00,AWS_005,27.813500674077627,1007.3400645203623,87.40488557761078,none,0
2025-02-13 10:00:00,AWS_005,28.50108392348145,1006.4210336956126,91.42790697734735,none,0
2025-02-13 11:00:00,AWS_005,29.04932975487749,1007.0495585587038,88.35712890611514,none,0
2025-02-13 12:00:00,AWS_005,29.526585148438137,1007.2604669218149,84.78541869589961,none,0
2025-02-13 13:00:00,AWS_005,29.57660543057118,1006.9541245145274,86.46852901493322,none,0
2025-02-13 14:00:00,AWS_005,28.08740171226852,1006.1473588450314,87.92720638637722,none,0
2025-02-13 15:00:00,AWS_005,27.054405593022185,1006.9385500144651,91.58230400661088,none,0
2025-02-13 16:00:00,AWS_005,26.57154698774801,1005.8065925843665,87.93531509466686,none,0
2025-02-13 17:00:00,AWS_005,24.792233429970896,1005.9910952941729,94.62702149361965,none,0
2025-02-13 18:00:00,AWS_005,23.775671655214246,1006.2835350259419,92.62775106851029,none,0
2025-02-13 19:00:00,AWS_005,21.96997882454906,1005.9489555765213,91.4480554945688,none,0
2025-02-13 20:00:00,AWS_005,20.349550802087496,1005.390408081581,91.2986173260587,none,0
2025-02-13 21:00:00,AWS_005,19.261954418264832,1005.0778530318163,97.7033631077357,none,0
2025-02-13 22:00:00,AWS_005,19.558204099977043,1004.6133578517854,94.90028788132649,none,0
2025-02-13 23:00:00,AWS_005,17.68977816115253,1004.4261580185778,94.84883875456124,none,0
2025-02-14 00:00:00,AWS_005,17.232489997936312,1004.4708606388518,95.67111790937518,none,0
2025-02-14 01:00:00,AWS_005,17.064837104356595,1004.9336034632827,97.43341892737907,none,0
2025-02-14 02:00:00,AWS_005,18.57844342827411,1005.0746175730302,96.3131445593759,none,0
2025-02-14 03:00:00,AWS_005,19.901387161288707,1005.370975469961,100.0,none,0
2025-02-14 04:00:00,AWS_005,20.591580469060737,1005.2281385888047,93.10549325203554,none,0
2025-02-14 05:00:00,AWS_005,22.025244007442506,1005.2831888073845,96.91473294142766,none,0
2025-02-14 06:00:00,AWS_005,23.48651841533178,1005.7951785583806,94.27530774108237,none,0
2025-02-14 07:00:00,AWS_005,25.20440820924257,1005.9702735217068,93.33461870576217,none,0
2025-02-14 08:00:00,AWS_005,26.434031441190783,1006.2529583749734,90.50215234439246,none,0
2025-02-14 09:00:00,AWS_005,27.93913436644597,1006.2985576384527,89.77251032383644,none,0
2025-02-14 10:00:00,AWS_005,28.88502255700555,1006.8005681859881,88.34135862730709,none,0
2025-02-14 11:00:00,AWS_005,29.40810365134761,1007.8965044855072,83.92948029129374,none,0
2025-02-14 12:00:00,AWS_005,30.260873006509343,1007.1734258305908,91.5524614454162,none,0
2025-02-14 13:00:00,AWS_005,29.132949187589332,1007.2060822728928,90.09156787916655,none,0
2025-02-14 14:00:00,AWS_005,28.628688409830872,1006.4365431701731,96.42968400835437,none,0
2025-02-14 15:00:00,AWS_005,27.465997920165183,1006.3975591691419,82.72980559080017,none,0
2025-02-14 16:00:00,AWS_005,26.476663068048207,1006.5218471378035,85.17892223053255,none,0
2025-02-14 17:00:00,AWS_005,25.158333745622112,1006.1546104333224,93.92827547350251,none,0
2025-02-14 18:00:00,AWS_005,24.255815844078494,1006.132407371006,91.51341729872952,none,0
2025-02-14 19:00:00,AWS_005,21.918457122530153,1005.0691756484996,91.57018287565919,none,0
2025-02-14 20:00:00,AWS_005,20.475768050948787,1005.765132268063,98.13174207788289,none,0
2025-02-14 21:00:00,AWS_005,19.3668232700215,1004.971729106679,96.81536690514847,none,0
2025-02-14 22:00:00,AWS_005,18.00533614439552,1005.1281832534834,92.43302031031031,none,0
2025-02-14 23:00:00,AWS_005,17.71886349571869,1004.9327986219931,96.58627561269891,none,0
2025-02-15 00:00:00,AWS_005,16.75464837847269,1005.2446412664476,99.93554937818466,none,0
2025-02-15 01:00:00,AWS_005,18.041895156061518,1004.6204417183366,100.0,none,0
2025-02-15 02:00:00,AWS_005,18.655614884294785,1004.7965076676271,97.84978099779387,none,0
2025-02-15 03:00:00,AWS_005,19.64331086530516,1005.3618213527477,100.0,none,0
2025-02-15 04:00:00,AWS_005,21.244807275092384,1005.6933318473398,96.42816455591397,none,0
2025-02-15 05:00:00,AWS_005,22.318982659312592,1005.6116660374249,93.63325097565543,none,0
2025-02-15 06:00:00,AWS_005,24.096314010690985,1005.5688897876079,90.00734636913361,none,0
2025-02-15 07:00:00,AWS_005,25.446733407008505,1006.209695298226,96.63007244870434,none,0
2025-02-15 08:00:00,AWS_005,26.675969976000662,1006.1112733960246,88.15839298696525,none,0
2025-02-15 09:00:00,AWS_005,28.010446928955385,1006.53962987004,95.54322406264606,none,0
2025-02-15 10:00:00,AWS_005,29.105036066715805,1006.9153167725966,89.47129330970996,none,0
2025-02-15 11:00:00,AWS_005,29.678244924397006,1006.8022057961751,88.07740164397957,none,0
2025-02-15 12:00:00,AWS_005,29.061227813695186,1007.4091077307562,87.5320974486159,none,0
2025-02-15 13:00:00,AWS_005,28.96467136945634,1007.0895303533076,89.81248080884315,none,0
2025-02-15 14:00:00,AWS_005,28.527226918133763,1007.5054982830522,88.36184226202967,none,0
2025-02-15 15:00:00,AWS_005,27.336380008346307,1006.7581604165474,90.58741879411764,none,0
2025-02-15 16:00:00,AWS_005,26.336254152705155,1007.0808378756049,87.97955760261645,none,0
2025-02-15 17:00:00,AWS_005,24.80834594114489,1006.897193080216,88.45220114583898,none,0
2025-02-15 18:00:00,AWS_005,23.14590215144326,1005.71219913996,90.88474822675653,none,0
2025-02-15 19:00:00,AWS_005,22.02044666340247,1004.8834606094563,99.6002447322554,none,0
2025-02-15 20:00:00,AWS_005,21.083114125182185,1005.8557432745698,95.75645524753928,none,0
2025-02-15 21:00:00,AWS_005,23.388726533189747,1006.0068438844779,98.0,thermo_inconsistent,1
2025-02-15 22:00:00,AWS_005,19.067769761484644,1005.4383412779231,94.59349924675148,none,0
2025-02-15 23:00:00,AWS_005,18.380603938341455,1004.8250850681424,99.06762506490742,none,0
2025-02-16 00:00:00,AWS_005,16.617892685078633,1004.4136701143696,94.04157877295036,none,0
2025-02-16 01:00:00,AWS_005,18.543699043053426,1004.8300571511528,95.63126554764155,none,0
2025-02-16 02:00:00,AWS_005,18.547803847650417,1005.1454782522886,95.31901822508674,none,0
2025-02-16 03:00:00,AWS_005,18.787829734961914,1005.2403526812369,92.55418489312216,none,0
2025-02-16 04:00:00,AWS_005,20.297708182383797,1005.3381146552266,96.03618211515013,none,0
2025-02-16 05:00:00,AWS_005,21.880978182434056,1005.5102900955725,98.45383244563318,none,0
2025-02-16 06:00:00,AWS_005,23.303927237525087,1005.7823925442907,93.14787659041171,none,0
2025-02-16 07:00:00,AWS_005,25.61821979099027,1006.1330370017955,88.93238064066563,none,0
2025-02-16 08:00:00,AWS_005,26.548499845884958,1006.5758749146014,89.28126240410211,none,0
2025-02-16 09:00:00,AWS_005,28.690792135665774,1006.366312113884,86.03433949423093,none,0
2025-02-16 10:00:00,AWS_005,29.52928777888163,1006.4254893511443,88.89309888800031,none,0
2025-02-16 11:00:00,AWS_005,28.74348815363809,1007.6617738466464,88.91260148042052,none,0
2025-02-16 12:00:00,AWS_005,29.460967201527026,1007.4208675804056,90.2054016403848,frozen,1
2025-02-16 13:00:00,AWS_005,29.460967201527026,1007.4208675804056,90.2054016403848,frozen,1
2025-02-16 14:00:00,AWS_005,29.460967201527026,1007.4208675804056,90.2054016403848,frozen,1
2025-02-16 15:00:00,AWS_005,29.460967201527026,1007.4208675804056,90.2054016403848,frozen,1
2025-02-16 16:00:00,AWS_005,29.460967201527026,1007.4208675804056,90.2054016403848,frozen,1
2025-02-16 17:00:00,AWS_005,29.460967201527026,1007.4208675804056,90.2054016403848,frozen,1
2025-02-16 18:00:00,AWS_005,29.460967201527026,1007.4208675804056,90.2054016403848,frozen,1
2025-02-16 19:00:00,AWS_005,29.460967201527026,1007.4208675804056,90.2054016403848,frozen,1
2025-02-16 20:00:00,AWS_005,20.698457976841254,1005.2503537764898,97.15772329837355,none,0
2025-02-16 21:00:00,AWS_005,19.116847728943675,1005.3849309233638,97.04916327933844,none,0
2025-02-16 22:00:00,AWS_005,17.74322132220798,1005.2215301038314,95.86342597833146,none,0
2025-02-16 23:00:00,AWS_005,18.01572659953215,1004.7147352295444,92.27299971444444,none,0
2025-02-17 00:00:00,AWS_005,17.624090166849907,1004.3793086052311,99.28209045345292,none,0
2025-02-17 01:00:00,AWS_005,16.84354842234724,1004.617782557054,93.77245033397855,none,0
2025-02-17 02:00:00,AWS_005,18.5521002693809,1004.5412541623213,94.19716504978048,none,0
2025-02-17 03:00:00,AWS_005,18.960742223339953,1004.7801905466598,94.66470540022254,none,0
2025-02-17 04:00:00,AWS_005,20.756337521560926,1005.7290107938495,93.97093591774059,none,0
2025-02-17 05:00:00,AWS_005,22.076036613922536,1006.0352485518865,95.52842010246108,none,0
2025-02-17 06:00:00,AWS_005,24.152435700345837,1006.1250515858602,32.35464942611482,spike,1
2025-02-17 07:00:00,AWS_005,24.779556755842655,1006.6208811714464,91.3297513364141,none,0
2025-02-17 08:00:00,AWS_005,27.354077850067185,1006.450820559673,90.27621853240761,none,0
2025-02-17 09:00:00,AWS_005,28.01336242604816,1006.7971805055756,89.20175797086503,none,0
2025-02-17 10:00:00,AWS_005,29.749999926080793,1006.7310081771162,88.71444538229552,none,0
2025-02-17 11:00:00,AWS_005,29.710791417147256,1007.5125644264679,85.57100144237177,none,0
2025-02-17 12:00:00,AWS_005,29.78282949883637,1006.4588280676078,89.40698400024566,none,0
2025-02-17 13:00:00,AWS_005,29.196464981100988,1007.2003219784075,83.80118686500653,none,0
2025-02-17 14:00:00,AWS_005,29.70604299884836,1006.9367810411941,87.94173874653595,none,0
2025-02-17 15:00:00,AWS_005,28.58299762272846,1006.7130865028254,93.41022977168268,none,0
2025-02-17 16:00:00,AWS_005,26.881172443087312,1006.6538930478342,93.38350812222377,none,0
2025-02-17 17:00:00,AWS_005,25.20521885191319,1005.9457876962209,92.68604075003121,none,0
2025-02-17 18:00:00,AWS_005,23.609862856941792,1005.9265878234576,94.60302529153763,none,0
2025-02-17 19:00:00,AWS_005,22.113324260450756,1005.5345316159965,95.74451604155139,none,0
2025-02-17 20:00:00,AWS_005,20.855113324765284,1005.6324019593822,95.3610196197081,none,0
2025-02-17 21:00:00,AWS_005,19.185978560645047,1005.2530801477656,96.92209799410466,none,0
2025-02-17 22:00:00,AWS_005,18.36444212777697,1004.6054759501103,96.22719218068492,none,0
2025-02-17 23:00:00,AWS_005,18.124242335083572,1003.8475787073243,95.9150189798211,none,0
2025-02-18 00:00:00,AWS_005,17.616322954986437,1004.4363948883479,93.42183741480807,none,0
2025-02-18 01:00:00,AWS_005,17.78150977159921,1004.3873092169111,98.85217385210228,none,0
2025-02-18 02:00:00,AWS_005,19.01987204619403,1005.0436656760014,95.16569621342681,none,0
2025-02-18 03:00:00,AWS_005,20.148310203987762,1004.8739563990515,95.57290007735767,none,0
2025-02-18 04:00:00,AWS_005,20.99553362216534,1004.9305127430953,100.0,none,0
2025-02-18 05:00:00,AWS_005,22.4017357364196,1005.717367974774,96.88634229445634,none,0
2025-02-18 06:00:00,AWS_005,23.92785578969351,1005.8261347250076,92.44285127090389,none,0
2025-02-18 07:00:00,AWS_005,25.34646066875804,1006.2786483149764,85.60733363936698,none,0
2025-02-18 08:00:00,AWS_005,26.87579750956357,1006.7506562505863,90.64918636270897,none,0
2025-02-18 09:00:00,AWS_005,28.250919799569203,1006.9643273102197,91.27179953641082,none,0
2025-02-18 10:00:00,AWS_005,28.650311670026852,1006.5752917387006,89.62596656094976,none,0
2025-02-18 11:00:00,AWS_005,29.08429616184129,1006.6265256240364,87.80905369821375,none,0
2025-02-18 12:00:00,AWS_005,29.530349187142264,1007.9068081042703,92.62159783478842,none,0
2025-02-18 13:00:00,AWS_005,29.316230021320305,1007.6007523915464,87.39683234947331,none,0
2025-02-18 14:00:00,AWS_005,29.22826165489885,1006.4872856430268,86.14319840174602,none,0
2025-02-18 15:00:00,AWS_005,28.402193894048587,1006.7069361099485,87.9899866535124,none,0
2025-02-18 16:00:00,AWS_005,26.836224099695333,1006.6188033367274,89.72393724978808,none,0
2025-02-18 17:00:00,AWS_005,24.913948073343548,1006.5199732822945,89.03297445689822,none,0
2025-02-18 18:00:00,AWS_005,23.306322947113568,1005.9771537844772,95.10318001860928,none,0
2025-02-18 19:00:00,AWS_005,21.56118333845171,1005.3967334037333,94.45088396209728,none,0
2025-02-18 20:00:00,AWS_005,20.80000641497755,1005.4202448253126,95.66551321756137,none,0
2025-02-18 21:00:00,AWS_005,19.853662569816446,1005.0080674586504,94.72531524613862,none,0
2025-02-18 22:00:00,AWS_005,18.359127448425845,1005.0321446210673,100.0,none,0
2025-02-18 23:00:00,AWS_005,17.876339911055787,1004.6618281164847,100.0,none,0
2025-02-19 00:00:00,AWS_005,30.99578317429768,991.7286682989443,98.0,multivariate_inconsistent,1
2025-02-19 01:00:00,AWS_005,18.01693371974745,1004.9310356692514,92.77262397905355,none,0
2025-02-19 02:00:00,AWS_005,18.86088672445346,1004.9511215531218,96.831585207862,none,0
2025-02-19 03:00:00,AWS_005,19.440352070803904,1004.8667190267206,93.53699169864694,none,0
2025-02-19 04:00:00,AWS_005,20.726597482763935,1005.4478239496102,97.85858381725747,none,0
2025-02-19 05:00:00,AWS_005,22.224709911822927,1005.452781972359,89.623574357424,none,0
2025-02-19 06:00:00,AWS_005,24.37950453227301,1006.4049410840565,89.09052219131512,none,0
2025-02-19 07:00:00,AWS_005,25.41884503470557,1006.5362387472069,90.07900270749757,none,0
2025-02-19 08:00:00,AWS_005,27.26320975152777,1006.4807291990439,89.11691153743003,none,0
2025-02-19 09:00:00,AWS_005,28.03034102651129,1006.5128994903168,88.98741728744858,none,0
2025-02-19 10:00:00,AWS_005,29.45706892318352,1006.8847148706739,97.15729543785432,none,0
2025-02-19 11:00:00,AWS_005,29.68454398345852,1006.8985837781561,80.90522647179927,none,0
2025-02-19 12:00:00,AWS_005,29.438201905537202,1007.294049984006,83.67839032675758,none,0
2025-02-19 13:00:00,AWS_005,29.056052075454165,1006.8829190467295,90.77997905698166,none,0
2025-02-19 14:00:00,AWS_005,29.45734455855329,1007.4721220029704,87.84771615750267,none,0
2025-02-19 15:00:00,AWS_005,27.782977019100763,1006.9015193252671,86.14417621546177,none,0
2025-02-19 16:00:00,AWS_005,26.85575843545032,1006.570059605969,90.39745092996702,none,0
2025-02-19 17:00:00,AWS_005,24.868036500321775,1006.1648528524898,86.59249891632226,none,0
2025-02-19 18:00:00,AWS_005,23.98944338970256,1005.8115165253841,97.50436478374064,none,0
2025-02-19 19:00:00,AWS_005,22.02907835019694,1005.2216427539638,93.75045761097712,none,0
2025-02-19 20:00:00,AWS_005,21.571105165907998,1005.3385998432872,97.99760807956469,none,0
2025-02-19 21:00:00,AWS_005,19.383996197679703,1004.6244163891569,99.08749918867818,none,0
2025-02-19 22:00:00,AWS_005,18.994973053406664,1005.0598415451324,97.16535352954166,none,0
2025-02-19 23:00:00,AWS_005,19.14076405127568,1005.0370918711354,97.62499280653265,none,0
2025-02-20 00:00:00,AWS_005,18.49964311407961,1004.5169824407792,96.34413926179948,none,0
2025-02-20 01:00:00,AWS_005,18.438958699808403,1004.8004345038675,97.78454700920184,none,0
2025-02-20 02:00:00,AWS_005,18.274584346363298,1004.7117318552663,88.99560502616607,none,0
2025-02-20 03:00:00,AWS_005,20.235852547152927,1005.4167273732555,94.04241678921294,none,0
2025-02-20 04:00:00,AWS_005,21.623024636821704,1005.5671835607819,87.94028130151267,none,0
2025-02-20 05:00:00,AWS_005,22.24396362790959,1005.7939665680179,99.018240940033,none,0
2025-02-20 06:00:00,AWS_005,23.963089487203302,1005.6374392868441,92.95386954450616,none,0
2025-02-20 07:00:00,AWS_005,25.289324199345916,1006.4929341738275,87.35660637876867,none,0
2025-02-20 08:00:00,AWS_005,26.601159024527426,1006.8907916259892,92.14290826262072,none,0
2025-02-20 09:00:00,AWS_005,33.66168733503634,1007.6357157885295,98.0,thermo_inconsistent,1
2025-02-20 10:00:00,AWS_005,29.33046717435828,1007.3589363919133,86.03624176956752,none,0
2025-02-20 11:00:00,AWS_005,29.893082576382184,1007.131829695976,83.46289265818275,none,0
2025-02-20 12:00:00,AWS_005,30.417181176251884,1007.1865974710629,88.0315751534172,none,0
2025-02-20 13:00:00,AWS_005,29.99291016318936,1007.4677771879309,89.71532784128883,none,0
2025-02-20 14:00:00,AWS_005,29.252231900373925,1007.2740949156765,82.25649471269172,none,0
2025-02-20 15:00:00,AWS_005,28.759180436156775,1006.6318972734554,92.8686221230479,none,0
2025-02-20 16:00:00,AWS_005,26.614498648851704,1006.9431973673537,89.53356893651554,none,0
2025-02-20 17:00:00,AWS_005,25.52361448983325,1006.7051103069091,87.32140923447226,none,0
2025-02-20 18:00:00,AWS_005,24.154456833199184,1005.6050802878445,93.59470532894701,none,0
2025-02-20 19:00:00,AWS_005,22.78750878580116,1005.3974750593653,97.58314018751827,none,0
2025-02-20 20:00:00,AWS_005,20.54527777533479,1005.3204660908767,92.65636926399209,none,0
2025-02-20 21:00:00,AWS_005,20.234710674770508,1005.122993527079,95.12293851588312,none,0
2025-02-20 22:00:00,AWS_005,18.258767957469487,1005.1930715661067,94.33697269561202,none,0
2025-02-20 23:00:00,AWS_005,17.91071797679041,1004.8110710058387,94.05147290777792,none,0
2025-02-21 00:00:00,AWS_005,18.508388511462567,1004.6081790255652,91.4278508779298,none,0
2025-02-21 01:00:00,AWS_005,17.3990128646407,1004.7011271807635,94.72522531152104,none,0
2025-02-21 02:00:00,AWS_005,18.68656866566745,1005.1726317386313,91.53033227293064,none,0
2025-02-21 03:00:00,AWS_005,20.37055604351546,1005.3299314552646,93.68927903328124,none,0
2025-02-21 04:00:00,AWS_005,21.363211265073616,1005.5299222916929,90.7908328361678,none,0
2025-02-21 05:00:00,AWS_005,22.511641458391075,1005.7302551315453,93.77707031298155,none,0
2025-02-21 06:00:00,AWS_005,23.953933523831854,1005.6534380471576,93.58785357677463,none,0
2025-02-21 07:00:00,AWS_005,25.761383568510016,1006.583154000312,92.42995397631132,none,0
2025-02-21 08:00:00,AWS_005,26.33989562992809,1006.8080613949041,92.07837936763296,none,0
2025-02-21 09:00:00,AWS_005,28.875005693372984,1007.0940965298475,89.22477685511888,none,0
2025-02-21 10:00:00,AWS_005,29.03566988525945,1006.8907418687925,87.74753130887865,none,0
2025-02-21 11:00:00,AWS_005,29.546096862882223,1007.9339808216039,83.95772901717604,none,0
2025-02-21 12:00:00,AWS_005,30.456276964638334,1007.568204171237,84.37651084691379,none,0
2025-02-21 13:00:00,AWS_005,30.112618826489204,1007.4398911957138,87.62926435862586,none,0
2025-02-21 14:00:00,AWS_005,29.359266662949068,1006.97326184641,85.02115138750058,none,0
2025-02-21 15:00:00,AWS_005,28.458072313378686,1006.7808913579844,89.21844401100783,none,0
2025-02-21 16:00:00,AWS_005,27.071920541453768,1006.9196392695867,91.68265110602343,none,0
2025-02-21 17:00:00,AWS_005,25.021315367317737,1006.5151864325161,92.68634968190385,none,0
2025-02-21 18:00:00,AWS_005,23.26413417867168,1006.6481532014091,93.27260658570414,none,0
2025-02-21 19:00:00,AWS_005,22.872398357743656,1006.1581435964725,91.22265155839557,none,0
2025-02-21 20:00:00,AWS_005,21.322730903243855,1004.6885461645643,95.43709244443289,none,0
2025-02-21 21:00:00,AWS_005,19.804914872985684,1005.0724575926143,96.8666965516502,none,0
2025-02-21 22:00:00,AWS_005,19.494094133261672,1004.828255498502,93.07894899883722,none,0
2025-02-21 23:00:00,AWS_005,18.05019726304322,1004.76418008713,98.42985484950104,none,0
2025-02-22 00:00:00,AWS_005,17.807734393143676,1004.6446667682113,94.92768340736718,none,0
2025-02-22 01:00:00,AWS_005,18.581565493149384,1004.6196152019807,100.0,none,0
2025-02-22 02:00:00,AWS_005,18.5182222033303,1004.5674668531485,95.18177924593766,none,0
2025-02-22 03:00:00,AWS_005,19.45248858492804,1044.5951713039449,98.92538079074565,spike,1
2025-02-22 04:00:00,AWS_005,21.04225406029091,1005.4151687808384,94.55972129438383,none,0
2025-02-22 05:00:00,AWS_005,22.245167167054017,1006.1620674927702,94.51053802698154,none,0
2025-02-22 06:00:00,AWS_005,24.18598720900311,1005.9757414639658,90.888319117402,none,0
2025-02-22 07:00:00,AWS_005,26.01995568313521,1006.3181059351393,93.92252380642255,none,0
2025-02-22 08:00:00,AWS_005,26.815346046064807,1006.4405541464444,92.55618513739057,none,0
2025-02-22 09:00:00,AWS_005,28.411071471553885,1006.9799711120522,82.78286323177242,none,0
2025-02-22 10:00:00,AWS_005,29.637390232502522,1006.9748767777696,95.86777104617163,none,0
2025-02-22 11:00:00,AWS_005,35.15049019730705,1008.7159859537807,98.0,thermo_inconsistent,1
2025-02-22 12:00:00,AWS_005,30.202622685109752,1007.2757209746746,86.42232510176599,none,0
2025-02-22 13:00:00,AWS_005,30.381765527922433,1007.3440584999435,84.74221274685766,none,0
2025-02-22 14:00:00,AWS_005,29.00500004417163,1007.2760178119811,91.24233657425704,none,0
2025-02-22 15:00:00,AWS_005,28.615440785033837,1006.9641679076756,89.80550499544842,none,0
2025-02-22 16:00:00,AWS_005,28.121030141435803,1006.8454907067725,90.35087609253408,none,0
2025-02-22 17:00:00,AWS_005,25.57796219850197,1006.4869888127936,88.95172140921349,none,0
2025-02-22 18:00:00,AWS_005,23.508008375011634,1006.6239979024625,90.92801718558984,none,0
2025-02-22 19:00:00,AWS_005,22.22781327965364,1005.4896377705826,97.88969408629883,none,0
2025-02-22 20:00:00,AWS_005,20.933201277232012,1005.562961859372,100.0,none,0
2025-02-22 21:00:00,AWS_005,20.356589700690417,1005.3647816583983,95.95783149709489,none,0
2025-02-22 22:00:00,AWS_005,19.177475064016114,1004.7791210788633,100.0,none,0
2025-02-22 23:00:00,AWS_005,18.2164121911442,1004.960535103929,90.51382835889449,none,0
2025-02-23 00:00:00,AWS_005,17.288900396494483,1005.3489194554745,96.18067411546322,none,0
2025-02-23 01:00:00,AWS_005,18.2293072213508,1004.4407111377517,100.0,none,0
2025-02-23 02:00:00,AWS_005,19.783675993972494,1005.0705022384136,93.77809323173092,none,0
2025-02-23 03:00:00,AWS_005,19.32917372111997,1005.109945369466,94.98165899441356,none,0
2025-02-23 04:00:00,AWS_005,21.26817774210997,1005.2440634568653,95.89142283795447,none,0
2025-02-23 05:00:00,AWS_005,22.822595513847237,1005.6727012903262,95.7054562198309,none,0
2025-02-23 06:00:00,AWS_005,24.522382251195644,1006.1640023678312,91.26750015885081,none,0
2025-02-23 07:00:00,AWS_005,26.040842230144687,1006.7336759096063,88.52440450315672,none,0
2025-02-23 08:00:00,AWS_005,27.630086542600207,1006.6685487927809,88.16244563326086,none,0
2025-02-23 09:00:00,AWS_005,28.996583387063712,1006.9997754714574,86.38593951086571,none,0
2025-02-23 10:00:00,AWS_005,29.623787170841307,1007.1573223137358,95.10041241946377,none,0
2025-02-23 11:00:00,AWS_005,30.2425655499355,1007.4895466385583,90.99216517503325,none,0
2025-02-23 12:00:00,AWS_005,30.09178393496692,1007.2334108188035,87.67046529172846,none,0
2025-02-23 13:00:00,AWS_005,29.9100727798468,1007.2274598750187,88.25633486382911,none,0
2025-02-23 14:00:00,AWS_005,29.009163762868223,1007.2466018280277,89.81652951646703,none,0
2025-02-23 15:00:00,AWS_005,28.838875856382575,1007.1084289203918,86.0651645388739,none,0
2025-02-23 16:00:00,AWS_005,26.055497342373105,1006.7792045986777,90.57729783641861,none,0
2025-02-23 17:00:00,AWS_005,26.082135152216207,1006.6285642605966,91.05621510864279,none,0
2025-02-23 18:00:00,AWS_005,23.46608907223723,1006.2927390766092,89.60707957062914,none,0
2025-02-23 19:00:00,AWS_005,22.749054755189935,1005.3351908393776,92.88351948067007,none,0
2025-02-23 20:00:00,AWS_005,20.943915043498244,1006.1248475320203,89.08406929463558,none,0
2025-02-23 21:00:00,AWS_005,21.091473060685612,1005.4556453472509,90.36778929944191,none,0
2025-02-23 22:00:00,AWS_005,19.11594530548282,1004.4994660340318,94.44695646369311,none,0
2025-02-23 23:00:00,AWS_005,18.196701506888864,1005.3717895729687,100.0,none,0
2025-02-24 00:00:00,AWS_005,18.738201508413695,1045.1811357193178,96.55904477929441,spike,1
2025-02-24 01:00:00,AWS_005,18.70134691731277,1004.7196124579243,95.66675322739331,none,0
2025-02-24 02:00:00,AWS_005,18.65456129252805,1004.8514401956348,99.23680051694535,none,0
2025-02-24 03:00:00,AWS_005,19.933262414679408,1005.26384237477,95.36345857473367,none,0
2025-02-24 04:00:00,AWS_005,21.78499154791966,1005.3889131063147,92.48160684724746,none,0
2025-02-24 05:00:00,AWS_005,21.694018620348952,1006.1727188359745,93.36078988514858,none,0
2025-02-24 06:00:00,AWS_005,23.633952272308818,1005.7563259792689,93.8400884606455,none,0
2025-02-24 07:00:00,AWS_005,25.679235727264327,1007.0648711415403,94.07693470762945,none,0
2025-02-24 08:00:00,AWS_005,27.868234806420013,1007.2079519301743,87.44488192352765,none,0
2025-02-24 09:00:00,AWS_005,27.88409993934073,1006.6953725505521,86.20806081717026,drift,1
2025-02-24 10:00:00,AWS_005,29.255137486766806,1007.2146465257711,88.75975668631719,drift,1
2025-02-24 11:00:00,AWS_005,29.797746662532422,1008.1314615879343,85.28137218657153,drift,1
2025-02-24 12:00:00,AWS_005,30.62699047878827,1008.4596380686645,92.75805004408056,drift,1
2025-02-24 13:00:00,AWS_005,30.16563243119052,1009.1092837608666,88.79825504756194,drift,1
2025-02-24 14:00:00,AWS_005,29.384677989570616,1009.1166668559,86.71789897021833,drift,1
2025-02-24 15:00:00,AWS_005,28.046214319974087,1009.5790312656995,88.37111352942983,drift,1
2025-02-24 16:00:00,AWS_005,26.452378164806568,1009.1005982688229,95.09114044527225,drift,1
2025-02-24 17:00:00,AWS_005,26.02374510294383,1009.6519191275498,92.51190695695789,drift,1
2025-02-24 18:00:00,AWS_005,,,,dropout,1
2025-02-24 19:00:00,AWS_005,,,,dropout,1
2025-02-24 20:00:00,AWS_005,,,,dropout,1
2025-02-24 21:00:00,AWS_005,,,,dropout,1
2025-02-24 22:00:00,AWS_005,,,,dropout,1
2025-02-24 23:00:00,AWS_005,17.516092394819562,1010.0124717909773,98.53566464121593,drift,1
2025-02-25 00:00:00,AWS_005,18.516919440358038,1010.1849277751869,93.05099596338154,drift,1
2025-02-25 01:00:00,AWS_005,18.68167469054894,1010.96719302673,95.66372372292919,drift,1
2025-02-25 02:00:00,AWS_005,19.568098129341823,1011.1403517468813,99.69866104356188,drift,1
2025-02-25 03:00:00,AWS_005,19.771503294477995,1011.940257866613,94.48259395319373,drift,1
2025-02-25 04:00:00,AWS_005,21.270058455982603,1012.4144515934876,92.36522274715031,drift,1
2025-02-25 05:00:00,AWS_005,22.600948021605426,1014.0577344288614,92.16548060348075,drift,1
2025-02-25 06:00:00,AWS_005,24.505590569370735,1013.8275046385145,97.7712181308631,drift,1
2025-02-25 07:00:00,AWS_005,25.823929775328224,1014.7783446531828,89.31200749862228,drift,1
2025-02-25 08:00:00,AWS_005,27.314656473384296,1006.9310045082149,89.05855748715291,none,0
2025-02-25 09:00:00,AWS_005,28.60693709992852,1007.1607159092492,86.04491315015514,none,0
2025-02-25 10:00:00,AWS_005,29.480470280774725,1007.2566697984669,87.63362111640105,none,0
2025-02-25 11:00:00,AWS_005,29.725963810163016,1007.7446591475891,90.02408815699869,none,0
2025-02-25 12:00:00,AWS_005,30.542532213573008,1007.2440730202431,78.51245308149,none,0
2025-02-25 13:00:00,AWS_005,30.275732790103252,1006.9285730354297,81.79256191673663,none,0
2025-02-25 14:00:00,AWS_005,29.63646193535297,1007.6276072831075,85.19545334872738,none,0
2025-02-25 15:00:00,AWS_005,28.19628769240475,1007.2187658137749,90.09653818083544,none,0
2025-02-25 16:00:00,AWS_005,27.208349713748948,1006.6867940061483,89.34803004394837,none,0
2025-02-25 17:00:00,AWS_005,25.86612109590746,1006.8029696898429,87.99979316016933,none,0
2025-02-25 18:00:00,AWS_005,23.373706972498752,1006.3611584536246,91.61081785055535,none,0
2025-02-25 19:00:00,AWS_005,22.988288476919422,1006.1255792452336,87.47679033357588,none,0
2025-02-25 20:00:00,AWS_005,21.0026541678813,1005.7837864696265,94.66340048649766,none,0
2025-02-25 21:00:00,AWS_005,19.345354355466533,1005.4419934891794,95.61932838178195,none,0
2025-02-25 22:00:00,AWS_005,19.53400386762868,1005.0608274172847,100.0,none,0
2025-02-25 23:00:00,AWS_005,18.044708328611787,1005.0002751430046,98.15051674924598,none,0
2025-02-26 00:00:00,AWS_005,18.25174959783351,1005.3211496532673,96.30662103346329,none,0
2025-02-26 01:00:00,AWS_005,18.320067539547317,1005.3902696599479,93.71851666658684,none,0
2025-02-26 02:00:00,AWS_005,18.407297320737392,1005.2565233969206,92.45681042728242,none,0
2025-02-26 03:00:00,AWS_005,19.72755463564277,1005.7883088536208,91.48950509286183,none,0
2025-02-26 04:00:00,AWS_005,22.166921272686224,1005.6646512694219,91.6390138066545,none,0
2025-02-26 05:00:00,AWS_005,23.397503253036774,1006.325345462872,89.70714667141912,none,0
2025-02-26 06:00:00,AWS_005,23.950380722477412,1006.7369009819868,95.50672600509327,none,0
2025-02-26 07:00:00,AWS_005,26.174713636090452,1006.757006213211,90.74529950389744,none,0
2025-02-26 08:00:00,AWS_005,27.19980743325149,1006.7457128095433,92.59837341101684,none,0
2025-02-26 09:00:00,AWS_005,28.97000342941386,1007.12057465165,87.73600309993724,none,0
2025-02-26 10:00:00,AWS_005,28.94399052827104,1007.2347140504622,91.86194312604096,none,0
2025-02-26 11:00:00,AWS_005,29.65846575129515,1007.4144849471356,87.34066336886296,none,0
2025-02-26 12:00:00,AWS_005,30.374965014844914,1007.2896213484231,86.77434465835242,none,0
2025-02-26 13:00:00,AWS_005,30.030778233856083,1007.5329177825752,90.4035390831507,none,0
2025-02-26 14:00:00,AWS_005,29.86406069799776,1006.8787756080288,82.04477985910795,none,0
2025-02-26 15:00:00,AWS_005,28.944868770808156,1006.746989417663,88.5321399762231,none,0
2025-02-26 16:00:00,AWS_005,27.500654728300525,1006.8753738782979,90.13448648506336,none,0
2025-02-26 17:00:00,AWS_005,25.728958686443658,1006.5974391906326,92.09582712114678,none,0
2025-02-26 18:00:00,AWS_005,24.436334480497145,1005.8478681562922,92.79253042096046,none,0
2025-02-26 19:00:00,AWS_005,22.642359183069914,1006.0499781560229,92.24095961083965,none,0
2025-02-26 20:00:00,AWS_005,20.69429482476364,1005.7944442361943,94.9580528168516,none,0
2025-02-26 21:00:00,AWS_005,20.490714471112558,1005.528096229238,98.89544239587688,none,0
2025-02-26 22:00:00,AWS_005,18.503225436657324,1005.0506043566451,100.0,none,0
2025-02-26 23:00:00,AWS_005,18.066176711477418,1005.2730862433151,100.0,none,0
2025-02-27 00:00:00,AWS_005,18.451799196648537,1005.1435248947499,98.4772441115517,none,0
2025-02-27 01:00:00,AWS_005,18.923244731944518,1005.0015034930163,96.4945100058738,none,0
2025-02-27 02:00:00,AWS_005,19.27277397186581,1005.1631085167024,93.00740498301671,none,0
2025-02-27 03:00:00,AWS_005,19.769516464975073,1004.8300372491447,97.43368505492191,none,0
2025-02-27 04:00:00,AWS_005,22.20259385329209,1005.6931217008796,87.98380671653443,none,0
2025-02-27 05:00:00,AWS_005,22.35085721227796,1005.841729640303,92.98931305012599,none,0
2025-02-27 06:00:00,AWS_005,24.995805355395998,1006.1835111057734,92.66783586286324,none,0
2025-02-27 07:00:00,AWS_005,25.46570128520014,1006.9305869900325,88.70135031696702,none,0
2025-02-27 08:00:00,AWS_005,27.439837538295016,1006.8382857958026,92.1406390695639,none,0
2025-02-27 09:00:00,AWS_005,28.83072803124617,1006.6965344598439,91.77154379155346,none,0
2025-02-27 10:00:00,AWS_005,29.686654769692876,1007.1831883384954,82.90417651768922,none,0
2025-02-27 11:00:00,AWS_005,30.025735666666467,1007.7172500612783,89.1804219961516,none,0
2025-02-27 12:00:00,AWS_005,30.574207223462665,1007.2598022439217,88.42756518651895,none,0
2025-02-27 13:00:00,AWS_005,30.293814267369957,1007.5576154872238,87.24009645236917,none,0
2025-02-27 14:00:00,AWS_005,29.147689123323126,1007.4691311497635,84.8263876913157,none,0
2025-02-27 15:00:00,AWS_005,29.190971120504212,1007.4303744090448,84.7144964386312,none,0
2025-02-27 16:00:00,AWS_005,27.42541357487414,1006.8635725291196,87.01538756888215,none,0
2025-02-27 17:00:00,AWS_005,26.029218394808765,1006.5971230442474,89.03561672871272,none,0
2025-02-27 18:00:00,AWS_005,23.98919107586881,1005.7252399318307,98.58179617236875,none,0
2025-02-27 19:00:00,AWS_005,23.02646837404707,1006.0348042304328,90.2663520809133,none,0
2025-02-27 20:00:00,AWS_005,21.925047461055037,1006.0216938041904,91.89795339429216,none,0
2025-02-27 21:00:00,AWS_005,20.33135247031123,1005.4004543472748,95.69766752860957,none,0
2025-02-27 22:00:00,AWS_005,19.278932354053126,1005.4463235599269,95.45293300354493,none,0
2025-02-27 23:00:00,AWS_005,18.831228230971735,1005.7028303751396,91.46265145481202,none,0
2025-02-28 00:00:00,AWS_005,18.24502184401748,1004.5456123105552,96.82728536286677,none,0
2025-02-28 01:00:00,AWS_005,18.793842352926312,1005.3282359108111,99.40293573464812,none,0
2025-02-28 02:00:00,AWS_005,18.91300516525319,1005.6298924602745,94.11073876745755,none,0
2025-02-28 03:00:00,AWS_005,20.565836260795237,1005.4681659252245,93.06152722212998,none,0
2025-02-28 04:00:00,AWS_005,21.78442704729894,1005.6750660644866,100.0,none,0
2025-02-28 05:00:00,AWS_005,23.103001833526918,1005.6202300677005,94.16660417891026,none,0
2025-02-28 06:00:00,AWS_005,24.668243011094095,1005.9926176613632,91.08030100566009,none,0
2025-02-28 07:00:00,AWS_005,1.1399956944282472,1006.3312442105808,93.92964809824646,spike,1
2025-02-28 08:00:00,AWS_005,27.091968001792253,1007.0253373043063,88.18353625353271,none,0
2025-02-28 09:00:00,AWS_005,28.39533278389373,1006.770349690722,94.36500220532957,none,0
2025-02-28 10:00:00,AWS_005,29.767135816963933,1006.9756372113758,89.76117074524633,none,0
2025-02-28 11:00:00,AWS_005,29.97772453143147,1006.9117158012008,88.16900169451965,none,0
2025-02-28 12:00:00,AWS_005,30.1693296361125,1007.9667197985697,85.17287875452642,none,0
2025-02-28 13:00:00,AWS_005,29.913378531995527,1007.4732198126744,84.37494766261786,none,0
2025-02-28 14:00:00,AWS_005,29.865059894959142,1007.2319209898155,86.88696195959726,none,0
2025-02-28 15:00:00,AWS_005,28.78813797705532,1006.7528300934149,85.34747397072346,none,0
2025-02-28 16:00:00,AWS_005,27.738875323183347,1007.560954855199,93.60826407489326,none,0
2025-02-28 17:00:00,AWS_005,26.637827117311666,1006.5566807537055,93.95156435741278,none,0
2025-02-28 18:00:00,AWS_005,24.60408456507665,1006.8754236395453,95.7897829922583,none,0
2025-02-28 19:00:00,AWS_005,22.718149465880714,1006.3412939498547,88.9112840417058,none,0
2025-02-28 20:00:00,AWS_005,21.593413471858387,1005.9497407616623,96.56128789947637,none,0
2025-02-28 21:00:00,AWS_005,20.5500042358304,1005.9037511559111,94.05059344433536,none,0
2025-02-28 22:00:00,AWS_005,19.791076246933947,1005.7143201454196,93.0484516519528,none,0
2025-02-28 23:00:00,AWS_005,18.684694632188155,1005.7200393922873,90.38109778193422,none,0
2025-03-01 00:00:00,AWS_005,22.489134001612758,1006.4245065597702,98.0,thermo_inconsistent,1
2025-03-01 01:00:00,AWS_005,18.349001822154527,1005.3008633310099,94.095855014527,none,0
2025-03-01 02:00:00,AWS_005,19.019235706971116,1005.1130010194706,98.1496587781793,none,0
2025-03-01 03:00:00,AWS_005,19.78323793882248,1005.3046389318348,95.8012712145741,none,0
2025-03-01 04:00:00,AWS_005,21.688014649881662,1005.6450031196307,95.26692391498601,none,0
2025-03-01 05:00:00,AWS_005,22.52746532035869,1006.0357934932159,89.57068011757158,none,0
2025-03-01 06:00:00,AWS_005,24.425991776337153,1006.8273148066769,97.28827419704058,none,0
2025-03-01 07:00:00,AWS_005,26.12991935480528,1007.1702385199352,90.53339585010944,none,0
2025-03-01 08:00:00,AWS_005,27.089947617828013,1007.2967436757647,87.80523194562917,none,0
2025-03-01 09:00:00,AWS_005,28.192341813206347,1007.3342878952566,87.69273681883097,none,0
2025-03-01 10:00:00,AWS_005,30.10911439312797,1007.7359938095809,87.34709343097964,none,0
2025-03-01 11:00:00,AWS_005,30.55735477552554,1007.8868207034287,90.97203197421,none,0
2025-03-01 12:00:00,AWS_005,30.919598012683355,1007.5602068492434,85.48933678012023,none,0
2025-03-01 13:00:00,AWS_005,30.428980796076587,1007.3527625062114,83.53506145132549,none,0
2025-03-01 14:00:00,AWS_005,30.263522638546956,1007.6930299188239,88.79603023194599,none,0
2025-03-01 15:00:00,AWS_005,28.98824461650617,1007.2753931731555,86.43914635081782,none,0
2025-03-01 16:00:00,AWS_005,27.06023867219151,1007.9103244995933,87.05274264212922,none,0
2025-03-01 17:00:00,AWS_005,26.326531859100484,1006.6618572427548,92.04829024582172,none,0
2025-03-01 18:00:00,AWS_005,24.652439052879018,1006.6010975548147,95.97224590058437,none,0
2025-03-01 19:00:00,AWS_005,22.56613364556688,1005.997185342595,91.77614082585173,none,0
2025-03-01 20:00:00,AWS_005,21.277053483005133,1005.8977815949855,92.895480797259,none,0
2025-03-01 21:00:00,AWS_005,20.446738578284467,1005.6972645656788,96.93361513217653,none,0
2025-03-01 22:00:00,AWS_005,18.55284764366355,1005.3812867407323,99.87050256559846,none,0
2025-03-01 23:00:00,AWS_005,18.75881217931451,1005.3435259207016,92.51298303049477,none,0
2025-03-02 00:00:00,AWS_005,17.931961239811045,1005.9625436819555,97.76265705010071,none,0
2025-03-02 01:00:00,AWS_005,19.00914881652611,1005.0086378121213,95.45035473834899,none,0
2025-03-02 02:00:00,AWS_005,19.6418898248083,965.5976134235666,98.90157664362923,spike,1
2025-03-02 03:00:00,AWS_005,19.776031474622993,1005.6641671403188,89.85498657275717,none,0
2025-03-02 04:00:00,AWS_005,21.113623276446752,1005.5886821477802,98.32094969293574,none,0
2025-03-02 05:00:00,AWS_005,22.778220550311634,1005.7832331645856,94.79187169704258,none,0
2025-03-02 06:00:00,AWS_005,24.42729352511242,1006.938261973926,90.58457568672688,none,0
2025-03-02 07:00:00,AWS_005,25.73505600091292,1007.1044961078225,89.71739432068443,none,0
2025-03-02 08:00:00,AWS_005,27.855511906637783,1007.5706630310032,88.19177398206105,none,0
2025-03-02 09:00:00,AWS_005,28.773009553192278,1007.3976730542144,88.04116615302672,none,0
2025-03-02 10:00:00,AWS_005,29.17722327289177,1007.348661116763,87.02726257330708,none,0
2025-03-02 11:00:00,AWS_005,30.423279711189142,1007.6379659456932,89.0293957067641,none,0
2025-03-02 12:00:00,AWS_005,30.247502637554323,1007.4983537062354,91.94708812417639,none,0
2025-03-02 13:00:00,AWS_005,30.35016968611596,1007.478247832188,87.76904740930142,none,0
2025-03-02 14:00:00,AWS_005,30.17056066780709,1007.556574413294,90.06233231947745,none,0
2025-03-02 15:00:00,AWS_005,28.436492776974085,1007.4373938551236,93.82687747173128,none,0
2025-03-02 16:00:00,AWS_005,27.613080986837147,1007.3365269303679,92.04775458134766,none,0
2025-03-02 17:00:00,AWS_005,25.961297392906847,1006.2015184177344,89.95893028468417,none,0
2025-03-02 18:00:00,AWS_005,24.56461740297609,1006.5089791676604,90.34123809515488,none,0
2025-03-02 19:00:00,AWS_005,23.573443548106795,1005.8397576428032,92.49643907036082,none,0
2025-03-02 20:00:00,AWS_005,22.13490213859486,1005.9516838046103,91.28576789326239,none,0
2025-03-02 21:00:00,AWS_005,19.594683670239792,1006.0004200214607,96.40522886589896,none,0
2025-03-02 22:00:00,AWS_005,20.05414402605424,1005.956334888454,95.48794156914295,none,0
2025-03-02 23:00:00,AWS_005,19.322001277146107,1005.226176068665,99.43603568638444,none,0
2025-03-03 00:00:00,AWS_005,18.351527457769592,1005.6614136470173,91.41351706973794,none,0
2025-03-03 01:00:00,AWS_005,19.20414018921943,1005.7295069198452,98.9789801283478,none,0
2025-03-03 02:00:00,AWS_005,19.27755213300513,1005.6615962275631,98.76506014896941,none,0
2025-03-03 03:00:00,AWS_005,20.593930410504825,1005.923442590117,95.70785330517664,none,0
2025-03-03 04:00:00,AWS_005,20.87447861567708,1006.3850110941232,89.53299275711959,none,0
2025-03-03 05:00:00,AWS_005,23.53461185600439,1005.8935130712426,94.70008229064547,none,0
2025-03-03 06:00:00,AWS_005,23.934992355316723,1006.6134225975238,94.38599510845555,none,0
2025-03-03 07:00:00,AWS_005,25.490150951400125,1007.214947625724,92.52809949991891,none,0
2025-03-03 08:00:00,AWS_005,27.735790837578982,1006.6497604999734,89.32108330003136,frozen,1
2025-03-03 09:00:00,AWS_005,27.735790837578982,1006.6497604999734,89.32108330003136,frozen,1
2025-03-03 10:00:00,AWS_005,27.735790837578982,1006.6497604999734,89.32108330003136,frozen,1
2025-03-03 11:00:00,AWS_005,27.735790837578982,1006.6497604999734,89.32108330003136,frozen,1
2025-03-03 12:00:00,AWS_005,27.735790837578982,1006.6497604999734,89.32108330003136,frozen,1
2025-03-03 13:00:00,AWS_005,27.735790837578982,1006.6497604999734,89.32108330003136,frozen,1
2025-03-03 14:00:00,AWS_005,30.51455207412139,1008.1163394230296,83.66692277703267,none,0
2025-03-03 15:00:00,AWS_005,29.436306167114342,1007.4817243386261,87.40882070500429,none,0
2025-03-03 16:00:00,AWS_005,27.516977160242078,1007.0997845974738,89.1314293667583,none,0
2025-03-03 17:00:00,AWS_005,25.855152606419345,1006.992033832914,95.5468440235252,none,0
2025-03-03 18:00:00,AWS_005,24.481303618857332,1006.716165891246,87.28882060061804,none,0
2025-03-03 19:00:00,AWS_005,23.12426302862488,1005.8665102039628,95.0943457872888,none,0
2025-03-03 20:00:00,AWS_005,22.397062937678683,1005.9302421891954,95.33994121471362,none,0
2025-03-03 21:00:00,AWS_005,21.260923253207622,1005.5351871107332,96.21555074825551,none,0
2025-03-03 22:00:00,AWS_005,18.917889314942485,1006.0167986684226,94.81362250767674,none,0
2025-03-03 23:00:00,AWS_005,19.817031147283807,1005.5107124294907,98.74794035272365,none,0
2025-03-04 00:00:00,AWS_005,17.873310309957873,1005.1644985993182,99.01921679656031,none,0
2025-03-04 01:00:00,AWS_005,18.308732769122347,1005.3763467835165,94.84097089446873,none,0
2025-03-04 02:00:00,AWS_005,19.07047302637481,1005.5617895757641,93.11028826155558,none,0
2025-03-04 03:00:00,AWS_005,21.104977735651016,1005.339776636908,94.69590383373533,none,0
2025-03-04 04:00:00,AWS_005,21.33862783722086,1005.875370936963,97.13129503004174,none,0
2025-03-04 05:00:00,AWS_005,23.460416095093382,1005.934060637559,88.68527286146309,none,0
2025-03-04 06:00:00,AWS_005,24.86862707719643,1006.2590665180624,89.15767368179655,none,0
2025-03-04 07:00:00,AWS_005,26.143627105265384,1006.8964826372901,93.30765908061186,none,0
2025-03-04 08:00:00,AWS_005,27.905720687241896,1006.7972144068958,87.69168369416423,none,0
2025-03-04 09:00:00,AWS_005,28.750850776412257,1007.3880173279858,84.26781579089439,none,0
2025-03-04 10:00:00,AWS_005,30.08418831035041,1007.882142720935,84.58765037307452,none,0
2025-03-04 11:00:00,AWS_005,30.479346547389095,1007.4755307878664,81.36195429452283,none,0
2025-03-04 12:00:00,AWS_005,32.120158267067936,1008.0177790696575,83.13609060555638,none,0
2025-03-04 13:00:00,AWS_005,30.018692108094868,1007.4990411265064,87.53960693841505,none,0
2025-03-04 14:00:00,AWS_005,30.209882354101815,1007.095517352072,82.54063968281358,none,0
2025-03-04 15:00:00,AWS_005,28.83464819078164,1007.7506550230877,89.90010921926053,none,0
2025-03-04 16:00:00,AWS_005,28.526748689379026,1007.2951929075768,85.79868817621565,none,0
2025-03-04 17:00:00,AWS_005,26.87151699038817,1006.4162542496395,90.74918228031636,none,0
2025-03-04 18:00:00,AWS_005,24.876935727426442,1006.1886374607717,91.01848735746553,none,0
2025-03-04 19:00:00,AWS_005,23.70730569538196,1005.726380485166,90.82145589666872,none,0
2025-03-04 20:00:00,AWS_005,21.418140816962662,1005.9452907327387,91.12295013844513,none,0
2025-03-04 21:00:00,AWS_005,20.445509568017066,1005.6016245410646,96.32950196871276,none,0
2025-03-04 22:00:00,AWS_005,20.12703248054527,1004.4049412199469,95.35564938892318,none,0
2025-03-04 23:00:00,AWS_005,18.582300135504564,1005.3832963698288,97.01835210709156,none,0
2025-03-05 00:00:00,AWS_005,19.209335105542575,1005.1426020282912,100.0,none,0
2025-03-05 01:00:00,AWS_005,19.447997538165225,1005.6140687305401,95.24132535091998,none,0
2025-03-05 02:00:00,AWS_005,19.977223770755163,1005.7799856016871,100.0,none,0
2025-03-05 03:00:00,AWS_005,20.719933680683567,1005.5003085317827,91.33827313155078,none,0
2025-03-05 04:00:00,AWS_005,21.943700772703874,1005.8219962478313,99.03862460895859,frozen,1
2025-03-05 05:00:00,AWS_005,21.943700772703874,1005.8219962478313,99.03862460895859,frozen,1
2025-03-05 06:00:00,AWS_005,21.943700772703874,1005.8219962478313,99.03862460895859,frozen,1
2025-03-05 07:00:00,AWS_005,21.943700772703874,1005.8219962478313,99.03862460895859,frozen,1
2025-03-05 08:00:00,AWS_005,21.943700772703874,1005.8219962478313,99.03862460895859,frozen,1
2025-03-05 09:00:00,AWS_005,21.943700772703874,1005.8219962478313,99.03862460895859,frozen,1
2025-03-05 10:00:00,AWS_005,30.33303972168486,1007.2165524016575,83.9382200026531,none,0
2025-03-05 11:00:00,AWS_005,30.131305809361635,1007.7789389485565,87.93371395481701,none,0
2025-03-05 12:00:00,AWS_005,31.202697303222077,1008.0194923055019,81.49757719000267,none,0
2025-03-05 13:00:00,AWS_005,30.5067963917915,1007.4460794208252,89.54049777316006,none,0
2025-03-05 14:00:00,AWS_005,29.503413715183616,1008.1092371656417,87.92424094340763,none,0
2025-03-05 15:00:00,AWS_005,29.217411888934212,1007.5657736346019,86.351950986704,none,0
2025-03-05 16:00:00,AWS_005,28.04328360906743,1007.2942665780802,86.97168049580216,none,0
2025-03-05 17:00:00,AWS_005,26.274691052304373,1007.3077181133721,90.49771350966307,none,0
2025-03-05 18:00:00,AWS_005,24.853343763240446,1006.9837479958935,95.09667449382492,none,0
2025-03-05 19:00:00,AWS_005,24.174290474410466,1005.8098800506493,93.91853994736806,none,0
2025-03-05 20:00:00,AWS_005,,,,dropout,1
2025-03-05 21:00:00,AWS_005,,,,dropout,1
2025-03-05 22:00:00,AWS_005,,,,dropout,1
2025-03-05 23:00:00,AWS_005,,,,dropout,1
2025-03-06 00:00:00,AWS_005,18.838243538018492,1004.7383090641493,94.27973279704386,none,0
2025-03-06 01:00:00,AWS_005,19.470644837850415,1004.9071588535423,97.18235628862658,none,0
2025-03-06 02:00:00,AWS_005,19.825598745912732,1005.44579390378,91.7044304059129,none,0
2025-03-06 03:00:00,AWS_005,20.797311446564557,1005.6467872201129,97.3422401639325,none,0
2025-03-06 04:00:00,AWS_005,21.542092817144386,1005.6842710441558,91.11986472465938,none,0
2025-03-06 05:00:00,AWS_005,23.875527545463918,1006.3276781295501,94.9744718290709,none,0
2025-03-06 06:00:00,AWS_005,24.345615972370748,1006.3101534715911,99.58698569479341,none,0
2025-03-06 07:00:00,AWS_005,27.05859831166808,1006.8114482965269,91.0205146413671,none,0
2025-03-06 08:00:00,AWS_005,27.36122240875114,1007.2551705080077,90.33326565594204,none,0
2025-03-06 09:00:00,AWS_005,28.741466003910883,1007.32051660499,89.63964202098751,none,0
2025-03-06 10:00:00,AWS_005,29.96398910939105,1007.6583892433408,84.64866376934515,drift,1
2025-03-06 11:00:00,AWS_005,31.728591914297137,1007.9860511525691,86.1875199867282,drift,1
2025-03-06 12:00:00,AWS_005,31.264470436616687,1007.8730131385101,84.55868795887031,drift,1
2025-03-06 13:00:00,AWS_005,32.125265031131214,1008.1240986504861,83.42960292450246,drift,1
2025-03-06 14:00:00,AWS_005,31.37826436142137,1007.6052650345093,90.07209040245621,drift,1
2025-03-06 15:00:00,AWS_005,30.357939028488392,1007.5097744880776,86.79491036157553,drift,1
2025-03-06 16:00:00,AWS_005,30.192543796548442,1006.9078559636561,92.1140487128764,drift,1
2025-03-06 17:00:00,AWS_005,28.62443130544476,1007.1248677915618,87.67456957283417,drift,1
2025-03-06 18:00:00,AWS_005,27.287552395454142,1006.2858279527333,88.91979989798138,drift,1
2025-03-06 19:00:00,AWS_005,26.689896665023774,1006.4493811614792,93.33058024705049,drift,1
2025-03-06 20:00:00,AWS_005,25.331294746771903,1006.0617440599999,95.04662045640144,drift,1
2025-03-06 21:00:00,AWS_005,24.390581022177496,1005.6104860397245,97.72094490636744,drift,1
2025-03-06 22:00:00,AWS_005,23.673541917220398,1005.9644900969619,94.58050999036001,drift,1
2025-03-06 23:00:00,AWS_005,24.345103798603517,1005.8664723989223,100.0,drift,1
2025-03-07 00:00:00,AWS_005,22.96796711411756,1005.524718904202,94.73909324018331,drift,1
2025-03-07 01:00:00,AWS_005,23.86846805704914,1005.4079783528822,94.94059278805011,drift,1
2025-03-07 02:00:00,AWS_005,24.66387471656488,1005.724436322468,91.62264614175346,drift,1
2025-03-07 03:00:00,AWS_005,25.982493652491748,1006.468317655046,98.07642462164922,drift,1
2025-03-07 04:00:00,AWS_005,27.096815967224696,1005.7406537328114,94.37354707610133,drift,1
2025-03-07 05:00:00,AWS_005,29.410344018599975,1006.0380444457359,98.10075617676388,drift,1
2025-03-07 06:00:00,AWS_005,25.05158067672424,1006.6614492632899,97.75771845666026,none,0
2025-03-07 07:00:00,AWS_005,26.472865698275008,1007.5378925930175,91.36801325349862,none,0
2025-03-07 08:00:00,AWS_005,27.642754284663514,1007.696875129444,92.18741625774541,none,0
2025-03-07 09:00:00,AWS_005,28.691471799520823,1007.3885635044473,84.58964109216618,none,0
2025-03-07 10:00:00,AWS_005,30.21826254195125,1008.3953057280639,81.7648733759525,none,0
2025-03-07 11:00:00,AWS_005,30.46638209433268,1007.6861234888181,81.95058502908374,none,0
2025-03-07 12:00:00,AWS_005,31.098619906786535,1007.9816145464624,89.21877198195804,none,0
2025-03-07 13:00:00,AWS_005,30.793708847157795,1007.6667918550496,84.97955587531322,none,0
2025-03-07 14:00:00,AWS_005,30.83023035822687,1007.8002019072527,88.22494771923836,none,0
2025-03-07 15:00:00,AWS_005,29.12326274644945,1007.5144702550961,91.92274545407606,none,0
2025-03-07 16:00:00,AWS_005,28.367135955226722,1007.1759663180881,94.52589172296314,none,0
2025-03-07 17:00:00,AWS_005,26.467432496707232,1007.4156410143823,89.78550802464275,none,0
2025-03-07 18:00:00,AWS_005,25.27353888307191,1006.3404547319835,96.17446928572194,none,0
2025-03-07 19:00:00,AWS_005,23.655085470082263,1006.2749724325782,93.19926838732334,none,0
2025-03-07 20:00:00,AWS_005,22.316238539444832,1005.3600630869222,89.72071221519133,none,0
2025-03-07 21:00:00,AWS_005,20.2792076855302,1005.5910138427782,92.24274995945801,none,0
2025-03-07 22:00:00,AWS_005,19.770695149146064,1005.6153939085827,92.6527546480397,none,0
2025-03-07 23:00:00,AWS_005,18.77369726886992,1005.4288055148065,93.96810190347878,none,0
2025-03-08 00:00:00,AWS_005,19.19090969154792,1005.4907137318694,99.2933381521498,none,0
2025-03-08 01:00:00,AWS_005,19.03537911468066,1005.4575688767293,93.91013949455045,none,0
2025-03-08 02:00:00,AWS_005,19.737369470145183,1006.2563734946967,96.66110573101075,none,0
2025-03-08 03:00:00,AWS_005,20.201001666176534,1005.8419406974367,93.39127446767402,none,0
2025-03-08 04:00:00,AWS_005,21.985633152409015,1006.1480154535636,99.89019749397887,none,0
2025-03-08 05:00:00,AWS_005,23.718798053592053,1006.7432428238346,88.12423678068113,none,0
2025-03-08 06:00:00,AWS_005,25.06471425071975,1006.5460518261535,89.11437073551083,none,0
2025-03-08 07:00:00,AWS_005,26.812340654196397,1007.0444148376478,93.06911699560278,none,0
2025-03-08 08:00:00,AWS_005,28.531159051179817,1007.6227842234136,88.52720742444626,none,0
2025-03-08 09:00:00,AWS_005,29.530304604207316,1007.2897612463205,91.052787646913,none,0
2025-03-08 10:00:00,AWS_005,30.693137809871217,1008.0403321699147,88.03169000623217,none,0
2025-03-08 11:00:00,AWS_005,30.251039444984976,1008.0579215394941,93.54205378751975,none,0
2025-03-08 12:00:00,AWS_005,30.657619418895475,1007.7150284208719,84.87461572151349,none,0
2025-03-08 13:00:00,AWS_005,30.286528249584215,1007.9327575624823,93.48838048389413,none,0
2025-03-08 14:00:00,AWS_005,30.306511168688132,1007.6957646580277,84.59620872782484,none,0
2025-03-08 15:00:00,AWS_005,,,,dropout,1
2025-03-08 16:00:00,AWS_005,,,,dropout,1
2025-03-08 17:00:00,AWS_005,,,,dropout,1
2025-03-08 18:00:00,AWS_005,24.70101816292227,1007.0373094722012,89.42303327138563,none,0
2025-03-08 19:00:00,AWS_005,23.372705385678028,1006.663752625146,92.9370578241205,none,0
2025-03-08 20:00:00,AWS_005,21.108789976501427,1005.6085348696764,95.80943395771317,none,0
2025-03-08 21:00:00,AWS_005,20.39590794260733,1005.7837440835802,96.27175834895435,none,0
2025-03-08 22:00:00,AWS_005,19.85298335423577,1005.4886842717783,99.15721041549291,none,0
2025-03-08 23:00:00,AWS_005,19.054870325222453,1006.2265664720875,91.5846066270723,none,0
2025-03-09 00:00:00,AWS_005,19.075180263815803,1005.4680556480107,98.80598504121429,none,0
2025-03-09 01:00:00,AWS_005,19.728024967665046,1005.8298074329072,96.69226460400915,none,0
2025-03-09 02:00:00,AWS_005,19.80365869717587,1005.118302603888,98.81957500865094,none,0
2025-03-09 03:00:00,AWS_005,20.799041860025234,1006.7293090304503,95.23133130160335,none,0
2025-03-09 04:00:00,AWS_005,21.9205791439221,1005.7678847967575,90.36912346303241,none,0
2025-03-09 05:00:00,AWS_005,24.555319206164445,1006.6911172574463,85.70453470460345,none,0
2025-03-09 06:00:00,AWS_005,25.268070723895477,1006.9093528758419,87.9288449678867,none,0
2025-03-09 07:00:00,AWS_005,26.82629762822009,1007.4197160287785,90.4493984503166,none,0
2025-03-09 08:00:00,AWS_005,28.770296203278992,1007.2679538415177,87.62708218104211,none,0
2025-03-09 09:00:00,AWS_005,29.82135248466814,1007.3154602168357,94.22488380630263,none,0
2025-03-09 10:00:00,AWS_005,30.34514142164491,1008.1800783273917,85.10028024859736,none,0
2025-03-09 11:00:00,AWS_005,36.11263455478118,1008.7937926147878,96.22031385547889,thermo_inconsistent,1
2025-03-09 12:00:00,AWS_005,31.485121427858083,1008.2201930341188,80.07243918515994,none,0
2025-03-09 13:00:00,AWS_005,31.38186795394534,1008.1843735388873,79.15266967609847,none,0
2025-03-09 14:00:00,AWS_005,30.98596678415013,1008.2804491173149,89.63498111892099,none,0
2025-03-09 15:00:00,AWS_005,29.6989264139036,1007.4921937176307,85.99988172967045,none,0
2025-03-09 16:00:00,AWS_005,27.930330853015963,1007.6286503438854,83.75970658390081,none,0
2025-03-09 17:00:00,AWS_005,26.165329506485417,1006.9523659641466,88.70092065172511,none,0
2025-03-09 18:00:00,AWS_005,24.937027341188358,1006.7070038099657,85.05575134885059,drift,1
2025-03-09 19:00:00,AWS_005,24.366478305664874,1006.2587887437825,93.52199972086909,drift,1
2025-03-09 20:00:00,AWS_005,23.326456733367817,1005.8691176672579,93.57170917803671,drift,1
2025-03-09 21:00:00,AWS_005,22.38736306610471,1005.8483944684239,95.37263951385633,drift,1
2025-03-09 22:00:00,AWS_005,21.840721527986567,1005.6863905479477,96.03965511047527,drift,1
2025-03-09 23:00:00,AWS_005,21.956184987832152,1005.6288061297271,99.2850802200223,drift,1
2025-03-10 00:00:00,AWS_005,22.611396935684184,1005.3523775987991,92.86428020213665,drift,1
2025-03-10 01:00:00,AWS_005,23.12694558637711,1005.9039230298243,98.27090451784461,drift,1
2025-03-10 02:00:00,AWS_005,23.49823150986388,1006.0865276223351,95.02650104976904,drift,1
2025-03-10 03:00:00,AWS_005,25.341955129721036,1006.0632037172252,93.28110078552007,drift,1
2025-03-10 04:00:00,AWS_005,27.741485545858175,1006.534743020315,97.63713755306777,drift,1
2025-03-10 05:00:00,AWS_005,28.97737975108661,1006.4912787075248,94.45229858438135,drift,1
2025-03-10 06:00:00,AWS_005,31.589239295079913,1006.9682992080567,86.89447462573038,drift,1
2025-03-10 07:00:00,AWS_005,33.09212030809309,1006.4857335000854,93.7168571709243,drift,1
2025-03-10 08:00:00,AWS_005,34.71717378721219,1007.1663414189302,89.35680190402023,drift,1
2025-03-10 09:00:00,AWS_005,37.67818030626134,1007.5416001043927,85.5003403833901,drift,1
2025-03-10 10:00:00,AWS_005,38.54457730720874,1007.6849601233934,85.4733217503218,drift,1
2025-03-10 11:00:00,AWS_005,40.14506853839114,1007.9745364391711,82.31020603549622,drift,1
2025-03-10 12:00:00,AWS_005,40.30826458688455,1007.5579924785827,85.00713109802868,drift,1
2025-03-10 13:00:00,AWS_005,40.892293139650306,1007.4901944450781,83.91237404026968,drift,1
2025-03-10 14:00:00,AWS_005,41.47179535093668,1008.3655694270402,84.9401308762125,drift,1
2025-03-10 15:00:00,AWS_005,29.777484794942424,1007.5790867169006,88.97227326279642,none,0
2025-03-10 16:00:00,AWS_005,28.274059978211938,1007.343102250984,84.25853017012936,none,0
2025-03-10 17:00:00,AWS_005,26.945768578436656,1007.3881206529436,91.53385263830987,none,0
2025-03-10 18:00:00,AWS_005,24.799876912640144,1006.619136279197,90.22884954918905,none,0
2025-03-10 19:00:00,AWS_005,24.063768025131363,1006.1017662715167,88.04546705975179,none,0
2025-03-10 20:00:00,AWS_005,22.906731750186527,1005.9088808101582,94.49369388673136,none,0
2025-03-10 21:00:00,AWS_005,22.05998979724134,1006.2164541038853,97.5405548140942,none,0
2025-03-10 22:00:00,AWS_005,19.763456731609057,1006.1597714747467,99.86527781870251,none,0
2025-03-10 23:00:00,AWS_005,19.31799751555056,1005.4548673178624,93.48096164090346,none,0
2025-03-11 00:00:00,AWS_005,19.137023678613616,1005.7074823889301,94.04857490992806,none,0
2025-03-11 01:00:00,AWS_005,19.35139731053149,1005.9650546023821,98.53426602335688,none,0
2025-03-11 02:00:00,AWS_005,19.624330027343426,1005.806837644618,90.5101514044811,none,0
2025-03-11 03:00:00,AWS_005,20.891239049477473,1006.1236731423654,96.11258869308634,none,0
2025-03-11 04:00:00,AWS_005,22.567160836504573,1006.0508505165168,99.33262694620511,none,0
2025-03-11 05:00:00,AWS_005,23.43413419732229,966.6878626538527,93.21160317574473,spike,1
2025-03-11 06:00:00,AWS_005,25.99653773909598,1006.7959462231339,88.06827379786387,none,0
2025-03-11 07:00:00,AWS_005,25.98704900695411,1007.1021253683491,86.83233618190198,none,0
2025-03-11 08:00:00,AWS_005,27.93229000457387,1007.4860625269165,88.13606793593341,none,0
2025-03-11 09:00:00,AWS_005,29.568288904245843,1007.8140765619443,86.6019820886439,none,0
2025-03-11 10:00:00,AWS_005,30.402218533634617,1007.5258257366302,87.08026581811912,none,0
2025-03-11 11:00:00,AWS_005,30.762320952536285,1008.4777758248496,88.97451797240876,none,0
2025-03-11 12:00:00,AWS_005,31.915955640442846,1008.3461304553775,88.14016033906336,none,0
2025-03-11 13:00:00,AWS_005,31.748319240391474,1008.6648905846748,85.00357130345544,none,0
2025-03-11 14:00:00,AWS_005,30.868116718160685,1007.8441780136691,88.08024551702565,none,0
2025-03-11 15:00:00,AWS_005,29.678465353666848,1008.0114781214154,88.25438897709022,none,0
2025-03-11 16:00:00,AWS_005,27.957801504157484,1007.5126681358831,86.45224753026612,none,0
2025-03-11 17:00:00,AWS_005,26.323707525214783,1007.0032779451004,94.48837679808678,none,0
2025-03-11 18:00:00,AWS_005,25.680088812279397,1007.1199259144,88.28024517403341,none,0
2025-03-11 19:00:00,AWS_005,24.29468511975925,1006.1001391641315,90.43702564906975,none,0
2025-03-11 20:00:00,AWS_005,22.72912652556131,1005.9700844174793,89.5837354664455,none,0
2025-03-11 21:00:00,AWS_005,21.269434972031377,1006.1160757540187,93.32948567839537,none,0
2025-03-11 22:00:00,AWS_005,20.25083176797108,1005.8968069021157,94.61034851297786,none,0
2025-03-11 23:00:00,AWS_005,19.643787414990346,1005.8816308627859,98.49910499329314,none,0
2025-03-12 00:00:00,AWS_005,20.043381661415637,1006.101468789522,87.43761633110324,none,0
2025-03-12 01:00:00,AWS_005,18.996683406417958,1005.6608471213336,94.87196019159828,none,0
2025-03-12 02:00:00,AWS_005,19.944920308420436,1006.3583675935132,94.8400989086092,none,0
2025-03-12 03:00:00,AWS_005,21.18837914615293,1005.269418483035,96.2348881403388,none,0
2025-03-12 04:00:00,AWS_005,22.543431185232343,1006.6964286121587,93.33349025438679,none,0
2025-03-12 05:00:00,AWS_005,23.807829858975364,1006.4867128219369,95.4569494996114,none,0
2025-03-12 06:00:00,AWS_005,25.70553696372669,1007.2913141894272,91.15645685811957,none,0
2025-03-12 07:00:00,AWS_005,27.06159794393215,1007.2949377824525,90.28933873409113,none,0
2025-03-12 08:00:00,AWS_005,28.317337036745986,1007.3890652220132,85.9329398807903,none,0
2025-03-12 09:00:00,AWS_005,29.32844105168176,1007.2300386603619,87.49240663630083,none,0
2025-03-12 10:00:00,AWS_005,30.042836820486354,1007.9078899474936,89.57862182390997,none,0
2025-03-12 11:00:00,AWS_005,31.246409050043923,1007.8644926645225,87.71849860356242,none,0
2025-03-12 12:00:00,AWS_005,32.031468271189325,1008.4521137324135,88.19619164645255,none,0
2025-03-12 13:00:00,AWS_005,31.775016969666677,1007.8751628803681,87.57094492936211,none,0
2025-03-12 14:00:00,AWS_005,29.846365498093075,1008.1739674018486,85.52252779195304,none,0
2025-03-12 15:00:00,AWS_005,29.68440532843484,1007.982467006251,90.92819272343957,none,0
2025-03-12 16:00:00,AWS_005,28.096634931843976,1007.9476368021839,84.908994607748,none,0
2025-03-12 17:00:00,AWS_005,26.998780635348442,1007.3412654777336,89.03063234517319,none,0
2025-03-12 18:00:00,AWS_005,24.845264066109024,1006.701199674727,90.68668145157804,none,0
2025-03-12 19:00:00,AWS_005,24.747822822544418,1006.1882491011638,91.56904988568161,none,0
2025-03-12 20:00:00,AWS_005,21.918931746342462,1006.4941590717331,92.76653668842552,none,0
2025-03-12 21:00:00,AWS_005,20.835563786659073,1005.8642800547674,99.40798906519524,none,0
2025-03-12 22:00:00,AWS_005,20.750059183902778,1006.1118423057244,94.55788990355471,none,0
2025-03-12 23:00:00,AWS_005,20.293403720823523,1006.2663800883905,99.69151427471091,none,0
2025-03-13 00:00:00,AWS_005,19.23274256384784,1006.18899637204,97.10405175838717,none,0
2025-03-13 01:00:00,AWS_005,18.83558129982476,1006.1354953742086,93.8372927092808,none,0
2025-03-13 02:00:00,AWS_005,20.579451055872894,1006.2491301400172,93.63386054057422,none,0
2025-03-13 03:00:00,AWS_005,24.742962194521212,1006.8300434612026,98.0,thermo_inconsistent,1
2025-03-13 04:00:00,AWS_005,22.31289724225504,1005.8637550658393,96.60954219517055,none,0
2025-03-13 05:00:00,AWS_005,23.77834877120231,1006.817913719033,96.13175381850864,none,0
2025-03-13 06:00:00,AWS_005,24.937161517793555,1006.7182890879701,89.91134796712588,none,0
2025-03-13 07:00:00,AWS_005,27.000772183892497,1007.5344224341208,89.27725478569293,none,0
2025-03-13 08:00:00,AWS_005,28.11870538612849,1007.625937583953,88.49426407151907,none,0
2025-03-13 09:00:00,AWS_005,29.92347528887306,1007.88622218693,89.22212024191195,none,0
2025-03-13 10:00:00,AWS_005,30.472683312925415,1008.1386923884705,86.32783025502916,none,0
2025-03-13 11:00:00,AWS_005,31.745838672301137,1007.965810173894,80.08020252364389,none,0
2025-03-13 12:00:00,AWS_005,31.602547216105403,1008.3263226362152,85.02050981472482,none,0
2025-03-13 13:00:00,AWS_005,31.432218272182332,1008.5789598688098,84.2530017803375,none,0
2025-03-13 14:00:00,AWS_005,30.505869271294287,1008.1237335958039,82.18140757181897,none,0
2025-03-13 15:00:00,AWS_005,30.077848326638204,1008.0182472297182,86.41730644932628,none,0
2025-03-13 16:00:00,AWS_005,28.508687309658303,1007.441232724997,89.67395539509185,none,0
2025-03-13 17:00:00,AWS_005,26.76210067153817,1007.3322673575118,88.65015295758289,none,0
2025-03-13 18:00:00,AWS_005,24.71910227032063,1007.217897520487,95.37090006967371,none,0
2025-03-13 19:00:00,AWS_005,23.922351431267764,1006.9974788462489,95.11699928796506,none,0
2025-03-13 20:00:00,AWS_005,22.316764783125368,1006.3961445022678,89.34621264947609,none,0
2025-03-13 21:00:00,AWS_005,21.75997729670551,1006.4552782996672,89.75499598848873,none,0
2025-03-13 22:00:00,AWS_005,20.585408846964654,1005.7654833547554,93.16167185171919,none,0
2025-03-13 23:00:00,AWS_005,19.52428021292367,1005.848857460778,96.93767083622626,none,0
2025-03-14 00:00:00,AWS_005,18.64524490506001,1006.0331835017123,97.72638589289708,none,0
2025-03-14 01:00:00,AWS_005,19.926349759997134,1005.9296351457103,94.28256249499766,none,0
2025-03-14 02:00:00,AWS_005,21.051749965038056,1006.1425231484036,98.17643761996058,none,0
2025-03-14 03:00:00,AWS_005,21.34176047946873,1005.9768444123462,95.54198240807001,none,0
2025-03-14 04:00:00,AWS_005,22.31069680284142,1006.5342164084467,93.6266372359064,none,0
2025-03-14 05:00:00,AWS_005,24.09023779864521,1006.9271767136746,93.59400321890972,none,0
2025-03-14 06:00:00,AWS_005,25.112933409159975,1007.2671461956949,92.90227902381606,none,0
2025-03-14 07:00:00,AWS_005,27.254266773895342,1006.8745342681282,91.32033637917102,none,0
2025-03-14 08:00:00,AWS_005,27.88067600691625,1007.8139309070629,87.64408190732796,none,0
2025-03-14 09:00:00,AWS_005,28.83825386701659,1008.069990418427,88.77315948707589,none,0
2025-03-14 10:00:00,AWS_005,30.228186974021874,1008.5212313988579,83.90500821212744,none,0
2025-03-14 11:00:00,AWS_005,31.49626988678531,1007.8741190450444,81.56372495095255,none,0
2025-03-14 12:00:00,AWS_005,31.091731161962084,1007.878675950451,85.13984490364686,none,0
2025-03-14 13:00:00,AWS_005,30.4708635374316,1007.9329938759578,87.07700791594955,none,0
2025-03-14 14:00:00,AWS_005,30.751249068020982,1008.2447714958334,84.16903934364323,none,0
2025-03-14 15:00:00,AWS_005,29.53670458476926,1008.3653417121976,84.8510302578715,none,0
2025-03-14 16:00:00,AWS_005,28.805690370647156,1008.428102390163,89.40335326036097,none,0
2025-03-14 17:00:00,AWS_005,28.109218999475985,1007.3053557501413,87.66417020135222,none,0
2025-03-14 18:00:00,AWS_005,26.000897842989616,1007.3810234208848,88.1140016356913,none,0
2025-03-14 19:00:00,AWS_005,24.49707989310956,1006.7815558548231,94.36456707849406,none,0
2025-03-14 20:00:00,AWS_005,22.763914322340323,1005.8431474773315,91.75717682612338,none,0
2025-03-14 21:00:00,AWS_005,20.925043665880974,1006.4308110149519,95.60087525976202,none,0
2025-03-14 22:00:00,AWS_005,20.119991805892216,1005.7126769380601,97.13214754432802,none,0
2025-03-14 23:00:00,AWS_005,19.434975413274564,1006.1698890058341,92.18078523965023,none,0
2025-03-15 00:00:00,AWS_005,19.824015080810586,1006.4704785126243,95.50085658229153,none,0
2025-03-15 01:00:00,AWS_005,19.77827448727972,1005.5782305684314,97.6472607313511,none,0
2025-03-15 02:00:00,AWS_005,20.341411275775027,1006.0848329535561,98.11018008530701,none,0
2025-03-15 03:00:00,AWS_005,21.46695088341376,1005.5676757636876,95.73072727258456,none,0
2025-03-15 04:00:00,AWS_005,22.36513032572028,1006.6319034354315,93.44967693519344,none,0
2025-03-15 05:00:00,AWS_005,24.354408757284318,1007.1552734499558,91.71721881422462,none,0
2025-03-15 06:00:00,AWS_005,25.12044489191966,1007.4271157590649,93.18490836312101,none,0
2025-03-15 07:00:00,AWS_005,28.286570361852135,1007.2284015182845,90.0509683404821,none,0
2025-03-15 08:00:00,AWS_005,29.073658554144636,1007.5975568726265,88.57407449402336,none,0
2025-03-15 09:00:00,AWS_005,30.15487276857366,1007.6812499474861,84.20588515397831,none,0
2025-03-15 10:00:00,AWS_005,31.103706521615383,1008.9458832539826,86.7880771291923,none,0
2025-03-15 11:00:00,AWS_005,31.75437669645974,1008.1951884882186,86.73601505261735,none,0
2025-03-15 12:00:00,AWS_005,32.02416357822784,1008.4275014850267,90.70233429951172,none,0
2025-03-15 13:00:00,AWS_005,36.11959831863393,1008.7296866958669,98.0,thermo_inconsistent,1
2025-03-15 14:00:00,AWS_005,30.85938549195069,1008.5745932547362,82.0499585865716,none,0
2025-03-15 15:00:00,AWS_005,30.1831454517139,1008.104874900051,87.00865523211947,none,0
2025-03-15 16:00:00,AWS_005,28.608375528278444,1007.674635694175,91.52119388279132,none,0
2025-03-15 17:00:00,AWS_005,27.262800924195847,1007.3086959884232,82.84369931558784,none,0
2025-03-15 18:00:00,AWS_005,25.54294932077947,1007.3320605912882,91.65444394423783,none,0
2025-03-15 19:00:00,AWS_005,24.65186379205474,1007.1925676445551,89.13365586827744,none,0
2025-03-15 20:00:00,AWS_005,22.888043232416596,1006.578673499585,94.22925790584115,none,0
2025-03-15 21:00:00,AWS_005,21.120417046888416,1006.061070787562,93.25782969833752,none,0
2025-03-15 22:00:00,AWS_005,19.767409990171384,1005.9836368279887,91.58007266686721,none,0
2025-03-15 23:00:00,AWS_005,19.850465595291976,1005.6871323964151,95.76075881286727,none,0
2025-03-16 00:00:00,AWS_005,20.252773200123062,1005.7992072212097,95.96512297393805,none,0
2025-03-16 01:00:00,AWS_005,19.475311657842916,1005.7288197497272,96.42372763328886,none,0
2025-03-16 02:00:00,AWS_005,45.57026733676492,1006.2022475928782,91.94249864838457,spike,1
2025-03-16 03:00:00,AWS_005,21.53928361743825,1006.2520956879379,94.26810852229427,none,0
2025-03-16 04:00:00,AWS_005,23.175950100718865,1006.6810776806544,89.79195816090866,none,0
2025-03-16 05:00:00,AWS_005,24.383289898380458,1007.1402656834651,99.55790622997168,none,0
2025-03-16 06:00:00,AWS_005,26.066065882081247,1007.4322626673343,91.8327183330844,none,0
2025-03-16 07:00:00,AWS_005,27.289156809590477,1007.1408692113984,93.1898018098995,none,0
2025-03-16 08:00:00,AWS_005,28.555034820135212,1007.3340965367992,89.79754666405351,none,0
2025-03-16 09:00:00,AWS_005,29.979374548573784,1008.1924721278755,89.71208285016183,none,0
2025-03-16 10:00:00,AWS_005,30.969419941009246,1008.3637659922618,86.08734610778835,none,0
2025-03-16 11:00:00,AWS_005,31.43137238838904,1008.6942101908106,86.68171319835288,none,0
2025-03-16 12:00:00,AWS_005,31.886441988955564,1008.7487733649484,85.81446962614105,none,0
2025-03-16 13:00:00,AWS_005,31.250747883220573,1007.9981635826533,87.8471270943358,none,0
2025-03-16 14:00:00,AWS_005,31.60948814169169,1008.3682021265128,90.45862864469065,none,0
2025-03-16 15:00:00,AWS_005,29.96918997144111,1007.7782450546708,90.08506070715862,none,0
2025-03-16 16:00:00,AWS_005,28.47690606825488,1008.2768349455322,90.65230592653221,none,0
2025-03-16 17:00:00,AWS_005,27.482195237153928,1007.5345276111616,93.69040785061506,none,0
2025-03-16 18:00:00,AWS_005,25.394132860387653,1007.0291409147708,84.1006324895717,frozen,1
2025-03-16 19:00:00,AWS_005,25.394132860387653,1007.0291409147708,84.1006324895717,frozen,1
2025-03-16 20:00:00,AWS_005,25.394132860387653,1007.0291409147708,84.1006324895717,frozen,1
2025-03-16 21:00:00,AWS_005,25.394132860387653,1007.0291409147708,84.1006324895717,frozen,1
2025-03-16 22:00:00,AWS_005,25.394132860387653,1007.0291409147708,84.1006324895717,frozen,1
2025-03-16 23:00:00,AWS_005,25.394132860387653,1007.0291409147708,84.1006324895717,frozen,1
2025-03-17 00:00:00,AWS_005,25.394132860387653,1007.0291409147708,84.1006324895717,frozen,1
2025-03-17 01:00:00,AWS_005,25.394132860387653,1007.0291409147708,84.1006324895717,frozen,1
2025-03-17 02:00:00,AWS_005,20.353467157022706,1006.1607486321469,98.14933810253758,none,0
2025-03-17 03:00:00,AWS_005,21.949847564706786,1006.148450325194,93.15495950208037,none,0
2025-03-17 04:00:00,AWS_005,22.651760180802317,1007.1341050074332,92.5393006568988,none,0
2025-03-17 05:00:00,AWS_005,23.985930385591324,1006.905603930115,88.80805055154967,none,0
2025-03-17 06:00:00,AWS_005,25.23025250425049,1007.146169158558,90.32847765905777,none,0
2025-03-17 07:00:00,AWS_005,27.707268769584765,1007.0628217751301,88.81126238096505,none,0
2025-03-17 08:00:00,AWS_005,28.416549174346073,1007.6602371759955,86.54031924468529,none,0
2025-03-17 09:00:00,AWS_005,29.967065303737183,1007.6634377939711,87.33580918349797,none,0
2025-03-17 10:00:00,AWS_005,30.967554804478485,1007.7689518087749,92.8859840211513,none,0
2025-03-17 11:00:00,AWS_005,30.919325879944864,1008.1090708675765,81.95654446050708,none,0
2025-03-17 12:00:00,AWS_005,31.75068804052712,1008.7097386869599,84.05985769980919,none,0
2025-03-17 13:00:00,AWS_005,31.531233414570696,1008.8909496575081,88.77895453296674,none,0
2025-03-17 14:00:00,AWS_005,31.09736565879647,1008.2505660341056,87.55529049588228,none,0
2025-03-17 15:00:00,AWS_005,29.30819039794461,1008.321029241057,86.78731757640654,none,0
2025-03-17 16:00:00,AWS_005,28.6427857261297,1007.5028196818727,94.06362529047252,none,0
2025-03-17 17:00:00,AWS_005,26.97352275436767,1007.4354158546062,89.27192280119907,none,0
2025-03-17 18:00:00,AWS_005,25.36145826403071,1007.2412627576139,91.17033875411403,none,0
2025-03-17 19:00:00,AWS_005,25.055009219732465,1006.7509899620251,88.60823297513795,none,0
2025-03-17 20:00:00,AWS_005,22.973387386578256,1006.6120697287859,91.17264555528888,none,0
2025-03-17 21:00:00,AWS_005,21.509720472131296,1006.2552449327959,97.49695163719676,none,0
2025-03-17 22:00:00,AWS_005,20.34430138308417,1005.9332669116861,91.93534765517113,none,0
2025-03-17 23:00:00,AWS_005,19.471739452357603,1006.1965445545848,94.89536142299822,none,0
2025-03-18 00:00:00,AWS_005,19.736313435863654,1005.7963319121823,95.55004639114395,none,0
2025-03-18 01:00:00,AWS_005,19.459000742936915,1006.5480324408716,96.26726737638678,none,0
2025-03-18 02:00:00,AWS_005,20.470500793932086,1006.5448500836887,97.8498768813606,none,0
2025-03-18 03:00:00,AWS_005,21.963836772795833,1006.4680899446014,90.58739165168636,none,0
2025-03-18 04:00:00,AWS_005,22.83861407829524,1006.9669985831055,92.83976593892606,none,0
2025-03-18 05:00:00,AWS_005,24.81347386744213,1006.9757640499389,92.61581215671845,none,0
2025-03-18 06:00:00,AWS_005,25.333806486389545,1007.4827415775209,88.6922838214427,none,0
2025-03-18 07:00:00,AWS_005,27.306906761888005,1007.0023659518123,91.21826233214409,none,0
2025-03-18 08:00:00,AWS_005,29.58414389218827,1007.60518143645,88.41786913549733,none,0
2025-03-18 09:00:00,AWS_005,29.46564656081108,1008.2253742935344,87.14057486572175,none,0
2025-03-18 10:00:00,AWS_005,30.80566221650484,1008.7434773904027,82.80084155003382,none,0
2025-03-18 11:00:00,AWS_005,32.18934982674508,1008.6742000333963,85.89488944315573,none,0
2025-03-18 12:00:00,AWS_005,31.54400657370958,1008.7596398620447,87.2165466437924,none,0
2025-03-18 13:00:00,AWS_005,31.2812129394056,1008.5521415119829,89.32539651676647,none,0
2025-03-18 14:00:00,AWS_005,30.90488570338718,1008.0065173780177,87.03894508298211,none,0
2025-03-18 15:00:00,AWS_005,29.502765676494906,1008.3324948939307,88.65887910901314,none,0
2025-03-18 16:00:00,AWS_005,28.94017069712613,1007.9411243772366,90.2846187353129,none,0
2025-03-18 17:00:00,AWS_005,26.433462093882127,1007.1762150508108,90.2284586551206,none,0
2025-03-18 18:00:00,AWS_005,26.764540030038876,1007.2124697742124,84.49004280287053,none,0
2025-03-18 19:00:00,AWS_005,24.489022462388263,1007.2765290794661,91.04653535418367,none,0
2025-03-18 20:00:00,AWS_005,22.243957329223125,1006.7767086652168,90.54925703513176,none,0
2025-03-18 21:00:00,AWS_005,21.777785494937884,1006.4447991097996,93.7110566487637,none,0
2025-03-18 22:00:00,AWS_005,20.67693352128163,1006.1717561273374,96.54216602004418,none,0
2025-03-18 23:00:00,AWS_005,20.154869600434242,1006.2557076707867,96.04353708581868,none,0
2025-03-19 00:00:00,AWS_005,20.730436330877147,1006.1648496038351,89.04240105099635,none,0
2025-03-19 01:00:00,AWS_005,20.140745115749255,1006.1092556741754,93.46164699737217,none,0
2025-03-19 02:00:00,AWS_005,20.592447213708645,1006.3505098963752,94.62784905289689,none,0
2025-03-19 03:00:00,AWS_005,21.754541960383502,966.4657499261901,93.19514296583603,spike,1
2025-03-19 04:00:00,AWS_005,22.485848197611272,1006.6849230589728,97.57012298372496,none,0
2025-03-19 05:00:00,AWS_005,24.014872360595884,1006.8762795000941,88.6955983886288,none,0
2025-03-19 06:00:00,AWS_005,26.147663044023275,1007.0751993712059,94.08780490268725,none,0
2025-03-19 07:00:00,AWS_005,28.29021268708672,1007.5366700986884,84.45137004763225,none,0
2025-03-19 08:00:00,AWS_005,28.912317814512658,1007.661309589643,89.91021255603451,none,0
2025-03-19 09:00:00,AWS_005,30.664674785466296,1008.0479145220828,88.33267345987184,none,0
2025-03-19 10:00:00,AWS_005,32.14366484041406,1008.508762392312,85.44039315612058,none,0
2025-03-19 11:00:00,AWS_005,31.784210014190897,1008.2864187198476,90.81103133030231,none,0
2025-03-19 12:00:00,AWS_005,31.752850767445377,1008.6435636504672,89.3372609200673,none,0
2025-03-19 13:00:00,AWS_005,32.172445511059514,1008.4996014330109,82.80767355344263,none,0
2025-03-19 14:00:00,AWS_005,30.75291079921768,1007.9876700192866,83.14358363268582,none,0
2025-03-19 15:00:00,AWS_005,30.031624504203773,1008.2574733184616,82.56363429020355,none,0
2025-03-19 16:00:00,AWS_005,28.703618801861964,1007.8878882061547,94.03061738938003,none,0
2025-03-19 17:00:00,AWS_005,27.355209844697256,1008.2984649454672,85.1293409463152,none,0
2025-03-19 18:00:00,AWS_005,26.177087704521657,1007.5927672913272,92.62853056356256,none,0
2025-03-19 19:00:00,AWS_005,23.342167167732896,1007.4822200470686,92.9275574797889,none,0
2025-03-19 20:00:00,AWS_005,22.335967495455257,1006.8071332119579,91.5922912583881,none,0
2025-03-19 21:00:00,AWS_005,21.906303491850664,1006.1847134860408,91.50893094733448,none,0
2025-03-19 22:00:00,AWS_005,20.81953552260034,1006.1641934873245,97.09611320519608,none,0
2025-03-19 23:00:00,AWS_005,20.704759197952498,1006.4729631594233,97.37841590306382,none,0
2025-03-20 00:00:00,AWS_005,19.470586753097127,1006.4174471790329,94.50220799921115,none,0
2025-03-20 01:00:00,AWS_005,20.605119641575396,1006.7442063309293,89.99510675889871,none,0
2025-03-20 02:00:00,AWS_005,21.05430958291218,1006.1180251087495,97.89522258205471,none,0
2025-03-20 03:00:00,AWS_005,21.747170396994978,1006.134220835966,94.47255206132348,none,0
2025-03-20 04:00:00,AWS_005,23.242776079583678,1007.2271382181909,92.24719391616428,none,0
2025-03-20 05:00:00,AWS_005,24.18571315386035,1007.266918131021,92.83618614189339,none,0
2025-03-20 06:00:00,AWS_005,25.8054934567606,1007.0746283649044,92.33059873091698,none,0
2025-03-20 07:00:00,AWS_005,27.480467016840628,1008.1619137741815,86.77461777117766,none,0
2025-03-20 08:00:00,AWS_005,28.314654933913047,1008.0948391779777,90.7798865916192,none,0
2025-03-20 09:00:00,AWS_005,35.52998379174551,1008.4456742427359,98.0,thermo_inconsistent,1
2025-03-20 10:00:00,AWS_005,30.611692627410598,1008.6143392202649,84.35309299199791,none,0
2025-03-20 11:00:00,AWS_005,32.57807604465382,1008.6034864050447,85.92500415046777,none,0
2025-03-20 12:00:00,AWS_005,32.28062481761693,1008.9027766625153,86.6382989943545,none,0
2025-03-20 13:00:00,AWS_005,33.448553477596974,1008.5058101549951,86.26122760975555,none,0
2025-03-20 14:00:00,AWS_005,31.51502625422365,1008.820013553979,92.04849088277727,none,0
2025-03-20 15:00:00,AWS_005,29.64837699841819,1008.2550259682151,91.71712851149695,none,0
2025-03-20 16:00:00,AWS_005,29.436989808869942,1007.3334492026282,91.50979780996829,none,0
2025-03-20 17:00:00,AWS_005,27.353284609188208,1007.993002977095,90.5067371409766,none,0
2025-03-20 18:00:00,AWS_005,26.52136922623215,1007.0526372510817,88.47371575857433,none,0
2025-03-20 19:00:00,AWS_005,25.338481491266776,1006.553291762804,88.10510382663965,none,0
2025-03-20 20:00:00,AWS_005,22.264371033132115,1007.1776548569017,94.57217651319728,none,0
2025-03-20 21:00:00,AWS_005,22.05820723051327,1007.3131841682508,90.29648120711255,none,0
2025-03-20 22:00:00,AWS_005,20.65965124224216,1005.9862533498246,95.7131180390111,none,0
2025-03-20 23:00:00,AWS_005,20.28008751387811,1006.1808240960172,94.4589571335085,none,0
2025-03-21 00:00:00,AWS_005,20.770671006560484,1006.0610097164639,94.79816865889717,none,0
2025-03-21 01:00:00,AWS_005,20.69726362669956,1006.052596919215,97.87383921478508,none,0
2025-03-21 02:00:00,AWS_005,21.155481401009357,1006.3199288946564,94.28692767840352,none,0
2025-03-21 03:00:00,AWS_005,21.524626643561056,1006.9904761436292,94.4780185583322,none,0
2025-03-21 04:00:00,AWS_005,22.84478695174153,1006.7073094283394,96.99817132668025,none,0
2025-03-21 05:00:00,AWS_005,24.476572345107613,1007.2139946783278,89.79423876446455,none,0
2025-03-21 06:00:00,AWS_005,26.372157417524082,1007.5729329063734,87.5547099105588,none,0
2025-03-21 07:00:00,AWS_005,27.768647528181873,1007.5764256132826,91.18568241228164,none,0
2025-03-21 08:00:00,AWS_005,28.46806704262583,1007.8025738635638,84.41576442623673,none,0
2025-03-21 09:00:00,AWS_005,29.829042457328953,1008.2754101872534,82.4520051855903,none,0
2025-03-21 10:00:00,AWS_005,31.401747518003443,1008.1001908295257,88.00397956541582,none,0
2025-03-21 11:00:00,AWS_005,32.539348031459454,1008.7549841943287,79.0105489396323,none,0
2025-03-21 12:00:00,AWS_005,32.13337402853486,1008.7385237197168,87.24252745207963,none,0
2025-03-21 13:00:00,AWS_005,31.592620962716367,1008.8340993880565,89.02629988144196,none,0
2025-03-21 14:00:00,AWS_005,31.43780254257922,1008.2766511826675,84.26786632482985,none,0
2025-03-21 15:00:00,AWS_005,30.105552291278162,1008.5798865967105,83.54571304054733,none,0
2025-03-21 16:00:00,AWS_005,29.19938730155411,1007.994425094322,93.23692318924084,none,0
2025-03-21 17:00:00,AWS_005,28.228741205188115,1007.5128637957162,91.07973544128028,none,0
2025-03-21 18:00:00,AWS_005,25.533588058939834,1007.1073105443879,91.73869018283186,none,0
2025-03-21 19:00:00,AWS_005,24.53575943572419,1007.4490052569929,94.47132042784799,frozen,1
2025-03-21 20:00:00,AWS_005,24.53575943572419,1007.4490052569929,94.47132042784799,frozen,1
2025-03-21 21:00:00,AWS_005,24.53575943572419,1007.4490052569929,94.47132042784799,frozen,1
2025-03-21 22:00:00,AWS_005,24.53575943572419,1007.4490052569929,94.47132042784799,frozen,1
2025-03-21 23:00:00,AWS_005,24.53575943572419,1007.4490052569929,94.47132042784799,frozen,1
2025-03-22 00:00:00,AWS_005,24.53575943572419,1007.4490052569929,94.47132042784799,frozen,1
2025-03-22 01:00:00,AWS_005,24.53575943572419,1007.4490052569929,94.47132042784799,frozen,1
2025-03-22 02:00:00,AWS_005,20.58606508006314,1006.6514001080261,95.39309277854994,none,0
2025-03-22 03:00:00,AWS_005,21.897842671034653,1006.3490109158727,95.7048326762252,none,0
2025-03-22 04:00:00,AWS_005,23.342082546657075,1006.9344693449564,90.3383792494641,none,0
2025-03-22 05:00:00,AWS_005,24.960722696279866,1007.1736502495247,83.7279102652236,none,0
2025-03-22 06:00:00,AWS_005,26.6324081574584,1007.5338043931093,92.88698844410709,none,0
2025-03-22 07:00:00,AWS_005,28.185043138410556,1007.6815734242172,89.981527092283,none,0
2025-03-22 08:00:00,AWS_005,28.434857546391974,1007.9062093875929,85.57097791004396,none,0
2025-03-22 09:00:00,AWS_005,30.561031561276348,1008.2712540145357,87.3907640634445,none,0
2025-03-22 10:00:00,AWS_005,31.8438697967161,1008.7824230265114,86.16203486348773,none,0
2025-03-22 11:00:00,AWS_005,31.809722045398036,1008.1097991884039,84.33850797377842,none,0
2025-03-22 12:00:00,AWS_005,31.75089030802603,1008.275335517848,88.48337070345609,none,0
2025-03-22 13:00:00,AWS_005,32.471451223549025,1008.4266358725977,81.84637541169646,none,0
2025-03-22 14:00:00,AWS_005,30.837364909860426,1008.5040509274963,91.46656603779158,none,0
2025-03-22 15:00:00,AWS_005,30.26046061556659,1008.3269166497416,86.70294174408956,none,0
2025-03-22 16:00:00,AWS_005,29.27622788005586,1008.1910034858258,94.11393879100747,none,0
2025-03-22 17:00:00,AWS_005,27.63564601135461,1007.6672883975164,89.95177616441046,none,0
2025-03-22 18:00:00,AWS_005,25.922555161842737,1007.2996597907729,87.01325514364672,none,0
2025-03-22 19:00:00,AWS_005,24.27446108984521,1007.5372217803006,94.2008335511002,none,0
2025-03-22 20:00:00,AWS_005,23.696840285436497,1006.9792771489139,91.74006777673326,none,0
2025-03-22 21:00:00,AWS_005,21.909923602380772,1006.4613216030078,89.07965441948014,none,0
2025-03-22 22:00:00,AWS_005,20.779828321161748,1006.413924276632,91.75544343773268,none,0
2025-03-22 23:00:00,AWS_005,19.890293073796677,1006.1377339791003,93.87855967823401,none,0
2025-03-23 00:00:00,AWS_005,19.62679326749828,1006.0211379183006,93.96482475784927,none,0
2025-03-23 01:00:00,AWS_005,20.3090018843174,1006.6972035518295,95.75899528828155,none,0
2025-03-23 02:00:00,AWS_005,21.079549519423793,1006.0246070317902,97.16860214533786,none,0
2025-03-23 03:00:00,AWS_005,20.95022821233155,1007.1256261579233,95.55487712734171,none,0
2025-03-23 04:00:00,AWS_005,22.64776340392331,1006.7904093232175,90.37451281511086,none,0
2025-03-23 05:00:00,AWS_005,24.604335731499056,1007.34347030193,94.21146998799745,none,0
2025-03-23 06:00:00,AWS_005,26.427349925969466,1007.2873769778255,86.02256658967906,none,0
2025-03-23 07:00:00,AWS_005,28.402507009259278,1007.8523970691994,88.25488875703529,none,0
2025-03-23 08:00:00,AWS_005,29.454375348122653,1008.4702662998922,88.33275950390657,none,0
2025-03-23 09:00:00,AWS_005,30.307791215388452,1008.5772619258871,84.40392973733913,none,0
2025-03-23 10:00:00,AWS_005,31.37578941267591,1008.803108593361,85.16621239662022,none,0
2025-03-23 11:00:00,AWS_005,31.570890311584492,1008.9769370607169,93.85132529828472,none,0
2025-03-23 12:00:00,AWS_005,32.22253988918886,1008.6572852843998,86.19164601852233,none,0
2025-03-23 13:00:00,AWS_005,32.106152495350116,1008.8503069799262,88.88602574074453,none,0
2025-03-23 14:00:00,AWS_005,30.84626126191718,1008.9347125092172,81.55398249589686,none,0
2025-03-23 15:00:00,AWS_005,30.404943216494583,1008.0369991637419,89.23911107779695,none,0
2025-03-23 16:00:00,AWS_005,29.288912112146754,1007.8743434415468,88.06234355157228,none,0
2025-03-23 17:00:00,AWS_005,27.882400891435978,1007.9627912735577,92.83330568009593,none,0
2025-03-23 18:00:00,AWS_005,26.541070487492387,1007.9236271710812,95.3258998229739,none,0
2025-03-23 19:00:00,AWS_005,25.16299094456638,1007.3454028848074,87.25359754994238,none,0
2025-03-23 20:00:00,AWS_005,22.478722447360774,1006.8168810976636,93.56685769141266,none,0
2025-03-23 21:00:00,AWS_005,21.88269417869204,1006.8193839978887,95.33390124387542,none,0
2025-03-23 22:00:00,AWS_005,21.598262849199852,1005.7301466419558,96.13037849792497,none,0
2025-03-23 23:00:00,AWS_005,20.630385111969293,1006.7669506812961,94.76520296534555,none,0
2025-03-24 00:00:00,AWS_005,20.073280006575523,1006.2881750159189,95.71206135809228,none,0
2025-03-24 01:00:00,AWS_005,20.24442287176604,1005.755669550294,98.34643135756744,none,0
2025-03-24 02:00:00,AWS_005,20.824480497762483,1006.2378937311145,98.77380853999941,none,0
2025-03-24 03:00:00,AWS_005,22.186642703535743,1006.9147405554058,92.77890037279705,none,0
2025-03-24 04:00:00,AWS_005,23.988107653080725,1006.9328341403025,89.61086842998544,none,0
2025-03-24 05:00:00,AWS_005,25.63143335529099,1007.4630898874605,92.88252753461352,none,0
2025-03-24 06:00:00,AWS_005,25.715213190488363,1007.5720248349985,100.0,none,0
2025-03-24 07:00:00,AWS_005,27.893218636027992,1007.9339468300814,86.54782627905841,none,0
2025-03-24 08:00:00,AWS_005,29.158950444003136,1008.1142430224143,86.64663559931253,none,0
2025-03-24 09:00:00,AWS_005,39.843322969593046,996.8849112908189,98.0,multivariate_inconsistent,1
2025-03-24 10:00:00,AWS_005,32.075641128631126,1008.5273163378665,84.03057069980754,none,0
2025-03-24 11:00:00,AWS_005,31.88221345238029,1008.3363122749495,81.13538593608558,none,0
2025-03-24 12:00:00,AWS_005,32.515500721167584,1008.8473192039881,86.75967705550428,none,0
2025-03-24 13:00:00,AWS_005,32.216052460828124,1008.8788983001646,82.88216288594273,none,0
2025-03-24 14:00:00,AWS_005,31.36739032799208,1008.8263343475973,87.34448549158769,none,0
2025-03-24 15:00:00,AWS_005,31.513126212087556,1008.3763599704463,86.01722530232256,none,0
2025-03-24 16:00:00,AWS_005,29.49171820093858,1008.0225939852205,85.34940945079249,none,0
2025-03-24 17:00:00,AWS_005,28.584983897123944,1007.9327026919511,90.89452548605324,none,0
2025-03-24 18:00:00,AWS_005,26.26174266319828,1007.2418955098964,89.63708084157233,none,0
2025-03-24 19:00:00,AWS_005,24.55528060251685,1007.4431550776618,88.68520420641687,none,0
2025-03-24 20:00:00,AWS_005,23.62914697910267,1007.169995628173,92.9547273269205,none,0
2025-03-24 21:00:00,AWS_005,21.89633719754122,1006.5519501786667,98.39689972210144,none,0
2025-03-24 22:00:00,AWS_005,21.77129398709761,1006.3436629903105,98.41394064750463,none,0
2025-03-24 23:00:00,AWS_005,20.880310385117077,1006.4258977748548,94.61431491785828,none,0
2025-03-25 00:00:00,AWS_005,20.71168908721191,1005.6790766327836,98.1699628421095,none,0
2025-03-25 01:00:00,AWS_005,20.46846050692677,1006.4653483873658,95.05209418148094,none,0
2025-03-25 02:00:00,AWS_005,21.461413949305733,1006.9219953388726,95.64095614985533,none,0
2025-03-25 03:00:00,AWS_005,22.198466964186707,1007.2610156569226,89.8871787050636,none,0
2025-03-25 04:00:00,AWS_005,23.623212005741898,1006.4611058844877,92.76638394175204,none,0
2025-03-25 05:00:00,AWS_005,24.51004879079299,1007.1808871942169,87.54589940496386,none,0
2025-03-25 06:00:00,AWS_005,26.691517459942585,1007.6509629964421,88.21658307499904,none,0
2025-03-25 07:00:00,AWS_005,27.405356917204486,1008.432913308153,90.42661096932781,none,0
2025-03-25 08:00:00,AWS_005,29.864223917453533,1008.4700749228493,90.18871287548276,none,0
2025-03-25 09:00:00,AWS_005,31.247489034027087,1008.1423022198483,84.10558152183046,none,0
2025-03-25 10:00:00,AWS_005,31.751660415822595,1008.3069446757838,85.86114542234095,none,0
2025-03-25 11:00:00,AWS_005,32.64317708067402,1008.2609307818611,88.50314236763887,none,0
2025-03-25 12:00:00,AWS_005,33.00408581311152,1008.871747193873,81.16949716095765,none,0
2025-03-25 13:00:00,AWS_005,32.589771045287584,1008.424600946195,82.57998672481688,none,0
2025-03-25 14:00:00,AWS_005,31.774561895708462,1009.0490219710704,91.23421948829412,none,0
2025-03-25 15:00:00,AWS_005,30.348621470401152,1008.588025957231,89.55464754845347,none,0
2025-03-25 16:00:00,AWS_005,30.248448717191614,1008.2278161680787,90.38016362696516,none,0
2025-03-25 17:00:00,AWS_005,27.876675580604097,1007.4123282268794,88.39955043121837,none,0
2025-03-25 18:00:00,AWS_005,26.29124042532137,1007.9155601266515,87.23763920350943,none,0
2025-03-25 19:00:00,AWS_005,25.49198122160352,1007.1720699214201,89.79974318112298,none,0
2025-03-25 20:00:00,AWS_005,23.70096514712462,1007.2417380587063,90.25507441364296,none,0
2025-03-25 21:00:00,AWS_005,21.88712071739328,1006.8784167045695,92.02346719899022,none,0
2025-03-25 22:00:00,AWS_005,21.277755191423648,1006.5437575829282,92.3898397312495,none,0
2025-03-25 23:00:00,AWS_005,21.088032186146954,1006.1531456582707,94.43802463982401,none,0
2025-03-26 00:00:00,AWS_005,21.129656383361652,1006.0572367235167,90.85410128241342,none,0
2025-03-26 01:00:00,AWS_005,20.82854068937179,1006.9049766961888,94.5483802351197,none,0
2025-03-26 02:00:00,AWS_005,21.30142666823423,1006.5555510005535,98.50209815206642,none,0
2025-03-26 03:00:00,AWS_005,22.392819882737392,1007.3130687889628,99.63061738257058,drift,1
2025-03-26 04:00:00,AWS_005,22.957825167491183,1007.3855078519182,86.74514838399703,drift,1
2025-03-26 05:00:00,AWS_005,25.077452377054552,1008.2559859235355,87.85866828653843,drift,1
2025-03-26 06:00:00,AWS_005,26.29984884539004,1009.0541964466465,91.11440848269291,drift,1
2025-03-26 07:00:00,AWS_005,28.527496947729652,1009.3584896621159,86.65259879303596,drift,1
2025-03-26 08:00:00,AWS_005,28.816514371265857,1010.7974272287988,89.23604174459314,drift,1
2025-03-26 09:00:00,AWS_005,30.47991669394335,1010.910906722378,81.52683736406608,drift,1
2025-03-26 10:00:00,AWS_005,31.28079053410194,1011.7920563599198,86.65331370667683,drift,1
2025-03-26 11:00:00,AWS_005,32.32132313558098,1011.9435637495889,84.041865584493,drift,1
2025-03-26 12:00:00,AWS_005,33.41462234484907,1012.3899429019804,85.09846680659254,drift,1
2025-03-26 13:00:00,AWS_005,32.09245087113361,1012.6506694890979,88.22969699599547,drift,1
2025-03-26 14:00:00,AWS_005,31.53276634820321,1012.4800163331664,87.0202039456751,drift,1
2025-03-26 15:00:00,AWS_005,30.84790529888613,1012.9148660359948,84.08697400476413,drift,1
2025-03-26 16:00:00,AWS_005,29.832503520959108,1013.1464120718199,88.21859066140124,drift,1
2025-03-26 17:00:00,AWS_005,27.803430690494885,1012.8860264537857,88.47972457572247,drift,1
2025-03-26 18:00:00,AWS_005,27.202186638173206,1013.1854276652174,85.90832701262627,drift,1
2025-03-26 19:00:00,AWS_005,24.965677712087384,1013.0109559405515,96.10069154722119,drift,1
2025-03-26 20:00:00,AWS_005,23.251171772405524,1013.3738612632366,94.68235569556937,drift,1
2025-03-26 21:00:00,AWS_005,21.851485648685017,1013.0819579067519,97.07440491730115,drift,1
2025-03-26 22:00:00,AWS_005,20.896793566532672,1014.0654443793588,93.42598348006621,drift,1
2025-03-26 23:00:00,AWS_005,20.478687280111096,1013.963880211937,95.50401928025983,drift,1
2025-03-27 00:00:00,AWS_005,20.882605027797336,1013.8017241005533,93.23097024903014,drift,1
2025-03-27 01:00:00,AWS_005,20.871661593046166,1014.2793327590653,97.76801164916354,drift,1
2025-03-27 02:00:00,AWS_005,21.714903288115057,1014.8734196794716,93.85600449678256,drift,1
2025-03-27 03:00:00,AWS_005,22.353951753411643,1015.7396132374297,96.44360196437603,drift,1
2025-03-27 04:00:00,AWS_005,23.39639634838208,1016.1650065433765,92.52274419445084,drift,1
2025-03-27 05:00:00,AWS_005,24.478963543337862,1017.1674605939244,90.75641086295161,drift,1
2025-03-27 06:00:00,AWS_005,26.348170866148994,1017.6889076391388,87.27488906100426,drift,1
2025-03-27 07:00:00,AWS_005,28.439371737224413,1018.2676993333902,93.60630113839689,drift,1
2025-03-27 08:00:00,AWS_005,30.15688006336774,1019.1298937595644,84.66056993165336,drift,1
2025-03-27 09:00:00,AWS_005,30.419378750426457,1008.2737594253989,87.63572476541538,none,0
2025-03-27 10:00:00,AWS_005,31.871038094722635,1008.6811660096026,86.9430045179549,none,0
2025-03-27 11:00:00,AWS_005,32.61025570918337,1009.0947926704974,82.26220889116676,none,0
2025-03-27 12:00:00,AWS_005,31.846998028322023,1008.2959308925668,86.00326471437062,none,0
2025-03-27 13:00:00,AWS_005,32.92756139860479,1008.834929278021,83.44382234899017,none,0
2025-03-27 14:00:00,AWS_005,32.318157456985766,1008.2468969222117,84.81726201546752,none,0
2025-03-27 15:00:00,AWS_005,31.431776909578623,1008.5697719615057,82.98723050208561,none,0
2025-03-27 16:00:00,AWS_005,30.99270725997506,1008.5302376112628,85.32793050833047,none,0
2025-03-27 17:00:00,AWS_005,27.84918168139018,1007.7487965826393,89.0298877772905,none,0
2025-03-27 18:00:00,AWS_005,26.223022077013493,1007.8530730826811,85.09312385480645,none,0
2025-03-27 19:00:00,AWS_005,24.744922095841343,1007.103545250419,90.05271279738474,none,0
2025-03-27 20:00:00,AWS_005,24.06034715668132,1007.0234554915306,96.38635510567329,frozen,1
2025-03-27 21:00:00,AWS_005,24.06034715668132,1007.0234554915306,96.38635510567329,frozen,1
2025-03-27 22:00:00,AWS_005,24.06034715668132,1007.0234554915306,96.38635510567329,frozen,1
2025-03-27 23:00:00,AWS_005,24.06034715668132,1007.0234554915306,96.38635510567329,frozen,1
2025-03-28 00:00:00,AWS_005,24.06034715668132,1007.0234554915306,96.38635510567329,frozen,1
2025-03-28 01:00:00,AWS_005,24.06034715668132,1007.0234554915306,96.38635510567329,frozen,1
2025-03-28 02:00:00,AWS_005,24.06034715668132,1007.0234554915306,96.38635510567329,frozen,1
2025-03-28 03:00:00,AWS_005,24.06034715668132,1007.0234554915306,96.38635510567329,frozen,1
2025-03-28 04:00:00,AWS_005,23.58267046981932,1007.5571185824905,90.47907904833386,none,0
2025-03-28 05:00:00,AWS_005,24.63417986209365,1007.5596319957451,89.55579428952757,none,0
2025-03-28 06:00:00,AWS_005,26.349265728440372,1007.6413105428389,86.05134980470675,none,0
2025-03-28 07:00:00,AWS_005,27.500275974682225,1008.0844034759707,86.40029593948289,none,0
2025-03-28 08:00:00,AWS_005,30.300400678370867,1008.7255939500554,84.93949944730628,none,0
2025-03-28 09:00:00,AWS_005,31.09825866985333,1008.8875565192135,86.18047581814989,none,0
2025-03-28 10:00:00,AWS_005,32.086844887601636,1008.9321268093241,85.93502184229136,none,0
2025-03-28 11:00:00,AWS_005,32.554129553268474,1009.046840991889,83.25575463729788,none,0
2025-03-28 12:00:00,AWS_005,33.011964046560635,1008.8542509904506,81.41338680096285,none,0
2025-03-28 13:00:00,AWS_005,32.703130903158645,1008.7838108998646,91.54400242340134,none,0
2025-03-28 14:00:00,AWS_005,31.176297157547552,1009.0959223937456,85.18217380896826,none,0
2025-03-28 15:00:00,AWS_005,30.19380254032531,1008.9246490745771,82.022648477416,none,0
2025-03-28 16:00:00,AWS_005,29.531791556868725,1008.5277129549214,93.85072879011415,none,0
2025-03-28 17:00:00,AWS_005,28.083419307377536,1008.2234762539105,84.27094578133072,none,0
2025-03-28 18:00:00,AWS_005,27.04560678752349,1007.8280939663896,93.48000502829377,none,0
2025-03-28 19:00:00,AWS_005,25.165869540201445,1007.6041401982413,94.83114956067453,none,0
2025-03-28 20:00:00,AWS_005,24.074435823742537,1007.3931530159916,97.78064927174144,none,0
2025-03-28 21:00:00,AWS_005,22.496749406775663,1006.730355323391,89.48189166983487,none,0
2025-03-28 22:00:00,AWS_005,21.49604492787788,1006.1518999593492,91.0324117571118,none,0
2025-03-28 23:00:00,AWS_005,20.39862755068745,1006.9355009852353,91.19837825685974,none,0
2025-03-29 00:00:00,AWS_005,20.42794403202903,1006.8176177488316,99.12824330283007,none,0
2025-03-29 01:00:00,AWS_005,20.663947326515828,1007.0204467626238,94.09265009317218,none,0
2025-03-29 02:00:00,AWS_005,21.751020175627744,1006.7353336963117,87.51349423316834,none,0
2025-03-29 03:00:00,AWS_005,22.606035865419464,1006.9162315645018,95.3939252276816,none,0
2025-03-29 04:00:00,AWS_005,23.513791666606984,1007.7496828167842,100.0,none,0
2025-03-29 05:00:00,AWS_005,25.58110337116626,1007.4725524559004,91.06326213064573,none,0
2025-03-29 06:00:00,AWS_005,27.192642715367246,1007.9301797300636,92.23506299639558,none,0
2025-03-29 07:00:00,AWS_005,28.112698743182456,1008.7707585217453,93.01550922009183,none,0
2025-03-29 08:00:00,AWS_005,29.98152273593637,1008.7354249702211,84.3790713035618,none,0
2025-03-29 09:00:00,AWS_005,31.61740694939729,1008.5621825823864,86.96482734908584,none,0
2025-03-29 10:00:00,AWS_005,32.75299443857511,1008.6622484865458,82.59102018235495,none,0
2025-03-29 11:00:00,AWS_005,32.45568157846541,1009.175479186402,85.60033012705618,none,0
2025-03-29 12:00:00,AWS_005,33.14535450760155,1008.7969657978982,88.5680015627391,none,0
2025-03-29 13:00:00,AWS_005,33.021845466353085,969.3928067338497,91.53925179331733,spike,1
2025-03-29 14:00:00,AWS_005,31.100469051144422,1009.1764830156947,82.73367937031688,none,0
2025-03-29 15:00:00,AWS_005,30.59631134690593,1008.4469437052272,92.64516639926529,none,0
2025-03-29 16:00:00,AWS_005,30.145805008316685,1008.7762397745817,85.83048752990625,none,0
2025-03-29 17:00:00,AWS_005,28.597252653914037,1008.8580692709065,91.84682582653087,none,0
2025-03-29 18:00:00,AWS_005,26.79255390071899,1007.6095099251294,88.42707579103465,none,0
2025-03-29 19:00:00,AWS_005,25.172585952143276,1007.3578414317143,94.38683141058074,none,0
2025-03-29 20:00:00,AWS_005,23.680978535218944,1006.9081113444232,90.36061274440945,none,0
2025-03-29 21:00:00,AWS_005,21.9016245732717,1006.7912389760286,93.14480884955759,none,0
2025-03-29 22:00:00,AWS_005,21.427072953366533,1006.6386324628332,94.894545633133,none,0
2025-03-29 23:00:00,AWS_005,21.757837451869595,1006.6718241949155,95.17324860012299,none,0
2025-03-30 00:00:00,AWS_005,20.945121850372164,1005.7360020438011,97.06164783188193,none,0
2025-03-30 01:00:00,AWS_005,21.56740290265419,1006.5893413806375,97.74761934138408,none,0
2025-03-30 02:00:00,AWS_005,21.251064296575112,1007.3105827634612,95.68607376877408,none,0
2025-03-30 03:00:00,AWS_005,22.706121667590814,1007.0856084671213,94.596611180621,none,0
2025-03-30 04:00:00,AWS_005,24.038701080789938,1007.6305164413943,93.92977504573757,none,0
2025-03-30 05:00:00,AWS_005,25.585211652210408,1007.4940360045862,94.43127402570668,none,0
2025-03-30 06:00:00,AWS_005,26.919068011546308,1007.8428436874865,88.35817840186257,none,0
2025-03-30 07:00:00,AWS_005,28.38006831353173,1008.4495646007807,89.76326855274829,none,0
2025-03-30 08:00:00,AWS_005,30.39272029072276,1008.180900156992,88.11785089045503,none,0
2025-03-30 09:00:00,AWS_005,30.84897724119051,1008.3202890775422,85.7898332084206,none,0
2025-03-30 10:00:00,AWS_005,33.008559945373804,1008.7119631413659,84.81540837562868,none,0
2025-03-30 11:00:00,AWS_005,32.99941301656916,1008.6984743923997,82.46396884332111,none,0
2025-03-30 12:00:00,AWS_005,32.891591943671216,1009.111489914013,81.26443531954405,none,0
2025-03-30 13:00:00,AWS_005,32.98905314865581,1009.2784229799217,81.8119001805916,none,0
2025-03-30 14:00:00,AWS_005,32.17716138644458,1008.8374264548708,91.66086560819446,none,0
2025-03-30 15:00:00,AWS_005,31.33617011358168,1008.5595559034848,80.19616563549889,none,0
2025-03-30 16:00:00,AWS_005,29.465179471537635,1008.3590451713412,85.84851249694023,none,0
2025-03-30 17:00:00,AWS_005,28.651936623472086,1008.5589152002093,88.91367314934544,none,0
2025-03-30 18:00:00,AWS_005,27.045490025738054,1007.3906678100935,91.59225427332575,none,0
2025-03-30 19:00:00,AWS_005,25.88283184005268,1007.4383218232235,93.22724440438168,none,0
2025-03-30 20:00:00,AWS_005,23.941811303099154,1006.734768319466,89.09258443958736,none,0
2025-03-30 21:00:00,AWS_005,22.22069709817843,1007.1799664344137,94.76309920971298,none,0
2025-03-30 22:00:00,AWS_005,21.984055515111425,1006.9236748754467,86.05208133701008,none,0
2025-03-30 23:00:00,AWS_005,21.49915357825578,1006.5619467981942,92.23893081537403,none,0
2025-03-31 00:00:00,AWS_005,19.723868308655717,1006.9274642354357,97.08725065929957,none,0
2025-03-31 01:00:00,AWS_005,21.04575656166579,1006.979581770648,96.28605402045393,none,0
2025-03-31 02:00:00,AWS_005,21.88561106984674,1006.5985616483125,95.0598970671125,none,0
2025-03-31 03:00:00,AWS_005,22.02506805260356,1006.9310751482894,91.56992910026753,none,0
2025-03-31 04:00:00,AWS_005,24.071990917586184,1007.1898653248288,97.44214057392432,none,0
2025-03-31 05:00:00,AWS_005,25.263492554231053,1007.2638916214588,92.57555577674522,none,0
2025-03-31 06:00:00,AWS_005,27.50146595423178,1008.1398537970202,86.8156155520567,none,0
2025-03-31 07:00:00,AWS_005,28.01490279053326,1007.5798258689025,84.23252376119792,none,0
2025-03-31 08:00:00,AWS_005,30.190632480713724,1009.1936872254578,88.14976050481907,none,0
2025-03-31 09:00:00,AWS_005,31.639516425032323,1008.799332864573,80.23548856150154,none,0
2025-03-31 10:00:00,AWS_005,,,,dropout,1
2025-03-31 11:00:00,AWS_005,,,,dropout,1
2025-03-31 12:00:00,AWS_005,,,,dropout,1
2025-03-31 13:00:00,AWS_005,32.53212820350193,969.1135715274477,85.62545479130704,spike,1
2025-03-31 14:00:00,AWS_005,32.04368325759787,1009.3019514521933,85.85148377592245,none,0
2025-03-31 15:00:00,AWS_005,30.333294691205726,1009.0283973289862,87.07401409226335,none,0
2025-03-31 16:00:00,AWS_005,29.657049570053466,1008.290502144077,88.54049752090312,none,0
2025-03-31 17:00:00,AWS_005,28.28682887530518,1008.3094292332801,91.32791991833155,none,0
2025-03-31 18:00:00,AWS_005,27.192573934330607,1007.687445823254,86.36176076703691,none,0
2025-03-31 19:00:00,AWS_005,26.16441045898756,1007.2115897651236,86.52295955507519,none,0
2025-03-31 20:00:00,AWS_005,23.87487466685428,1007.3092348572732,93.88671772954899,none,0
2025-03-31 21:00:00,AWS_005,22.727004631633495,1007.3610449205972,93.9889454680308,none,0
2025-03-31 22:00:00,AWS_005,21.78543804591061,1006.9093447251008,93.18765920949353,none,0
2025-03-31 23:00:00,AWS_005,20.682263404402846,1006.6220217774633,93.73641280543396,none,0
